# FreeCAD v1.0 build0 Arch module
# https://www.freecad.org
mtllib Башня.mtl
o texturedMesh
usemtl color_adb5bd
v -0.287763 2.311656 -0.328198
v -0.271183 2.656878 -0.303654
v -0.245713 2.735297 -0.097975
v -0.208781 2.285373 -0.407568
v -0.357544 2.796733 -0.193718
v -0.154522 2.735172 -0.184216
v -0.337851 2.288513 -0.00241
v -0.297218 2.361484 -0.308633
v -0.282815 2.733589 -0.093175
v -0.167649 2.773989 -0.238412
v -0.168596 2.631716 -0.158178
v -0.378588 2.426354 -0.147965
v -0.258732 2.562261 -0.305865
v -0.337582 2.743535 -0.282759
v -0.331422 2.540135 -0.296225
v -0.347675 2.585337 -0.12679
v -0.297941 2.664851 -0.095727
v -0.215581 2.288999 -0.431302
v -0.172945 2.277215 -0.331522
v -0.280722 2.849252 -0.303095
v -0.162016 2.854737 -0.19345
v -0.137743 2.276425 -0.370015
v -0.224158 2.284279 -0.370826
v -0.178185 2.389514 -0.168989
v -0.175697 2.696382 -0.14302
v -0.10321 2.277337 -0.244585
v -0.162097 2.808837 -0.246064
v -0.159337 2.797121 -0.180819
v -0.209285 2.91011 -0.260209
v -0.200619 2.281471 -0.34364
v -0.166274 2.665725 -0.172287
v -0.335151 2.75746 -0.133393
v -0.187846 2.534302 -0.142787
v -0.202164 2.658063 -0.122385
v -0.310852 2.532437 -0.095718
v -0.263667 2.660557 -0.102255
v -0.338347 2.714885 -0.119754
v -0.061085 2.278509 -0.216661
v -0.062549 2.279068 -0.222174
v -0.064242 2.271029 -0.169978
v -0.081083 2.276671 -0.179805
v -0.162873 2.798765 -0.239298
v -0.179097 2.677982 -0.143185
v -0.196632 2.821441 -0.284651
v -0.198171 2.677235 -0.127745
v -0.198233 2.677268 -0.127782
v -0.198269 2.677287 -0.127804
v -0.220819 2.867743 -0.119647
v -0.263834 2.650029 -0.099316
v -0.263851 2.650018 -0.099306
v -0.232902 2.83131 -0.098245
v -0.376564 2.663134 -0.217389
v -0.119757 2.277794 -0.055829
v -0.223796 2.351043 -0.107523
v -0.219301 2.320702 -0.106828
v -0.211333 2.443188 -0.120944
v -0.398151 2.309369 -0.114464
v -0.174063 2.50461 -0.186963
v -0.314944 2.906405 -0.135199
v -0.251849 3.129915 -0.190043
v -0.371505 2.614389 -0.249618
v -0.279015 2.845586 -0.092452
v -0.183069 2.87462 -0.157007
v -0.271563 2.968144 -0.172068
v -0.245977 3.178338 -0.204458
v -0.249768 3.185272 -0.20812
v -0.334286 2.818892 -0.270799
v -0.344469 2.868436 -0.239345
v -0.222539 2.969324 -0.202768
v -0.161899 2.825135 -0.243921
v -0.206648 2.928422 -0.197664
v -0.272961 2.719938 -0.307737
v -0.283181 2.659168 -0.30492
v -0.324279 2.871286 -0.267537
v -0.319897 2.859768 -0.278514
v -0.318854 2.859421 -0.280513
v -0.321009 2.860209 -0.278596
v -0.38488 2.436631 -0.176305
v -0.30664 2.83812 -0.301733
v -0.273175 3.032338 -0.216211
v -0.24556 3.029434 -0.176524
v -0.259819 3.08882 -0.187738
v -0.221224 3.016265 -0.197521
v -0.280203 3.008359 -0.176038
v -0.245924 3.030271 -0.229286
v -0.254 2.989207 -0.168601
v -0.385154 2.507775 -0.21385
v -0.197558 2.915147 -0.172497
v -0.388361 2.437425 -0.195253
v -0.317174 2.571254 -0.304656
v -0.320871 2.570753 -0.302433
v -0.348618 2.706319 -0.266044
v -0.373132 2.743007 -0.189112
v -0.315596 2.526546 -0.302229
v -0.353732 2.481559 -0.278476
v -0.35695 2.734632 -0.134876
v -0.372557 2.660122 -0.171178
v -0.381514 2.332375 -0.139648
v -0.344111 2.307329 -0.071533
v -0.354826 2.311956 -0.097152
v -0.425693 2.306247 -0.150121
v -0.13238 2.275568 -0.244384
v -0.364177 2.337114 -0.278545
v -0.382574 2.571078 -0.213638
v -0.375761 2.291054 -0.366379
v -0.419836 2.297657 -0.387246
v -0.481767 2.295638 -0.274073
v -0.252635 2.302886 -0.345079
v -0.218562 2.371994 -0.285912
v -0.172671 2.886356 -0.198074
v -0.439588 2.295849 -0.29917
v -0.276977 2.312655 -0.326376
v -0.166598 2.276162 -0.372372
v -0.161283 2.278494 -0.382028
v -0.106136 2.277841 -0.350884
v -0.174019 2.281689 -0.391061
v -0.134061 2.279345 -0.379513
v -0.191392 2.291945 -0.31825
v -0.333451 2.299195 -0.356204
v -0.333442 2.299204 -0.356214
v -0.333465 2.299182 -0.356188
v -0.333433 2.299213 -0.356224
v -0.057521 2.276563 -0.18807
v -0.099155 2.274528 -0.158416
v -0.110186 2.279685 -0.37709
v -0.080689 2.279464 -0.337879
v -0.152934 2.274364 -0.333781
v -0.133964 2.275606 -0.230664
v -0.138903 2.278401 -0.307171
v -0.200097 2.279904 -0.057575
v -0.119558 2.274856 -0.235746
v -0.052909 2.279124 -0.200412
v -0.079243 2.279906 -0.264215
v -0.140277 2.277652 -0.359818
v -0.193662 2.327285 -0.266517
v -0.143204 2.281078 -0.230707
v -0.114319 2.276521 -0.361228
v -0.143083 2.2798 -0.313603
v -0.301541 2.292546 -0.362681
v -0.283838 2.288669 -0.375419
v -0.157952 2.298558 -0.23986
v -0.422653 2.295873 -0.329426
v -0.15118 2.278145 -0.347504
v -0.334036 2.299716 -0.351084
v -0.239734 2.678293 -0.306956
v -0.148845 2.282164 -0.245393
v -0.211286 2.302147 -0.322185
v -0.214492 2.282304 -0.379271
v -0.166173 2.27396 -0.341708
v -0.159584 2.276319 -0.348949
v -0.152562 2.291785 -0.229467
v -0.134718 2.276307 -0.202739
v -0.074926 2.277387 -0.224365
v -0.074956 2.277371 -0.224368
v -0.074882 2.277412 -0.224363
v -0.116788 2.278844 -0.190964
v -0.057558 2.278 -0.23635
v -0.0581 2.278819 -0.209703
v -0.120939 2.274352 -0.226845
v -0.075511 2.280172 -0.297613
v -0.05802 2.279094 -0.203923
v -0.132247 2.275237 -0.279578
v -0.111928 2.277146 -0.343971
v -0.111493 2.277272 -0.34207
v -0.115488 2.278536 -0.280528
v -0.107425 2.277319 -0.255705
v -0.05732 2.278627 -0.195816
v -0.167631 2.738499 -0.25776
v -0.084371 2.279358 -0.32758
v -0.057719 2.279719 -0.199648
v -0.059778 2.279227 -0.199678
v -0.161888 2.744398 -0.191932
v -0.125754 2.281545 -0.187427
v -0.153089 2.280674 -0.062192
v -0.154835 2.278349 -0.109483
v -0.09651 2.274871 -0.194249
v -0.130138 2.277529 -0.222165
v -0.130173 2.277687 -0.221993
v -0.25211 2.697479 -0.096064
v -0.191975 2.834227 -0.118235
v -0.227025 2.297013 -0.061448
v -0.227152 2.297131 -0.061201
v -0.225439 2.295331 -0.059658
v -0.254054 2.303648 -0.069413
v -0.062251 2.275012 -0.158758
v -0.1744 2.281578 -0.085651
v -0.32204 2.288344 -0.050511
v -0.278763 2.300703 -0.061352
v -0.2736 2.282893 0.017288
v -0.316593 2.285871 -0.012621
v -0.289305 2.285441 -0.018853
v -0.284191 2.284272 -0.029526
v -0.342243 2.289836 -0.048473
v -0.272556 2.286657 -0.002872
v -0.294269 2.289024 -0.049612
v -0.116466 2.275558 -0.245732
v -0.108306 2.276481 -0.247462
v -0.224126 2.310941 -0.092387
v -0.123511 2.280581 -0.094749
v -0.185214 2.283537 -0.077517
v -0.276446 2.28957 -0.044149
v -0.164555 2.27884 -0.052374
v -0.164445 2.277872 -0.054414
v -0.153224 2.296018 -0.196783
v -0.155039 2.280474 -0.022925
v -0.205052 2.29299 -0.075646
v -0.142758 2.278432 -0.129221
v -0.142586 2.278522 -0.130081
v -0.143606 2.278577 -0.129995
v -0.157432 2.281073 -0.037305
v -0.177925 2.446391 -0.167555
v -0.141365 2.286751 -0.149603
v -0.170774 2.315671 -0.192789
v -0.162805 2.289455 -0.120675
v -0.12976 2.27988 -0.101123
v -0.112936 2.276866 -0.067122
v -0.1199 2.278822 -0.044443
v -0.104371 2.276022 -0.067012
v -0.095292 2.277279 -0.062386
v -0.082844 2.27977 -0.10683
v -0.07663 2.274108 -0.145266
v -0.075617 2.276008 -0.130992
v -0.221794 2.753628 -0.295782
v -0.158943 2.703887 -0.176284
v -0.346083 2.539351 -0.123005
v -0.140492 2.278324 -0.237791
v -0.166836 2.58679 -0.209249
v -0.166466 2.653675 -0.227969
v -0.172969 2.730981 -0.142182
v -0.161882 2.744394 -0.191926
v -0.165088 2.638037 -0.227455
v -0.155969 2.728753 -0.172927
v -0.155813 2.728267 -0.173782
v -0.203799 2.84849 -0.115893
v -0.215629 2.853948 -0.113552
v -0.228062 2.594612 -0.100651
v -0.162717 2.704742 -0.164064
v -0.173187 2.495171 -0.229218
v -0.162963 2.617271 -0.180926
v -0.170089 2.578198 -0.196071
v -0.169191 2.579129 -0.196833
v -0.170056 2.557971 -0.188887
v -0.174742 2.526774 -0.241809
v -0.177619 2.519399 -0.250492
v -0.17646 2.622665 -0.148479
v -0.20045 2.448902 -0.136897
v -0.169942 2.549994 -0.228646
v -0.234214 2.498944 -0.300785
v -0.352377 2.620345 -0.273545
v -0.195722 2.367588 -0.14031
v -0.170052 2.587827 -0.172803
v -0.163881 2.679301 -0.165154
v -0.166823 2.663387 -0.168166
v -0.1709 2.546383 -0.18667
v -0.180446 2.878513 -0.247354
v -0.29245 2.756375 -0.102193
v -0.180657 2.824071 -0.138049
v -0.24652 2.75323 -0.106813
v -0.357485 2.743685 -0.138942
v -0.364978 2.500307 -0.134916
v -0.255855 2.543657 -0.097142
v -0.170649 2.574845 -0.191483
v -0.170921 2.580201 -0.193543
v -0.170562 2.580298 -0.16451
v -0.357518 2.680016 -0.137671
v -0.357221 2.372562 -0.122359
v -0.302496 2.442531 -0.095637
v -0.216903 2.416698 -0.112733
v -0.205583 2.51493 -0.122848
v -0.234004 2.524933 -0.300307
v -0.377334 2.483177 -0.149485
v -0.379011 2.48719 -0.150644
v -0.388136 2.400783 -0.156725
v -0.181305 2.402623 -0.245222
v -0.199727 2.492703 -0.130421
v -0.267694 2.36201 -0.093948
v -0.379804 2.432657 -0.159196
v -0.340976 2.673871 -0.125852
v -0.314483 2.640942 -0.098966
v -0.239926 2.815489 -0.10133
v -0.340169 2.744355 -0.124378
v -0.270586 2.485633 -0.096472
v -0.204294 2.67609 -0.116949
v -0.369326 2.657227 -0.152015
v -0.364366 2.651501 -0.143343
v -0.323762 2.485483 -0.099374
v -0.197472 2.64096 -0.126835
v -0.192191 2.646641 -0.137988
v -0.204357 2.582391 -0.122776
v -0.237044 2.563951 -0.098856
v -0.205398 2.639971 -0.117204
v -0.341041 2.565209 -0.119725
v -0.221514 2.453171 -0.107114
v -0.219929 2.382508 -0.111078
v -0.192695 2.464151 -0.140124
v -0.329619 2.347691 -0.098743
v -0.29146 2.565739 -0.093402
v -0.240044 2.580853 -0.098576
v -0.316845 2.523503 -0.096805
v -0.244509 2.481967 -0.097833
v -0.355687 2.599326 -0.267082
v -0.330503 2.692156 -0.113863
v -0.212635 2.58446 -0.114131
v -0.229383 2.518194 -0.10175
v -0.263787 2.650019 -0.099313
v -0.318963 2.792886 -0.122479
v -0.22821 2.462111 -0.103537
v -0.311765 2.766478 -0.116184
v -0.369901 2.719167 -0.161391
v -0.355269 2.395852 -0.12265
v -0.300267 2.427414 -0.093801
v -0.346673 2.285825 -0.020049
v -0.268184 2.444843 -0.099059
v -0.306507 2.565068 -0.095151
v -0.278364 2.693875 -0.093844
v -0.365339 2.476748 -0.136408
v -0.317564 2.450099 -0.103103
v -0.277447 2.353452 -0.093088
v -0.298941 2.554928 -0.093523
v -0.255914 2.703895 -0.095975
v -0.267475 2.291234 -0.048556
v -0.243981 2.346212 -0.096192
v -0.30182 2.317681 -0.08148
v -0.208314 2.342337 -0.126745
v -0.261145 2.64514 -0.09643
v -0.169528 2.308562 -0.151583
v -0.240291 2.548 -0.098099
v -0.33425 2.417556 -0.105551
v -0.221814 2.759826 -0.10966
v -0.256377 2.708645 -0.095936
v -0.264809 2.753802 -0.104783
v -0.189528 2.625611 -0.132354
v -0.342259 2.500456 -0.116541
v -0.180633 2.681791 -0.136549
v -0.163673 2.810444 -0.161981
v -0.209436 2.605068 -0.114974
v -0.218082 2.700958 -0.103723
v -0.233144 2.729897 -0.097057
v -0.199826 2.737061 -0.114771
v -0.209244 2.730368 -0.105088
v -0.244646 2.683009 -0.098615
v -0.290821 2.461989 -0.094703
v -0.258236 2.900797 -0.117762
v -0.23957 2.847466 -0.099858
v -0.241715 2.866266 -0.112592
v -0.210509 2.796638 -0.112257
v -0.21419 2.844472 -0.102626
v -0.209171 2.785 -0.115473
v -0.187498 2.853106 -0.134048
v -0.264718 2.810472 -0.099874
v -0.176553 2.854303 -0.151089
v -0.169251 2.842932 -0.150285
v -0.161421 2.83919 -0.160519
v -0.159431 2.833177 -0.162111
v -0.165803 2.858205 -0.173282
v -0.173532 2.866529 -0.170176
v -0.156176 2.820406 -0.174717
v -0.163257 2.699547 -0.239836
v -0.165637 2.752582 -0.170857
v -0.168321 2.836305 -0.149938
v -0.164082 2.815208 -0.160464
v -0.176616 2.794402 -0.149936
v -0.200436 2.770192 -0.125337
v -0.327892 2.904388 -0.25072
v -0.293566 2.904702 -0.133248
v -0.187703 2.773654 -0.141395
v -0.25028 2.959445 -0.168194
v -0.269854 3.009358 -0.168083
v -0.214427 2.930985 -0.180875
v -0.241478 2.928894 -0.254414
v -0.239368 2.931018 -0.15614
v -0.305884 2.840533 -0.100464
v -0.162526 2.753364 -0.205449
v -0.179002 2.905674 -0.216954
v -0.200003 2.869059 -0.133906
v -0.219859 2.909507 -0.14135
v -0.34714 2.862795 -0.159148
v -0.168853 2.882272 -0.209962
v -0.16784 2.88481 -0.210189
v -0.195015 2.904545 -0.151387
v -0.227099 2.92534 -0.155063
v -0.300374 2.846777 -0.098952
v -0.235658 2.879633 -0.116473
v -0.213195 2.822772 -0.105224
v -0.268101 2.887064 -0.115021
v -0.274503 2.82253 -0.096943
v -0.329639 2.851606 -0.122353
v -0.324278 2.82264 -0.121602
v -0.296245 2.816432 -0.102514
v -0.260116 2.941249 -0.157843
v -0.353493 2.794443 -0.244038
v -0.354808 2.803675 -0.243073
v -0.310255 2.872511 -0.12519
v -0.323462 2.848355 -0.116311
v -0.321174 2.828542 -0.117296
v -0.337884 2.820301 -0.133297
v -0.330486 2.888206 -0.150388
v -0.310543 2.913709 -0.147322
v -0.243263 3.084526 -0.185474
v -0.280633 2.952878 -0.173455
v -0.252709 3.167956 -0.196172
v -0.333697 2.457955 -0.108544
v -0.261636 3.02256 -0.172566
v -0.265639 3.050702 -0.180637
v -0.251747 3.041148 -0.177169
v -0.236804 2.963358 -0.174857
v -0.254457 3.113736 -0.188769
v -0.25762 3.120982 -0.19132
v -0.374856 2.733062 -0.187085
v -0.325302 2.916349 -0.178343
v -0.294222 2.936466 -0.172934
v -0.289675 2.926748 -0.153347
v -0.346284 2.889516 -0.187759
v -0.340754 2.90798 -0.193424
v -0.339272 2.879854 -0.162513
v -0.314406 2.927425 -0.193715
v -0.33317 2.901426 -0.172954
v -0.272081 2.937942 -0.158194
v -0.289525 2.948018 -0.175333
v -0.289235 2.955561 -0.181758
v -0.241742 2.950086 -0.165817
v -0.231382 2.934543 -0.164592
v -0.243556 3.022989 -0.174287
v -0.172579 2.896663 -0.206618
v -0.244647 3.171253 -0.19359
v -0.240454 3.161596 -0.198202
v -0.277178 3.056978 -0.199175
v -0.274818 3.051642 -0.193712
v -0.285666 2.958115 -0.180204
v -0.323511 2.917464 -0.218777
v -0.242002 3.18076 -0.202836
v -0.24894 3.172993 -0.194629
v -0.276532 3.007959 -0.231048
v -0.26676 3.113204 -0.199247
v -0.313977 2.926221 -0.185849
v -0.28292 3.018256 -0.211788
v -0.282911 3.01826 -0.211789
v -0.260865 2.950746 -0.162622
v -0.287316 2.981413 -0.189705
v -0.279185 3.027224 -0.190044
v -0.257433 3.069056 -0.1839
v -0.263484 3.07394 -0.210772
v -0.260509 3.121606 -0.206387
v -0.248847 3.189023 -0.208163
v -0.249642 3.184627 -0.197194
v -0.254791 3.145354 -0.206649
v -0.235762 2.855876 -0.301373
v -0.255516 3.125707 -0.215201
v -0.241918 3.163674 -0.195063
v -0.224516 3.022851 -0.19973
v -0.249447 3.083495 -0.18443
v -0.248509 2.904051 -0.119052
v -0.249426 3.100153 -0.189116
v -0.24338 3.080707 -0.185957
v -0.245541 3.084043 -0.185422
v -0.228699 3.004168 -0.176666
v -0.228651 2.948558 -0.175364
v -0.223611 3.009365 -0.184563
v -0.237386 3.048655 -0.183679
v -0.230709 3.02167 -0.221787
v -0.256463 3.108124 -0.189122
v -0.243203 3.098929 -0.192424
v -0.160278 2.691727 -0.198809
v -0.288301 2.961952 -0.189177
v -0.232152 3.054716 -0.21012
v -0.153556 2.825146 -0.187447
v -0.192308 2.912782 -0.225853
v -0.156375 2.823687 -0.213538
v -0.151557 2.839153 -0.197196
v -0.26493 2.862693 -0.110363
v -0.168952 2.889527 -0.210551
v -0.240932 3.106221 -0.194716
v -0.207838 2.918465 -0.16197
v -0.242327 3.132466 -0.20737
v -0.221751 2.980515 -0.20634
v -0.235224 3.044948 -0.18527
v -0.172115 2.872882 -0.230158
v -0.163105 2.856318 -0.22421
v -0.15862 2.826073 -0.223705
v -0.179878 2.899267 -0.229674
v -0.161921 2.730988 -0.250518
v -0.184702 2.609941 -0.266056
v -0.16828 2.658386 -0.217597
v -0.16906 2.656505 -0.215295
v -0.168469 2.655193 -0.214924
v -0.222523 2.930466 -0.239249
v -0.219957 2.953162 -0.210538
v -0.201379 2.923547 -0.187784
v -0.242981 2.936697 -0.247871
v -0.22626 2.94237 -0.233087
v -0.226607 2.943592 -0.233195
v -0.204365 2.922595 -0.223519
v -0.325005 2.908374 -0.250065
v -0.193587 2.671697 -0.135152
v -0.19195 2.673275 -0.136871
v -0.19122 2.674473 -0.135678
v -0.352516 2.761878 -0.247118
v -0.168497 2.649635 -0.246539
v -0.168171 2.777364 -0.244087
v -0.169299 2.618005 -0.2445
v -0.216168 2.557941 -0.289107
v -0.183073 2.742566 -0.272026
v -0.162629 2.744011 -0.217377
v -0.169539 2.696574 -0.254179
v -0.193149 2.807778 -0.279924
v -0.173831 2.877929 -0.234561
v -0.171773 2.85393 -0.255309
v -0.171778 2.853933 -0.255309
v -0.171722 2.853893 -0.255301
v -0.183424 2.849715 -0.276711
v -0.243577 2.871501 -0.293088
v -0.303484 2.764834 -0.296388
v -0.18959 2.523334 -0.262075
v -0.19796 2.888988 -0.269704
v -0.22698 2.839435 -0.308665
v -0.192571 2.838682 -0.286453
v -0.207354 2.897659 -0.27549
v -0.206829 2.733841 -0.296123
v -0.222217 2.87954 -0.286815
v -0.306576 2.641283 -0.305423
v -0.244663 2.775038 -0.301799
v -0.168191 2.560601 -0.20143
v -0.195403 2.752783 -0.276333
v -0.22306 2.85771 -0.295802
v -0.184281 2.78289 -0.267386
v -0.260597 2.616816 -0.306861
v -0.22127 2.670893 -0.298946
v -0.352601 2.823945 -0.249713
v -0.341405 2.624866 -0.285862
v -0.165543 2.771452 -0.223304
v -0.16411 2.741277 -0.162235
v -0.165071 2.680993 -0.241878
v -0.268336 2.579318 -0.305643
v -0.165058 2.67212 -0.240471
v -0.19371 2.646649 -0.272675
v -0.166153 2.689571 -0.248663
v -0.165696 2.651531 -0.167805
v -0.176526 2.667088 -0.260066
v -0.168091 2.572431 -0.212755
v -0.297775 2.530644 -0.30438
v -0.215107 2.604357 -0.292179
v -0.382611 2.464893 -0.166017
v -0.176834 2.421654 -0.232507
v -0.170366 2.524024 -0.223007
v -0.17097 2.580933 -0.243456
v -0.205807 2.405838 -0.277891
v -0.171209 2.576423 -0.186659
v -0.185819 2.450081 -0.258644
v -0.185401 2.473549 -0.259307
v -0.340989 2.427155 -0.295057
v -0.181073 2.417248 -0.243863
v -0.178124 2.382378 -0.167733
v -0.188013 2.30341 -0.296141
v -0.18301 2.338587 -0.25208
v -0.232947 2.288382 -0.437457
v -0.176299 2.33749 -0.205581
v -0.210604 2.341941 -0.281915
v -0.196683 2.446286 -0.270302
v -0.165933 2.278303 -0.312248
v -0.158983 2.277373 -0.351753
v -0.160804 2.275991 -0.348513
v -0.159584 2.276319 -0.348949
v -0.193806 2.444387 -0.26778
v -0.234291 2.408167 -0.299607
v -0.130329 2.284824 -0.175681
v -0.26632 2.288228 -0.418231
v -0.251707 2.358687 -0.30683
v -0.36348 2.45846 -0.131058
v -0.221299 2.310295 -0.308374
v -0.291654 2.566698 -0.305163
v -0.332885 2.481222 -0.29741
v -0.339721 2.467837 -0.292333
v -0.243557 2.590107 -0.306906
v -0.302507 2.331337 -0.313603
v -0.337454 2.518414 -0.293075
v -0.272955 2.65149 -0.304129
v -0.31508 2.320523 -0.32209
v -0.392303 2.380086 -0.208123
v -0.393914 2.356022 -0.210429
v -0.231129 2.431793 -0.297894
v -0.171249 2.536652 -0.195333
v -0.246327 2.493871 -0.306556
v -0.273172 2.392072 -0.310849
v -0.307802 2.698088 -0.304238
v -0.27257 2.743822 -0.305331
v -0.229122 2.714521 -0.306171
v -0.284855 2.655978 -0.306477
v -0.284462 2.655931 -0.306179
v -0.345112 2.652167 -0.275463
v -0.289901 2.739573 -0.306427
v -0.270016 2.677425 -0.305836
v -0.312501 2.633757 -0.304417
v -0.259237 2.669603 -0.105615
v -0.333376 2.696033 -0.286345
v -0.267126 2.737066 -0.308026
v -0.281834 2.661085 -0.304569
v -0.284074 2.662764 -0.305245
v -0.241543 2.613836 -0.306595
v -0.261864 2.686926 -0.307593
v -0.268581 2.689222 -0.308298
v -0.277883 2.755364 -0.300282
v -0.361616 2.854088 -0.198332
v -0.295241 2.679272 -0.307312
v -0.288902 2.797108 -0.298986
v -0.372183 2.708255 -0.237683
v -0.33426 2.676523 -0.287852
v -0.280779 2.456708 -0.306166
v -0.310614 2.498502 -0.303323
v -0.340682 2.58535 -0.286236
v -0.379017 2.531358 -0.241323
v -0.24961 2.438795 -0.306778
v -0.259377 2.429734 -0.308786
v -0.315306 2.550768 -0.306699
v -0.316997 2.31645 -0.327323
v -0.345209 2.575856 -0.281097
v -0.321502 2.292911 -0.392565
v -0.305223 2.290893 -0.377224
v -0.328641 2.315197 -0.324785
v -0.330481 2.39027 -0.302303
v -0.284503 2.656005 -0.305969
v -0.28673 2.820335 -0.302666
v -0.252252 2.712575 -0.30953
v -0.236732 2.701818 -0.306491
v -0.248695 2.685324 -0.308493
v -0.273111 2.626359 -0.30767
v -0.272826 2.501 -0.305302
v -0.316997 2.31645 -0.327323
v -0.325707 2.333781 -0.312252
v -0.368229 2.671166 -0.249086
v -0.370747 2.654958 -0.24806
v -0.331997 2.702266 -0.287153
v -0.366461 2.842536 -0.207621
v -0.353187 2.784615 -0.245016
v -0.328587 2.835297 -0.283914
v -0.266752 2.911329 -0.278946
v -0.318996 2.784792 -0.285233
v -0.315477 2.841603 -0.298118
v -0.249427 2.839676 -0.30938
v -0.225206 2.779924 -0.297493
v -0.219111 2.776994 -0.294066
v -0.358559 2.859301 -0.191136
v -0.255183 2.927366 -0.257696
v -0.226549 2.742313 -0.305613
v -0.224739 2.74347 -0.305427
v -0.225478 2.742275 -0.305027
v -0.207382 2.878033 -0.28011
v -0.292255 2.878593 -0.286151
v -0.234317 2.824011 -0.306345
v -0.27311 2.772517 -0.298725
v -0.237144 2.726134 -0.309546
v -0.296639 2.744866 -0.304831
v -0.296558 2.745478 -0.304846
v -0.296612 2.745798 -0.304639
v -0.31786 2.706397 -0.298157
v -0.319291 2.710483 -0.297396
v -0.311385 2.801038 -0.29211
v -0.2542 2.778149 -0.30124
v -0.294417 2.788222 -0.297253
v -0.301285 2.847375 -0.299587
v -0.343524 2.860673 -0.252588
v -0.311514 2.875723 -0.275246
v -0.294823 2.901028 -0.27249
v -0.280886 2.892469 -0.287157
v -0.292447 2.919255 -0.258694
v -0.317425 2.916066 -0.249613
v -0.255733 2.908852 -0.279354
v -0.269381 2.899371 -0.288836
v -0.332749 2.892343 -0.250533
v -0.257833 2.914843 -0.274535
v -0.228541 2.946285 -0.232595
v -0.243934 2.954965 -0.238336
v -0.282806 2.917175 -0.266386
v -0.264772 3.060171 -0.211564
v -0.245316 2.949955 -0.242339
v -0.285892 2.925252 -0.254652
v -0.318398 2.891406 -0.267492
v -0.317562 2.919244 -0.236617
v -0.281883 2.927844 -0.252169
v -0.268235 3.020296 -0.229274
v -0.287185 2.950759 -0.221278
v -0.246753 3.002449 -0.238773
v -0.288294 3.002799 -0.203524
v -0.222056 3.011298 -0.215908
v -0.244585 2.963627 -0.236869
v -0.230056 3.040639 -0.208545
v -0.267675 2.960207 -0.233948
v -0.24237 3.007513 -0.237833
v -0.244414 3.189601 -0.205978
v -0.2586 3.064507 -0.221961
v -0.234969 3.055655 -0.216397
v -0.252186 3.14189 -0.21429
v -0.233823 3.079876 -0.206143
v -0.241337 3.05031 -0.224752
v -0.24923 3.129987 -0.215176
v -0.287147 3.009141 -0.213854
v -0.28522 2.977109 -0.202787
v -0.329693 2.908333 -0.224134
v -0.323078 2.919239 -0.212379
v -0.315515 2.92581 -0.214592
v -0.339393 2.740858 -0.120905
v -0.262417 3.105989 -0.193816
v -0.380632 2.395485 -0.253456
v -0.362481 2.738843 -0.25748
v -0.381629 2.518015 -0.237296
v -0.381228 2.518492 -0.238254
v -0.381555 2.517663 -0.237673
v -0.381659 2.51871 -0.235602
v -0.372512 2.724745 -0.17626
v -0.384616 2.522096 -0.204927
v -0.384884 2.531679 -0.21474
v -0.367717 2.672442 -0.185683
v -0.370359 2.695095 -0.17171
v -0.366954 2.686805 -0.154796
v -0.378813 2.513877 -0.242746
v -0.359737 2.683301 -0.257643
v -0.374375 2.743511 -0.232896
v -0.382288 2.54789 -0.215474
v -0.369129 2.844504 -0.227265
v -0.324552 2.860664 -0.275534
v -0.342239 2.883815 -0.228479
v -0.258635 3.127927 -0.19764
v -0.202572 2.683848 -0.278793
v -0.325417 2.795853 -0.279303
v -0.371772 2.615177 -0.149752
v -0.383132 2.545911 -0.229185
v -0.306512 2.66052 -0.30488
v -0.343279 2.524325 -0.286872
v -0.307987 2.582434 -0.306134
v -0.323758 2.735117 -0.106427
v -0.331563 2.562326 -0.292621
v -0.371593 2.593038 -0.250394
v -0.342717 2.564811 -0.283298
v -0.37055 2.698388 -0.243045
v -0.353803 2.567259 -0.130918
v -0.314611 2.79464 -0.289834
v -0.326665 2.783163 -0.128945
v -0.367773 2.846488 -0.210871
v -0.361105 2.85559 -0.177311
v -0.356137 2.864487 -0.208659
v -0.366675 2.847092 -0.239889
v -0.356827 2.807842 -0.171335
v -0.361049 2.852593 -0.167457
v -0.356536 2.812337 -0.164978
v -0.355137 2.828454 -0.15635
v -0.34712 2.75711 -0.142835
v -0.331711 2.781557 -0.13286
v -0.351069 2.617276 -0.128688
v -0.202225 2.534838 -0.125406
v -0.35304 2.768841 -0.152201
v -0.367491 2.713477 -0.151282
v -0.377537 2.597253 -0.174567
v -0.36516 2.70974 -0.146655
v -0.359202 2.622777 -0.134935
v -0.378578 2.518343 -0.158338
v -0.363208 2.65186 -0.141878
v -0.372397 2.530439 -0.144329
v -0.365581 2.748173 -0.156819
v -0.371004 2.707235 -0.168738
v -0.352849 2.694467 -0.133143
v -0.357773 2.742659 -0.138729
v -0.347586 2.454521 -0.119552
v -0.389363 2.424261 -0.194799
v -0.446792 2.298641 -0.191291
v -0.380275 2.366417 -0.143815
v -0.402492 2.288251 -0.047239
v -0.395529 2.335563 -0.179593
v -0.391433 2.382787 -0.238916
v -0.369863 2.45917 -0.138331
v -0.369411 2.457283 -0.137777
v -0.325031 2.432362 -0.301941
v -0.297983 2.452522 -0.097154
v -0.386643 2.470134 -0.231552
v -0.369779 2.517587 -0.253471
v -0.37283 2.403629 -0.138416
v -0.33709 2.426363 -0.107978
v -0.284537 2.309034 -0.067903
v -0.335444 2.383375 -0.103025
v -0.43052 2.306507 -0.172239
v -0.430517 2.306506 -0.17224
v -0.430563 2.306518 -0.172226
v -0.388475 2.369317 -0.176414
v -0.369017 2.354824 -0.131411
v -0.373438 2.388928 -0.136909
v -0.457849 2.296369 -0.277562
v -0.373244 2.387341 -0.261535
v -0.35244 2.377084 -0.290113
v -0.43337 2.310492 -0.191243
v -0.401406 2.327959 -0.233703
v -0.359631 2.411543 -0.27325
v -0.394546 2.358474 -0.235387
v -0.375164 2.373181 -0.260945
v -0.386256 2.477651 -0.20482
v -0.371721 2.395684 -0.263215
v -0.361782 2.442791 -0.271667
v -0.381041 2.446687 -0.170696
v -0.392384 2.393242 -0.217405
v -0.37813 2.625214 -0.235716
v -0.381983 2.519148 -0.232908
v -0.388822 2.443576 -0.201725
v -0.458667 2.294007 -0.148945
v -0.476329 2.29457 -0.134922
v -0.447112 2.296608 -0.172271
v -0.399092 2.291027 -0.088567
v -0.478589 2.29478 -0.157189
v -0.389515 2.335068 -0.155806
v -0.117593 2.273856 -0.217234
v -0.42928 2.308672 -0.164524
v -0.413042 2.29142 -0.0164
v -0.400419 2.308988 -0.118955
v -0.379383 2.309741 -0.101549
v -0.502852 2.298856 -0.215804
v -0.419544 2.292131 -0.008275
v -0.479089 2.293001 -0.114298
v -0.353264 2.28997 -0.053751
v -0.330731 2.285898 -0.018491
v -0.329689 2.286418 -0.017003
v -0.303213 2.286737 0.015138
v -0.302411 2.286365 0.016302
v -0.303558 2.287037 0.014573
v -0.308148 2.288166 0.009181
v -0.354004 2.295707 -0.062166
v -0.435773 2.29216 -0.024731
v -0.406468 2.293219 -0.102574
v -0.430515 2.304152 -0.15084
v -0.462622 2.294102 -0.083828
v -0.432332 2.290198 -0.097122
v -0.381715 2.317109 -0.125237
v -0.404831 2.299335 -0.109373
v -0.388069 2.293552 -0.089267
v -0.382718 2.289576 -0.07578
v -0.458789 2.296431 -0.235921
v -0.420725 2.291847 -0.074556
v -0.470487 2.295159 -0.212814
v -0.422264 2.290904 -0.0397
v -0.473765 2.294626 -0.184802
v -0.498271 2.296108 -0.250425
v -0.487946 2.29529 -0.200423
v -0.450129 2.297514 -0.328073
v -0.458534 2.294969 -0.115986
v -0.490394 2.294171 -0.105829
v -0.1295 2.276706 -0.137997
v -0.39001 2.311538 -0.298256
v -0.430124 2.309341 -0.176363
v -0.459109 2.297413 -0.329427
v -0.42956 2.31059 -0.236132
v -0.377996 2.318601 -0.292463
v -0.428115 2.293779 -0.12294
v -0.40067 2.328755 -0.219659
v -0.399717 2.295767 -0.379331
v -0.427322 2.298169 -0.368095
v -0.37107 2.29047 -0.374851
v -0.371566 2.290384 -0.371151
v -0.369177 2.290631 -0.375233
v -0.373626 2.318108 -0.29995
v -0.408388 2.306331 -0.284105
v -0.369803 2.291941 -0.388672
v -0.451152 2.296645 -0.217502
v -0.421816 2.299757 -0.286558
v -0.36 2.306854 -0.338444
v -0.38686 2.303953 -0.319703
v -0.462901 2.296757 -0.289822
v -0.449146 2.298424 -0.258471
v -0.474826 2.296056 -0.230032
v -0.505595 2.296482 -0.243133
v -0.497692 2.296938 -0.261604
v -0.425084 2.297606 -0.373686
v -0.242902 2.388751 -0.300111
v -0.130855 2.280848 -0.388096
v -0.324339 2.292775 -0.412206
v -0.249371 2.287643 -0.428389
v -0.338904 2.292696 -0.388712
v -0.32097 2.291057 -0.38344
v -0.148451 2.276748 -0.375116
v -0.199158 2.284249 -0.414788
v -0.110901 2.277677 -0.340856
v -0.221069 2.286548 -0.407427
v -0.127496 2.279004 -0.377058
v -0.137585 2.279326 -0.31282
v -0.18394 2.279796 -0.347077
v -0.064864 2.279386 -0.235623
v -0.219884 2.288715 -0.421417
v -0.161522 2.291245 -0.287286
v -0.344171 2.324451 -0.309288
v -0.170664 2.277653 -0.327351
v -0.174079 2.278922 -0.328343
v -0.17087 2.277162 -0.326781
v -0.133361 2.278584 -0.326397
v -0.134553 2.276627 -0.369392
v -0.156572 2.277202 -0.382547
v -0.236223 2.290741 -0.361749
v -0.236812 2.291889 -0.359863
v -0.106237 2.27766 -0.275221
v -0.084428 2.281106 -0.352377
v -0.137153 2.275856 -0.298787
v -0.145992 2.279763 -0.28494
v -0.171975 2.27282 -0.36722
v -0.292602 2.289696 -0.412902
v -0.222573 2.289627 -0.434241
v -0.332405 2.293317 -0.403355
v -0.37218 2.290677 -0.376694
v -0.167436 2.280491 -0.399875
v -0.301465 2.314294 -0.326532
v -0.179722 2.281461 -0.325305
v -0.134295 2.278724 -0.321325
v -0.144737 2.278019 -0.30512
v -0.17839 2.280096 -0.373223
v -0.178388 2.280103 -0.373211
v -0.178392 2.280085 -0.373242
v -0.178386 2.280109 -0.373198
v -0.178372 2.280165 -0.373089
v -0.180186 2.277225 -0.365
v -0.137202 2.277247 -0.373625
v -0.145895 2.276496 -0.370995
v -0.123678 2.275728 -0.138476
v -0.123663 2.275749 -0.138485
v -0.123699 2.275703 -0.138468
v -0.104788 2.278246 -0.319674
v -0.081397 2.279063 -0.332381
v -0.130349 2.278716 -0.324763
v -0.08558 2.279392 -0.323202
v -0.115451 2.278337 -0.33684
v -0.08548 2.279264 -0.336524
v -0.101174 2.276768 -0.277383
v -0.068619 2.281384 -0.275439
v -0.07286 2.280124 -0.291679
v -0.063129 2.278526 -0.203228
v -0.130858 2.282918 -0.185315
v -0.111136 2.275107 -0.169863
v -0.081489 2.273635 -0.14254
v -0.130187 2.27782 -0.221969
v -0.101888 2.276519 -0.203936
v -0.132842 2.274784 -0.23472
v -0.063755 2.270279 -0.172733
v -0.125926 2.275194 -0.2452
v -0.074983 2.277356 -0.224368
v -0.075238 2.277213 -0.224378
v -0.103065 2.277061 -0.281474
v -0.105227 2.276537 -0.234527
v -0.074994 2.281197 -0.269964
v -0.130164 2.278144 -0.222041
v -0.122164 2.274125 -0.21231
v -0.146202 2.27776 -0.256204
v -0.10041 2.276924 -0.255534
v -0.092027 2.27681 -0.241889
v -0.15693 2.289172 -0.279121
v -0.148021 2.285161 -0.215213
v -0.104665 2.276016 -0.209743
v -0.085342 2.278983 -0.231554
v -0.116915 2.276002 -0.178749
v -0.106488 2.277179 -0.197408
v -0.118482 2.279461 -0.188008
v -0.130359 2.275937 -0.202302
v -0.12102 2.274448 -0.210973
v -0.122826 2.274238 -0.213718
v -0.121984 2.273573 -0.210831
v -0.111598 2.277718 -0.262271
v -0.0669 2.273973 -0.179017
v -0.062666 2.278747 -0.227088
v -0.099193 2.275036 -0.170853
v -0.069322 2.276526 -0.141422
v -0.065556 2.27843 -0.210206
v -0.0581 2.278819 -0.209703
v -0.082321 2.279112 -0.233198
v -0.132584 2.27593 -0.252608
v -0.078189 2.277725 -0.252921
v -0.064864 2.279386 -0.235623
v -0.093132 2.276917 -0.270748
v -0.132282 2.275105 -0.256925
v -0.132584 2.27593 -0.252608
v -0.131051 2.275945 -0.255756
v -0.130835 2.274993 -0.286095
v -0.13185 2.275591 -0.288345
v -0.132247 2.273563 -0.286833
v -0.120258 2.274699 -0.24185
v -0.140816 2.276195 -0.30023
v -0.143805 2.27756 -0.302002
v -0.142071 2.275485 -0.299839
v -0.158504 2.283378 -0.298203
v -0.147652 2.279266 -0.295437
v -0.132584 2.27593 -0.252608
v -0.155768 2.292527 -0.244716
v -0.121075 2.279704 -0.185891
v -0.111195 2.277898 -0.197514
v -0.120588 2.280316 -0.190083
v -0.136594 2.286187 -0.18535
v -0.123727 2.275665 -0.138454
v -0.419961 2.315531 -0.176545
v -0.200911 2.365752 -0.271527
v -0.235485 2.290589 -0.36277
v -0.236968 2.288802 -0.364776
v -0.166645 2.300907 -0.270241
v -0.143362 2.290345 -0.181139
v -0.138941 2.276784 -0.218213
v -0.135985 2.276186 -0.294613
v -0.147 2.280202 -0.284938
v -0.143411 2.278253 -0.289198
v -0.145264 2.279905 -0.287079
v -0.268916 2.289342 -0.371826
v -0.236968 2.288802 -0.364776
v -0.290331 2.288679 -0.372898
v -0.289527 2.2881 -0.371119
v -0.288126 2.288977 -0.371426
v -0.265055 2.288404 -0.374517
v -0.321941 2.319607 -0.31993
v -0.371566 2.290384 -0.371151
v -0.252642 2.28836 -0.393153
v -0.326116 2.295774 -0.357143
v -0.272426 2.289898 -0.386514
v -0.255956 2.289335 -0.39949
v -0.258174 2.28932 -0.399372
v -0.256007 2.289263 -0.397155
v -0.202301 2.284517 -0.4003
v -0.276895 2.289357 -0.386543
v -0.218332 2.28507 -0.400079
v -0.232076 2.288142 -0.42478
v -0.220602 2.288553 -0.419572
v -0.244705 2.287397 -0.419034
v -0.275771 2.289192 -0.410173
v -0.303842 2.291421 -0.404649
v -0.255467 2.288632 -0.401206
v -0.269539 2.288732 -0.410257
v -0.270703 2.289788 -0.390623
v -0.292795 2.289379 -0.370793
v -0.288126 2.288977 -0.371426
v -0.289527 2.2881 -0.371119
v -0.289228 2.288828 -0.372162
v -0.291644 2.29103 -0.364401
v -0.332405 2.293317 -0.403355
v -0.321363 2.319588 -0.320831
v -0.341181 2.307962 -0.335097
v -0.324411 2.295964 -0.358031
v -0.315782 2.315674 -0.327922
v -0.310813 2.308767 -0.337448
v -0.333355 2.299289 -0.356313
v -0.34345 2.307278 -0.337571
v -0.238674 2.316452 -0.312982
v -0.365422 2.29309 -0.419299
v -0.420407 2.297525 -0.37854
v -0.319177 2.292864 -0.411771
v -0.368718 2.292577 -0.413319
v -0.33816 2.313436 -0.325951
v -0.262646 2.312349 -0.326644
v -0.221426 2.289459 -0.355441
v -0.350223 2.301836 -0.349918
v -0.312526 2.30435 -0.346806
v -0.295771 2.304578 -0.343004
v -0.230256 2.297825 -0.3469
v -0.243365 2.315335 -0.316383
v -0.261047 2.296042 -0.354967
v -0.211287 2.329867 -0.286041
v -0.178238 2.317067 -0.254992
v -0.195721 2.319679 -0.271477
v -0.177368 2.333686 -0.241331
v -0.380425 2.293713 -0.353039
v -0.238009 2.298734 -0.348101
v -0.165393 2.294731 -0.289227
v -0.160529 2.295082 -0.280556
v -0.156159 2.297924 -0.235288
v -0.192298 2.298924 -0.308247
v -0.155647 2.297994 -0.235144
v -0.156671 2.297853 -0.235433
v -0.157025 2.299199 -0.23242
v -0.173441 2.316074 -0.227521
v -0.178282 2.3097 -0.265703
v -0.173545 2.31256 -0.249519
v -0.079868 2.27728 -0.216952
v -0.100631 2.27839 -0.343053
v -0.101154 2.278336 -0.342854
v -0.104324 2.278375 -0.342773
v -0.10628 2.27789 -0.342172
v -0.092824 2.278606 -0.288873
v -0.188983 2.308699 -0.129005
v -0.175492 2.307739 -0.143873
v -0.108418 2.276355 -0.067877
v -0.095978 2.278818 -0.115229
v -0.204626 2.28332 -0.003022
v -0.238394 2.282421 -0.003978
v -0.237365 2.287811 -0.04772
v -0.147533 2.278217 -0.09689
v -0.07259 2.273918 -0.16237
v -0.156658 2.280576 -0.043192
v -0.150504 2.27829 -0.096632
v -0.261792 2.286257 -0.033082
v -0.317784 2.288501 0.015825
v -0.251222 2.822527 -0.098671
v -0.182119 2.697533 -0.268241
v -0.163629 2.623541 -0.221691
v -0.198654 2.89642 -0.141804
v -0.367331 2.28387 -0.051445
v -0.190617 2.281936 -0.010761
v -0.139799 2.280181 -0.037923
v -0.212245 2.283155 -0.051752
v -0.173584 2.280147 -0.048725
v -0.185422 2.281851 -0.015093
v -0.261846 2.285585 0.002046
v -0.269136 2.28302 0.019505
v -0.266388 2.284444 -0.024874
v -0.255348 2.283408 -0.011077
v -0.243534 2.283051 0.006134
v -0.299926 2.284544 -0.010007
v -0.3721 2.288592 -0.011184
v -0.286673 2.284695 -0.010981
v -0.287477 2.28554 -0.015163
v -0.286831 2.285804 -0.017204
v -0.281599 2.283194 -0.015987
v -0.304742 2.286809 0.015842
v -0.341435 2.285472 -0.016957
v -0.298005 2.285936 -0.013054
v -0.328516 2.28577 -0.018513
v -0.309878 2.28585 -0.014998
v -0.333048 2.284087 -0.045839
v -0.333029 2.284066 -0.04588
v -0.333018 2.284054 -0.045904
v -0.302594 2.285522 -0.023982
v -0.323602 2.323542 -0.088443
v -0.330527 2.287021 -0.002953
v -0.330914 2.28773 0.000417
v -0.339178 2.287952 -0.00651
v -0.340126 2.287577 -0.007378
v -0.339165 2.28874 -0.005679
v -0.338229 2.288328 -0.005643
v -0.292004 2.285713 -0.01591
v -0.329749 2.285824 -0.019979
v -0.300102 2.289381 -0.049487
v -0.295637 2.281419 -0.041115
v -0.308799 2.298876 -0.060319
v -0.319948 2.306875 -0.068479
v -0.250154 2.290023 -0.056149
v -0.278942 2.300246 -0.059757
v -0.198375 2.279525 -0.052978
v -0.31881 2.29403 -0.056609
v -0.239292 2.293805 -0.05909
v -0.222744 2.289122 -0.053959
v -0.220463 2.293048 -0.05915
v -0.250569 2.308399 -0.083186
v -0.177223 2.295928 -0.112581
v -0.193602 2.30095 -0.103613
v -0.149003 2.292605 -0.149617
v -0.140024 2.287001 -0.160877
v -0.189655 2.383839 -0.145941
v -0.173926 2.320019 -0.170504
v -0.178942 2.32548 -0.157842
v -0.184484 2.328122 -0.151602
v -0.22121 2.296513 -0.063325
v -0.228015 2.298423 -0.063527
v -0.175542 2.28274 -0.092882
v -0.338217 2.304216 -0.064017
v -0.285838 2.319642 -0.083814
v -0.366386 2.304397 -0.08285
v -0.274172 2.330561 -0.090338
v -0.216442 2.293399 -0.06162
v -0.232165 2.302089 -0.071909
v -0.280965 2.293637 -0.053991
v -0.333019 2.284054 -0.045904
v -0.209193 2.295969 -0.076303
v -0.33308 2.284125 -0.045767
v -0.290497 2.283933 -0.028432
v -0.359434 2.286616 -0.03293
v -0.352555 2.287298 -0.002054
v -0.352167 2.28749 0.001325
v -0.240689 2.28578 -0.040871
v -0.23836 2.284612 -0.038653
v -0.239275 2.284477 -0.040165
v -0.314965 2.287367 -0.038822
v -0.247078 2.284976 -0.031529
v -0.288428 2.283886 -0.038773
v -0.275985 2.312033 -0.071903
v -0.377301 2.289072 -0.010601
v -0.246318 2.28525 -0.035517
v -0.164445 2.277872 -0.054414
v -0.232989 2.284213 0.006755
v -0.1975 2.278587 -0.056059
v -0.201007 2.27965 -0.054647
v -0.195541 2.279943 -0.054096
v -0.185266 2.280441 -0.049572
v -0.18141 2.280417 -0.049886
v -0.176619 2.279551 -0.05157
v -0.218688 2.286164 -0.053511
v -0.194486 2.279387 -0.048547
v -0.197083 2.278923 -0.045841
v -0.19602 2.279783 -0.045574
v -0.17608 2.285329 -0.097935
v -0.118062 2.27821 -0.1102
v -0.142179 2.278509 -0.128076
v -0.131681 2.279772 -0.154113
v -0.137396 2.277033 -0.122926
v -0.164409 2.293789 -0.126397
v -0.127086 2.278995 -0.035137
v -0.144847 2.280563 -0.043167
v -0.143606 2.278577 -0.129995
v -0.142498 2.280381 -0.134637
v -0.166653 2.29352 -0.121814
v -0.131104 2.276804 -0.109754
v -0.128499 2.276013 -0.111538
v -0.160105 2.279916 -0.085155
v -0.133523 2.276375 -0.118591
v -0.131139 2.275675 -0.120267
v -0.133072 2.274788 -0.121048
v -0.136297 2.276523 -0.112202
v -0.137573 2.283976 -0.151677
v -0.138241 2.285295 -0.154279
v -0.134659 2.28215 -0.155424
v -0.13567 2.284658 -0.15499
v -0.113054 2.280004 -0.084069
v -0.126458 2.276887 -0.159152
v -0.123813 2.275555 -0.138415
v -0.100003 2.275472 -0.182175
v -0.086821 2.274116 -0.145744
v -0.082957 2.273894 -0.145424
v -0.134659 2.28215 -0.155424
v -0.136099 2.28368 -0.155791
v -0.13567 2.284658 -0.15499
v -0.136099 2.28368 -0.155791
v -0.142339 2.279445 -0.131357
v -0.229377 2.439623 -0.102959
v -0.15062 2.288016 -0.137627
v -0.174714 2.542532 -0.168304
v -0.089069 2.27464 -0.14245
v -0.09752 2.28153 -0.09978
v -0.098075 2.280513 -0.100856
v -0.100845 2.280938 -0.101277
v -0.099183 2.281234 -0.100528
v -0.096469 2.280932 -0.101853
v -0.105419 2.280017 -0.106236
v -0.068294 2.275133 -0.15647
v -0.096624 2.276455 -0.140498
v -0.095789 2.27599 -0.14019
v -0.098941 2.275831 -0.141851
v -0.094577 2.276155 -0.138123
v -0.091901 2.277166 -0.070206
v -0.09013 2.278684 -0.087057
v -0.175824 2.440399 -0.214655
v -0.168487 2.594246 -0.194483
v -0.1789 2.43722 -0.23754
v -0.180877 2.451302 -0.246604
v -0.15921 2.71406 -0.171482
v -0.179091 2.345559 -0.163448
v -0.177841 2.320743 -0.158034
v -0.186615 2.417474 -0.150965
v -0.173956 2.59286 -0.158803
v -0.169097 2.593622 -0.183738
v -0.169321 2.563539 -0.17368
v -0.162371 2.700988 -0.166011
v -0.163657 2.699303 -0.163658
v -0.161882 2.69741 -0.168138
v -0.230398 2.631187 -0.10043
v -0.160408 2.743797 -0.172414
v -0.159297 2.741642 -0.174913
v -0.17342 2.677312 -0.15378
v -0.173447 2.677782 -0.15383
v -0.172753 2.678797 -0.153812
v -0.173086 2.677881 -0.155017
v -0.155145 2.729511 -0.175845
v -0.155664 2.729277 -0.173925
v -0.173143 2.595476 -0.253154
v -0.167703 2.736298 -0.151302
v -0.212422 2.715018 -0.106275
v -0.162672 2.709774 -0.161983
v -0.16132 2.7448 -0.172339
v -0.163532 2.716277 -0.158092
v -0.155979 2.725165 -0.175195
v -0.158939 2.715473 -0.16794
v -0.162334 2.745584 -0.172154
v -0.154517 2.730582 -0.179123
v -0.16178 2.748905 -0.196814
v -0.161819 2.751718 -0.19614
v -0.162284 2.751103 -0.195553
v -0.154128 2.73079 -0.201594
v -0.162001 2.794096 -0.221538
v -0.157803 2.727146 -0.23705
v -0.170745 2.519547 -0.208203
v -0.160742 2.70724 -0.215528
v -0.182115 2.553334 -0.149968
v -0.161119 2.694091 -0.217048
v -0.16359 2.637988 -0.200398
v -0.170339 2.583334 -0.194315
v -0.161866 2.765285 -0.198656
v -0.159659 2.699609 -0.206972
v -0.159398 2.699047 -0.209004
v -0.159247 2.698125 -0.209246
v -0.159518 2.698016 -0.211321
v -0.159639 2.707859 -0.204443
v -0.159953 2.798616 -0.208082
v -0.155286 2.726966 -0.186248
v -0.154363 2.728783 -0.212358
v -0.165065 2.743246 -0.164143
v -0.163802 2.744779 -0.167624
v -0.162956 2.679036 -0.19714
v -0.162314 2.749579 -0.188798
v -0.169278 2.665903 -0.163739
v -0.161918 2.744417 -0.191969
v -0.166675 2.669733 -0.172609
v -0.161817 2.709249 -0.164576
v -0.160368 2.743616 -0.173405
v -0.163505 2.682114 -0.175056
v -0.163245 2.683365 -0.178326
v -0.16452 2.683457 -0.16181
v -0.166402 2.661901 -0.197135
v -0.175925 2.50584 -0.162505
v -0.162499 2.622042 -0.189928
v -0.162356 2.630485 -0.180842
v -0.163997 2.626095 -0.222416
v -0.16442 2.644805 -0.192414
v -0.166289 2.603857 -0.185899
v -0.173086 2.677881 -0.155017
v -0.172241 2.56207 -0.18863
v -0.383016 2.53909 -0.202676
v -0.195607 2.632034 -0.12453
v -0.162734 2.682794 -0.166865
v -0.165602 2.610009 -0.172968
v -0.162978 2.621998 -0.188662
v -0.173147 2.67584 -0.156274
v -0.175533 2.602529 -0.156622
v -0.166297 2.596954 -0.206995
v -0.163504 2.630441 -0.206749
v -0.171365 2.506555 -0.208935
v -0.168487 2.594246 -0.194483
v -0.16986 2.590829 -0.193495
v -0.170821 2.570807 -0.186442
v -0.163384 2.635153 -0.201105
v -0.159247 2.698125 -0.209246
v -0.166696 2.645485 -0.212248
v -0.165049 2.637002 -0.213553
v -0.173893 2.641669 -0.153042
v -0.174155 2.639628 -0.152559
v -0.171837 2.640634 -0.154577
v -0.160885 2.694209 -0.173872
v -0.167018 2.6594 -0.219825
v -0.161657 2.708192 -0.232454
v -0.162915 2.681879 -0.191413
v -0.162169 2.708115 -0.163998
v -0.162644 2.782429 -0.185
v -0.186977 2.67158 -0.140859
v -0.183027 2.674707 -0.141004
v -0.185468 2.673822 -0.139177
v -0.167764 2.743948 -0.161749
v -0.176374 2.679262 -0.148489
v -0.159947 2.724087 -0.161289
v -0.180278 2.685846 -0.136084
v -0.167045 2.747118 -0.165732
v -0.164769 2.747346 -0.167941
v -0.16572 2.748249 -0.168417
v -0.160988 2.703071 -0.168697
v -0.156977 2.73261 -0.165527
v -0.170014 2.774912 -0.162946
v -0.179702 2.784615 -0.148421
v -0.163358 2.732836 -0.156626
v -0.174759 2.676842 -0.154218
v -0.165541 2.741159 -0.160648
v -0.185743 2.740565 -0.134282
v -0.167367 2.778239 -0.166822
v -0.163069 2.716257 -0.15803
v -0.173147 2.67584 -0.156274
v -0.17104 2.67738 -0.156974
v -0.181701 2.719086 -0.134808
v -0.171779 2.580805 -0.160486
v -0.173871 2.670843 -0.156794
v -0.168106 2.678127 -0.158684
v -0.174682 2.677673 -0.152643
v -0.175022 2.671492 -0.155457
v -0.177488 2.594412 -0.153792
v -0.169127 2.559037 -0.176678
v -0.17651 2.487843 -0.16634
v -0.173454 2.483154 -0.203864
v -0.17054 2.548705 -0.183569
v -0.176406 2.527819 -0.158362
v -0.180308 2.592221 -0.149841
v -0.173685 2.514097 -0.194764
v -0.17308 2.521236 -0.195742
v -0.169836 2.309061 -0.15477
v -0.172455 2.310331 -0.153266
v -0.170059 2.309453 -0.154402
v -0.179306 2.338561 -0.160619
v -0.170059 2.309453 -0.154402
v -0.172455 2.310331 -0.153266
v -0.169938 2.309174 -0.153983
v -0.175961 2.440427 -0.189196
v -0.169797 2.308825 -0.154303
v -0.175062 2.472393 -0.185098
v -0.174777 2.464504 -0.222306
v -0.176037 2.361386 -0.179425
v -0.171249 2.536652 -0.195333
v -0.189807 2.453361 -0.146436
v -0.170146 2.560355 -0.185338
v -0.17523 2.436538 -0.192134
v -0.174215 2.315091 -0.244124
v -0.169849 2.555978 -0.198149
v -0.169251 2.549955 -0.197385
v -0.165346 2.30776 -0.20915
v -0.168375 2.575064 -0.22658
v -0.175344 2.468129 -0.173053
v -0.17308 2.521236 -0.195742
v -0.17511 2.446695 -0.209381
v -0.172981 2.4173 -0.204551
v -0.173462 2.425003 -0.20444
v -0.179984 2.359706 -0.166657
v -0.175126 2.379647 -0.206766
v -0.174462 2.322361 -0.203413
v -0.176138 2.378672 -0.22115
v -0.173152 2.404749 -0.18995
v -0.176046 2.366217 -0.189391
v -0.176733 2.465995 -0.237051
v -0.232997 2.426694 -0.100984
v -0.1935 2.314883 -0.131189
v -0.183099 2.510566 -0.150401
v -0.172742 2.492633 -0.206625
v -0.19074 2.318509 -0.138602
v -0.174173 2.491086 -0.194617
v -0.170267 2.53217 -0.214548
v -0.185553 2.581676 -0.142179
v -0.171428 2.54048 -0.192646
v -0.174685 2.562602 -0.161303
v -0.197823 2.587218 -0.128215
v -0.179262 2.619544 -0.145744
v -0.178204 2.585836 -0.151337
v -0.189827 2.654992 -0.142887
v -0.175533 2.602529 -0.156622
v -0.180071 2.742002 -0.143896
v -0.221265 2.750705 -0.108553
v -0.19838 2.662046 -0.136954
v -0.198084 2.661739 -0.137272
v -0.197113 2.664464 -0.135557
v -0.173893 2.641669 -0.153042
v -0.167735 2.648589 -0.161975
v -0.176851 2.642004 -0.151113
v -0.179154 2.659775 -0.153664
v -0.179473 2.670135 -0.150484
v -0.189467 2.750654 -0.138024
v -0.1882 2.692385 -0.128878
v -0.181735 2.746386 -0.14525
v -0.172231 2.79245 -0.15661
v -0.187222 2.678802 -0.133614
v -0.191603 2.677258 -0.132462
v -0.189105 2.67706 -0.134402
v -0.183027 2.674707 -0.141004
v -0.187313 2.675665 -0.137465
v -0.185468 2.673822 -0.139177
v -0.177615 2.635136 -0.14842
v -0.177296 2.64743 -0.152525
v -0.183555 2.725358 -0.130914
v -0.188157 2.70374 -0.130037
v -0.199279 2.701133 -0.119873
v -0.189589 2.676436 -0.134631
v -0.184648 2.682287 -0.13306
v -0.187222 2.678802 -0.133614
v -0.183659 2.678363 -0.135998
v -0.18832 2.638509 -0.139361
v -0.191289 2.642416 -0.137192
v -0.185616 2.602844 -0.140551
v -0.184675 2.601522 -0.14217
v -0.194852 2.630951 -0.125627
v -0.221222 2.464972 -0.108037
v -0.167193 2.577713 -0.212217
v -0.194855 2.596288 -0.131114
v -0.34442 2.578445 -0.123902
v -0.179356 2.621092 -0.14538
v -0.200613 2.587116 -0.125473
v -0.335874 2.650596 -0.119588
v -0.196151 2.594478 -0.130061
v -0.189887 2.60195 -0.135714
v -0.347965 2.566365 -0.126241
v -0.193943 2.616924 -0.128142
v -0.202281 2.569039 -0.127159
v -0.185468 2.673822 -0.139177
v -0.187313 2.675665 -0.137465
v -0.186977 2.67158 -0.140859
v -0.308475 2.802589 -0.112474
v -0.203355 2.688454 -0.116883
v -0.187313 2.675665 -0.137465
v -0.203042 2.731006 -0.110206
v -0.349997 2.822316 -0.14453
v -0.303317 2.764089 -0.109507
v -0.200921 2.748921 -0.124085
v -0.196571 2.768793 -0.13007
v -0.324189 2.729384 -0.106331
v -0.321487 2.731395 -0.104203
v -0.193549 2.672705 -0.13374
v -0.172933 2.778657 -0.158177
v -0.183659 2.678363 -0.135998
v -0.229402 2.754728 -0.108021
v -0.20684 2.77365 -0.118044
v -0.178598 2.662036 -0.153605
v -0.190442 2.672139 -0.13736
v -0.218164 2.839773 -0.099027
v -0.198095 2.66029 -0.136052
v -0.202064 2.620188 -0.119531
v -0.198269 2.677288 -0.127803
v -0.358615 2.706431 -0.139441
v -0.367894 2.531292 -0.13855
v -0.349868 2.737658 -0.128688
v -0.351997 2.771122 -0.247751
v -0.197797 2.76039 -0.128071
v -0.186747 2.739546 -0.131938
v -0.342907 2.730494 -0.121913
v -0.22989 2.664696 -0.100608
v -0.307439 2.73968 -0.097222
v -0.333541 2.698618 -0.115871
v -0.355951 2.655158 -0.135406
v -0.198062 2.677177 -0.127681
v -0.356929 2.6558 -0.136773
v -0.208046 2.575704 -0.119568
v -0.342758 2.681959 -0.270762
v -0.351913 2.673326 -0.262677
v -0.207173 2.56345 -0.122992
v -0.32556 2.56682 -0.105236
v -0.349634 2.629736 -0.12675
v -0.348987 2.595109 -0.128208
v -0.348732 2.602144 -0.128025
v -0.363164 2.556791 -0.137027
v -0.201857 2.614945 -0.120851
v -0.321919 2.677612 -0.107801
v -0.197148 2.647022 -0.129308
v -0.286369 2.482129 -0.094653
v -0.3412 2.581881 -0.121221
v -0.274365 2.626478 -0.092516
v -0.177177 2.477757 -0.165091
v -0.19266 2.426825 -0.142348
v -0.190271 2.632968 -0.273558
v -0.212797 2.477353 -0.116405
v -0.205056 2.46616 -0.127374
v -0.204894 2.312857 -0.117304
v -0.318208 2.43509 -0.101357
v -0.278407 2.352604 -0.092814
v -0.275924 2.34974 -0.092625
v -0.276488 2.3543 -0.093362
v -0.367835 2.462143 -0.136426
v -0.35589 2.540083 -0.130601
v -0.349768 2.514776 -0.124643
v -0.309954 2.547194 -0.095583
v -0.348254 2.483542 -0.121736
v -0.371667 2.449228 -0.137639
v -0.337941 2.471473 -0.111168
v -0.331987 2.409623 -0.104834
v -0.179104 2.377362 -0.237563
v -0.300842 2.402683 -0.093043
v -0.229297 2.390664 -0.104292
v -0.218722 2.482827 -0.110816
v -0.213885 2.540625 -0.110722
v -0.332327 2.477056 -0.10646
v -0.212479 2.393565 -0.118523
v -0.211199 2.493434 -0.115889
v -0.325798 2.637473 -0.107421
v -0.314109 2.579533 -0.096444
v -0.242159 2.552421 -0.097795
v -0.185638 2.424891 -0.252536
v -0.317825 2.381212 -0.098297
v -0.331122 2.398403 -0.103815
v -0.332243 2.381032 -0.101573
v -0.26401 2.389888 -0.309945
v -0.300004 2.355658 -0.091726
v -0.330731 2.413505 -0.103032
v -0.374748 2.444866 -0.147502
v -0.37502 2.443183 -0.145089
v -0.374649 2.445335 -0.146198
v -0.266634 2.429876 -0.096814
v -0.320922 2.500936 -0.099387
v -0.314626 2.41239 -0.098717
v -0.337573 2.339423 -0.102377
v -0.331916 2.381199 -0.099953
v -0.371409 2.362507 -0.13351
v -0.37315 2.364389 -0.135386
v -0.328626 2.51083 -0.104648
v -0.329261 2.474328 -0.104961
v -0.315886 2.621886 -0.098531
v -0.340525 2.700521 -0.12172
v -0.330237 2.611544 -0.111041
v -0.333517 2.657673 -0.119502
v -0.331471 2.595898 -0.111703
v -0.350408 2.61023 -0.128805
v -0.355594 2.55849 -0.131342
v -0.205898 2.66333 -0.276568
v -0.337704 2.740301 -0.118726
v -0.323898 2.75487 -0.121959
v -0.328939 2.706191 -0.112459
v -0.337952 2.660821 -0.123357
v -0.309366 2.756801 -0.11333
v -0.321457 2.70244 -0.107152
v -0.304896 2.751802 -0.107074
v -0.236234 2.677533 -0.099369
v -0.273457 2.733167 -0.094354
v -0.297304 2.867872 -0.288197
v -0.303812 2.792493 -0.109379
v -0.233631 2.781791 -0.107476
v -0.281345 2.858579 -0.106802
v -0.250947 2.793759 -0.104859
v -0.316712 2.711387 -0.102869
v -0.214188 2.74932 -0.111627
v -0.315476 2.717036 -0.101305
v -0.262847 2.735727 -0.096406
v -0.304252 2.757661 -0.108266
v -0.275189 2.661677 -0.097714
v -0.304455 2.747644 -0.10086
v -0.225158 2.627944 -0.102342
v -0.210299 2.56118 -0.118095
v -0.250895 2.697053 -0.096508
v -0.224236 2.646028 -0.10306
v -0.207137 2.622982 -0.114997
v -0.217852 2.630104 -0.106672
v -0.197177 2.617975 -0.124602
v -0.220637 2.754147 -0.11019
v -0.200055 2.702683 -0.118909
v -0.210467 2.770004 -0.11547
v -0.209346 2.745769 -0.114056
v -0.226506 2.754887 -0.108147
v -0.218312 2.715885 -0.102552
v -0.225368 2.746395 -0.105246
v -0.217108 2.743054 -0.106592
v -0.206608 2.765166 -0.118462
v -0.199224 2.731092 -0.114321
v -0.211587 2.553843 -0.114813
v -0.205056 2.621546 -0.116727
v -0.20211 2.554388 -0.128419
v -0.211199 2.493434 -0.115889
v -0.221702 2.55964 -0.106055
v -0.217053 2.524834 -0.110142
v -0.216715 2.512117 -0.108782
v -0.208293 2.533497 -0.119261
v -0.209423 2.577334 -0.11834
v -0.227675 2.544609 -0.101516
v -0.218722 2.482827 -0.110816
v -0.297899 2.691746 -0.09409
v -0.210161 2.552664 -0.11689
v -0.211035 2.568811 -0.117783
v -0.208991 2.570317 -0.119692
v -0.212136 2.568804 -0.115723
v -0.226677 2.321819 -0.100092
v -0.246538 2.390338 -0.096772
v -0.258508 2.402147 -0.094949
v -0.276917 2.425898 -0.096154
v -0.236487 2.421492 -0.100036
v -0.274772 2.442405 -0.098545
v -0.232771 2.397518 -0.1028
v -0.283637 2.378481 -0.093387
v -0.317631 2.411685 -0.099646
v -0.303137 2.388169 -0.093428
v -0.314705 2.323718 -0.087241
v -0.318972 2.337396 -0.092873
v -0.326558 2.320002 -0.085354
v -0.308276 2.371901 -0.093732
v -0.304544 2.371168 -0.092722
v -0.255303 2.384808 -0.095018
v -0.279609 2.352584 -0.092577
v -0.251554 2.357122 -0.095535
v -0.267001 2.385501 -0.093717
v -0.261438 2.381151 -0.094224
v -0.29285 2.509722 -0.094208
v -0.302692 2.540282 -0.093955
v -0.302094 2.491972 -0.09529
v -0.305209 2.538596 -0.094356
v -0.293203 2.577994 -0.094101
v -0.322947 2.508971 -0.100276
v -0.268487 2.593982 -0.096588
v -0.246508 2.510624 -0.097887
v -0.24216 2.491988 -0.097752
v -0.277596 2.523532 -0.096146
v -0.276292 2.691904 -0.094533
v -0.259181 2.648211 -0.099324
v -0.259987 2.647277 -0.098337
v -0.259037 2.647492 -0.098891
v -0.294997 2.613056 -0.092989
v -0.25218 2.612709 -0.096866
v -0.253205 2.682729 -0.101519
v -0.233462 2.705906 -0.100027
v -0.250638 2.713433 -0.096605
v -0.305504 2.721556 -0.095545
v -0.283195 2.818825 -0.097999
v -0.282683 2.79111 -0.102288
v -0.299534 2.743409 -0.097236
v -0.295064 2.72776 -0.092404
v -0.29475 2.705098 -0.094105
v -0.287849 2.62919 -0.093104
v -0.287843 2.58884 -0.09477
v -0.280295 2.664418 -0.096659
v -0.279942 2.665478 -0.096702
v -0.278769 2.666559 -0.096903
v -0.297125 2.604647 -0.093414
v -0.294419 2.605415 -0.093297
v -0.318807 2.597403 -0.100747
v -0.295062 2.701302 -0.094219
v -0.294517 2.699796 -0.093985
v -0.292457 2.698501 -0.094123
v -0.299857 2.565113 -0.093665
v -0.279012 2.67214 -0.096752
v -0.299237 2.723906 -0.093267
v -0.292198 2.704905 -0.09434
v -0.313798 2.668627 -0.101105
v -0.307147 2.592663 -0.095129
v -0.30984 2.609151 -0.09568
v -0.306739 2.594441 -0.094804
v -0.309386 2.593208 -0.095594
v -0.307554 2.590885 -0.095454
v -0.309512 2.680281 -0.098776
v -0.300852 2.740448 -0.096198
v -0.312071 2.726892 -0.098295
v -0.299116 2.785327 -0.106559
v -0.316608 2.698077 -0.103526
v -0.327667 2.706713 -0.111619
v -0.308647 2.689707 -0.098055
v -0.311365 2.686222 -0.099744
v -0.321487 2.731395 -0.104203
v -0.355429 2.752717 -0.14934
v -0.319021 2.587233 -0.100061
v -0.310065 2.596672 -0.095616
v -0.320116 2.570089 -0.103757
v -0.317249 2.546148 -0.098745
v -0.320504 2.565826 -0.103057
v -0.320334 2.569225 -0.103045
v -0.324157 2.373525 -0.097295
v -0.309786 2.374677 -0.094449
v -0.303172 2.369096 -0.092896
v -0.301057 2.463686 -0.097754
v -0.304099 2.412788 -0.093114
v -0.299899 2.45658 -0.097669
v -0.30415 2.458354 -0.099203
v -0.318332 2.507152 -0.098258
v -0.3056 2.494511 -0.095593
v -0.305071 2.444234 -0.094925
v -0.305078 2.444237 -0.094881
v -0.305084 2.444238 -0.094851
v -0.305075 2.444236 -0.094899
v -0.305094 2.444242 -0.094787
v -0.361474 2.367644 -0.125312
v -0.313137 2.37018 -0.094637
v -0.323151 2.391353 -0.098481
v -0.323151 2.391364 -0.098438
v -0.323151 2.391372 -0.09841
v -0.32315 2.39136 -0.098456
v -0.303489 2.39551 -0.093419
v -0.323151 2.391387 -0.09835
v -0.320844 2.318197 -0.08223
v -0.363551 2.31752 -0.11167
v -0.332663 2.313192 -0.080121
v -0.349615 2.299474 -0.061015
v -0.33506 2.312219 -0.08025
v -0.305454 2.319596 -0.084121
v -0.279518 2.316326 -0.077253
v -0.25879 2.371706 -0.094635
v -0.360794 2.848898 -0.148988
v -0.298262 2.730891 -0.092405
v -0.298262 2.730891 -0.092405
v -0.236137 2.610606 -0.099133
v -0.30151 2.713925 -0.094703
v -0.258302 2.838446 -0.094464
v -0.266587 2.325115 -0.089063
v -0.29175 2.319238 -0.083729
v -0.267166 2.306536 -0.067692
v -0.261065 2.308558 -0.074304
v -0.278997 2.300833 -0.06165
v -0.260573 2.3117 -0.079397
v -0.236562 2.347883 -0.098588
v -0.24312 2.309874 -0.081666
v -0.245063 2.321226 -0.090955
v -0.24004 2.30155 -0.0677
v -0.248034 2.335802 -0.093255
v -0.246777 2.324878 -0.091523
v -0.218925 2.31189 -0.100624
v -0.251932 2.307741 -0.079628
v -0.252438 2.308009 -0.08131
v -0.252464 2.337664 -0.092684
v -0.251932 2.307741 -0.079628
v -0.253702 2.308615 -0.081114
v -0.239352 2.30775 -0.078196
v -0.23135 2.400404 -0.103404
v -0.245166 2.430457 -0.097386
v -0.224847 2.423122 -0.105884
v -0.245166 2.430457 -0.097386
v -0.234179 2.642692 -0.099974
v -0.281976 2.580088 -0.094983
v -0.238607 2.43674 -0.098572
v -0.243485 2.623393 -0.097443
v -0.250711 2.639002 -0.096827
v -0.251885 2.632103 -0.095756
v -0.235116 2.474996 -0.09931
v -0.258026 2.684945 -0.101582
v -0.241911 2.614838 -0.097836
v -0.236234 2.677533 -0.099369
v -0.258038 2.647809 -0.099304
v -0.228124 2.646708 -0.101932
v -0.225158 2.627944 -0.102342
v -0.22494 2.748807 -0.1065
v -0.228129 2.72233 -0.097977
v -0.233462 2.705906 -0.100027
v -0.230402 2.69251 -0.100918
v -0.243843 2.660864 -0.100157
v -0.227593 2.531171 -0.103259
v -0.227628 2.614439 -0.101599
v -0.229603 2.717121 -0.09855
v -0.216799 2.77556 -0.11112
v -0.239333 2.785783 -0.106629
v -0.22181 2.792677 -0.10793
v -0.202379 2.78994 -0.120998
v -0.215857 2.882985 -0.128984
v -0.190464 2.817766 -0.127124
v -0.205344 2.80864 -0.112634
v -0.194818 2.782844 -0.131663
v -0.200312 2.839448 -0.108443
v -0.192286 2.789491 -0.13296
v -0.19677 2.822698 -0.118663
v -0.197173 2.84712 -0.119199
v -0.185457 2.832206 -0.128877
v -0.172572 2.836679 -0.143426
v -0.192045 2.844568 -0.121158
v -0.18891 2.806309 -0.130844
v -0.235005 2.790222 -0.106861
v -0.205116 2.774491 -0.119615
v -0.177292 2.781955 -0.151461
v -0.17058 2.805428 -0.154699
v -0.175172 2.807585 -0.147208
v -0.150939 2.837733 -0.175995
v -0.156581 2.834145 -0.164624
v -0.155375 2.837312 -0.167986
v -0.155286 2.818144 -0.183107
v -0.171774 2.864547 -0.172201
v -0.150928 2.836523 -0.18279
v -0.157242 2.839817 -0.165442
v -0.168903 2.838173 -0.149126
v -0.168731 2.837462 -0.149792
v -0.168179 2.837106 -0.150418
v -0.191825 2.891742 -0.145753
v -0.168387 2.836877 -0.150243
v -0.164346 2.778995 -0.172895
v -0.162902 2.786614 -0.173375
v -0.171677 2.808222 -0.151118
v -0.17238 2.806679 -0.150272
v -0.179327 2.787927 -0.148373
v -0.168459 2.792845 -0.162482
v -0.175909 2.782039 -0.153296
v -0.286196 2.80532 -0.100816
v -0.202922 2.86268 -0.127968
v -0.206806 2.859656 -0.123856
v -0.195022 2.782419 -0.131705
v -0.195599 2.817375 -0.121483
v -0.187216 2.808139 -0.132641
v -0.184952 2.804212 -0.135872
v -0.181826 2.834888 -0.132792
v -0.182275 2.845972 -0.133072
v -0.188768 2.827088 -0.125631
v -0.187614 2.846599 -0.128225
v -0.182465 2.839758 -0.131453
v -0.202681 2.854046 -0.122673
v -0.201541 2.867739 -0.131495
v -0.202681 2.854046 -0.122673
v -0.217569 2.894898 -0.133652
v -0.257348 2.891123 -0.114189
v -0.178252 2.864105 -0.157702
v -0.174012 2.869038 -0.173602
v -0.173532 2.866529 -0.170176
v -0.174336 2.873387 -0.17926
v -0.169093 2.851425 -0.160949
v -0.227728 2.936465 -0.169999
v -0.228508 3.037227 -0.198746
v -0.236386 3.031569 -0.181706
v -0.230126 2.96424 -0.180562
v -0.224244 2.95513 -0.182547
v -0.231415 2.931241 -0.161125
v -0.233382 2.932312 -0.160705
v -0.228014 2.928982 -0.160126
v -0.251332 3.092586 -0.187432
v -0.238465 3.011613 -0.170133
v -0.205557 2.906847 -0.147309
v -0.234856 2.888989 -0.118517
v -0.248734 3.057369 -0.183033
v -0.219975 2.950507 -0.190197
v -0.18294 2.896264 -0.182712
v -0.185668 2.889893 -0.156052
v -0.182016 2.886973 -0.164952
v -0.239502 2.919269 -0.140343
v -0.166679 2.871528 -0.206962
v -0.166659 2.871527 -0.206954
v -0.166711 2.871528 -0.206973
v -0.16664 2.871527 -0.206946
v -0.193068 2.902668 -0.149935
v -0.211776 2.921175 -0.162159
v -0.184131 2.89354 -0.168124
v -0.187641 2.895813 -0.154875
v -0.184519 2.890348 -0.159054
v -0.189726 2.879554 -0.148226
v -0.187346 2.881617 -0.152101
v -0.220174 2.925598 -0.16169
v -0.220938 2.919983 -0.152959
v -0.22911 2.914288 -0.140895
v -0.211607 2.877259 -0.128838
v -0.16981 2.576035 -0.197781
v -0.199907 2.884184 -0.136685
v -0.168475 2.886142 -0.213022
v -0.233969 2.903721 -0.129267
v -0.216215 2.880472 -0.126747
v -0.196028 2.876855 -0.139496
v -0.226345 2.888365 -0.123794
v -0.227612 2.898044 -0.129659
v -0.258409 2.911589 -0.128753
v -0.230548 2.904596 -0.13318
v -0.229471 2.902158 -0.131733
v -0.229773 2.906 -0.134431
v -0.262841 2.919484 -0.137453
v -0.287753 2.86465 -0.112696
v -0.250945 2.899022 -0.115689
v -0.2807 2.85415 -0.101651
v -0.274867 2.901417 -0.125828
v -0.283269 2.922856 -0.144573
v -0.299449 2.913005 -0.141537
v -0.280735 2.910742 -0.13286
v -0.277981 2.915821 -0.135978
v -0.257421 2.911805 -0.130322
v -0.237274 2.914781 -0.137323
v -0.273901 2.87549 -0.113875
v -0.25467 2.847904 -0.097385
v -0.272567 2.848444 -0.09418
v -0.275397 2.797303 -0.101926
v -0.265597 2.781487 -0.104152
v -0.29233 2.803366 -0.102183
v -0.293809 2.840428 -0.094119
v -0.280353 2.796016 -0.101957
v -0.29328 2.886348 -0.123298
v -0.27666 2.844181 -0.092449
v -0.317989 2.849239 -0.112991
v -0.302739 2.823697 -0.10536
v -0.336672 2.847525 -0.125232
v -0.308858 2.809225 -0.112182
v -0.29339 2.781527 -0.103954
v -0.305018 2.802269 -0.109697
v -0.306651 2.797098 -0.111343
v -0.305291 2.794322 -0.110689
v -0.298899 2.804965 -0.105408
v -0.304003 2.805817 -0.108197
v -0.28054 2.779361 -0.102206
v -0.265291 2.783108 -0.1041
v -0.362732 2.821093 -0.205174
v -0.340981 2.806842 -0.137649
v -0.35422 2.830876 -0.149189
v -0.328066 2.7934 -0.130011
v -0.311708 2.81137 -0.114295
v -0.325221 2.840973 -0.115696
v -0.339132 2.850791 -0.13008
v -0.306125 2.848659 -0.10274
v -0.282032 2.908922 -0.131939
v -0.327904 2.881637 -0.143695
v -0.323389 2.860493 -0.127062
v -0.309016 2.858346 -0.117036
v -0.316081 2.877847 -0.132212
v -0.316229 2.875142 -0.131533
v -0.306511 2.895319 -0.129492
v -0.308943 2.901986 -0.132147
v -0.334461 2.870471 -0.147174
v -0.318381 2.909579 -0.150692
v -0.309468 2.900182 -0.132033
v -0.311726 2.900277 -0.132303
v -0.348856 2.859821 -0.154793
v -0.25356 3.009072 -0.164856
v -0.353578 2.851562 -0.143755
v -0.341573 2.866294 -0.152572
v -0.345876 2.884936 -0.183918
v -0.36364 2.850338 -0.160053
v -0.330559 2.864252 -0.136079
v -0.344547 2.777243 -0.142717
v -0.241718 2.981705 -0.173441
v -0.271577 2.957056 -0.169017
v -0.222804 2.979332 -0.194962
v -0.257483 3.015598 -0.167882
v -0.258683 3.0719 -0.184989
v -0.252408 2.980021 -0.17105
v -0.273546 3.026998 -0.183592
v -0.281648 2.985715 -0.180423
v -0.341986 2.905853 -0.190325
v -0.259768 2.978874 -0.170683
v -0.26875 2.989752 -0.171696
v -0.28561 3.009606 -0.183632
v -0.263746 3.034157 -0.180598
v -0.275194 3.020533 -0.180741
v -0.270979 3.024481 -0.179724
v -0.27079 3.031923 -0.183192
v -0.287069 2.963177 -0.186485
v -0.273758 3.023134 -0.18155
v -0.269291 2.989586 -0.171755
v -0.308531 2.924204 -0.165719
v -0.322632 2.904854 -0.154871
v -0.35197 2.858732 -0.241883
v -0.345153 2.871813 -0.170274
v -0.323003 2.900787 -0.145166
v -0.346761 2.860116 -0.151965
v -0.342532 2.799931 -0.14062
v -0.350617 2.779105 -0.149005
v -0.33633 2.787245 -0.136529
v -0.351716 2.838887 -0.139484
v -0.341974 2.8166 -0.136669
v -0.35342 2.821467 -0.152053
v -0.345673 2.832956 -0.136345
v -0.335003 2.790676 -0.135444
v -0.357006 2.789598 -0.184569
v -0.359148 2.770258 -0.187593
v -0.324123 2.887883 -0.140869
v -0.327403 2.890318 -0.145627
v -0.34588 2.850748 -0.135983
v -0.297049 2.913501 -0.141422
v -0.323003 2.900787 -0.145166
v -0.32515 2.871758 -0.137708
v -0.266526 2.923422 -0.14279
v -0.302788 2.906245 -0.135048
v -0.269852 2.930665 -0.152268
v -0.318763 2.921449 -0.174695
v -0.245022 2.980225 -0.172184
v -0.268489 2.978428 -0.172006
v -0.244804 2.95952 -0.169899
v -0.229149 2.977557 -0.183933
v -0.246062 2.961756 -0.170652
v -0.240341 2.98524 -0.17351
v -0.251039 2.930625 -0.152292
v -0.241718 2.981705 -0.173441
v -0.24631 2.951446 -0.164398
v -0.247381 2.916079 -0.134629
v -0.23706 3.006987 -0.16918
v -0.239382 3.006181 -0.168535
v -0.248486 3.008605 -0.165137
v -0.240341 2.98524 -0.17351
v -0.243761 3.031937 -0.17778
v -0.245541 3.084043 -0.185422
v -0.237397 3.053795 -0.185769
v -0.237054 3.052113 -0.186311
v -0.237058 3.052127 -0.186297
v -0.237047 3.052096 -0.186331
v -0.247089 3.145525 -0.190825
v -0.255686 3.154502 -0.195919
v -0.252277 3.08952 -0.18577
v -0.250634 3.170849 -0.19433
v -0.243203 3.098929 -0.192424
v -0.243305 3.165267 -0.204711
v -0.240289 3.162041 -0.202206
v -0.242437 3.187463 -0.201278
v -0.257205 3.139752 -0.209448
v -0.257386 3.139209 -0.206109
v -0.256183 3.140017 -0.209155
v -0.256665 3.141538 -0.208312
v -0.254496 3.139192 -0.192504
v -0.255087 3.163521 -0.19807
v -0.250757 3.185477 -0.20731
v -0.246241 3.18401 -0.209091
v -0.253819 3.153658 -0.191523
v -0.25705 3.140944 -0.195507
v -0.243817 3.160426 -0.193805
v -0.249597 3.141787 -0.192398
v -0.24825 3.1487 -0.190274
v -0.268669 3.077518 -0.190977
v -0.243689 3.166612 -0.194659
v -0.24129 3.109521 -0.192318
v -0.250418 3.11068 -0.18847
v -0.253843 3.136581 -0.191854
v -0.240322 3.060598 -0.185541
v -0.245463 3.08065 -0.18555
v -0.24338 3.080707 -0.185957
v -0.247031 3.135789 -0.192475
v -0.241541 3.093329 -0.191231
v -0.239955 3.097713 -0.197401
v -0.24859 3.132188 -0.191456
v -0.256627 3.073408 -0.184548
v -0.247595 3.108359 -0.188929
v -0.257913 3.069509 -0.222994
v -0.23567 3.036914 -0.183921
v -0.225573 3.023846 -0.193361
v -0.268417 3.025353 -0.178737
v -0.234146 3.047372 -0.185846
v -0.254366 3.041668 -0.177582
v -0.255993 3.040543 -0.178056
v -0.255486 3.040957 -0.1777
v -0.254926 3.041313 -0.177641
v -0.232143 3.05977 -0.195441
v -0.243909 3.028408 -0.176296
v -0.253972 3.052549 -0.180696
v -0.268726 3.067634 -0.198603
v -0.260514 3.082456 -0.184651
v -0.260786 3.058212 -0.18169
v -0.274486 3.044978 -0.187338
v -0.271558 3.059565 -0.188401
v -0.274887 3.045661 -0.189675
v -0.262726 3.059075 -0.182025
v -0.263965 3.079397 -0.187106
v -0.261761 3.09632 -0.191804
v -0.25862 3.123203 -0.192269
v -0.257571 3.111594 -0.189117
v -0.262261 2.98348 -0.170566
v -0.287686 2.993595 -0.198377
v -0.285339 3.010526 -0.18527
v -0.287998 2.994234 -0.197174
v -0.286655 2.988793 -0.18535
v -0.278205 2.961694 -0.224977
v -0.287032 2.95796 -0.207464
v -0.314177 2.928379 -0.202886
v -0.288653 2.961554 -0.195597
v -0.303167 2.931382 -0.178211
v -0.34946 2.875309 -0.197227
v -0.346537 2.892309 -0.202897
v -0.348193 2.877256 -0.215425
v -0.349727 2.86933 -0.184296
v -0.30308 2.938848 -0.198417
v -0.298447 2.936232 -0.224105
v -0.339733 2.890428 -0.227352
v -0.307478 2.932332 -0.191211
v -0.272062 3.044582 -0.185109
v -0.277926 3.025963 -0.18664
v -0.289248 3.006226 -0.201976
v -0.279443 3.023529 -0.188343
v -0.265198 3.087886 -0.197903
v -0.274742 3.052859 -0.19749
v -0.268721 3.080683 -0.199029
v -0.27156 3.065417 -0.194404
v -0.266554 3.061677 -0.186125
v -0.269643 3.030205 -0.181914
v -0.269006 3.065347 -0.191551
v -0.267177 3.060295 -0.185011
v -0.259865 3.094858 -0.190408
v -0.265952 3.111759 -0.204611
v -0.27701 3.042089 -0.194967
v -0.276392 3.034085 -0.209091
v -0.28934 3.010188 -0.19238
v -0.288083 2.992049 -0.19796
v -0.288238 2.991778 -0.197184
v -0.276656 3.040372 -0.192707
v -0.275018 3.024546 -0.218008
v -0.271911 3.049778 -0.205324
v -0.274869 3.061749 -0.195662
v -0.264711 3.088767 -0.197845
v -0.264712 3.083449 -0.209136
v -0.274919 3.040632 -0.208601
v -0.27044 3.045976 -0.209866
v -0.272052 3.054493 -0.206493
v -0.275409 3.054809 -0.201741
v -0.273954 3.055309 -0.204327
v -0.241991 3.073087 -0.223759
v -0.259447 2.93465 -0.249935
v -0.304574 2.937005 -0.207958
v -0.280553 3.027298 -0.199794
v -0.283647 3.01984 -0.206625
v -0.29489 2.951675 -0.198628
v -0.325568 2.918622 -0.194539
v -0.316648 2.92512 -0.194821
v -0.298906 2.945355 -0.193852
v -0.336262 2.905912 -0.208502
v -0.315491 2.923419 -0.222391
v -0.319254 2.919663 -0.171452
v -0.315587 2.927038 -0.20871
v -0.339766 2.887225 -0.233064
v -0.288002 2.950681 -0.216001
v -0.229053 3.03059 -0.193011
v -0.28832 2.956209 -0.206767
v -0.277321 3.040932 -0.199894
v -0.28946 3.006866 -0.202527
v -0.289465 3.007212 -0.20243
v -0.28854 3.009587 -0.205104
v -0.289265 3.004819 -0.200805
v -0.267251 3.027951 -0.225346
v -0.279538 3.02934 -0.198463
v -0.280314 2.982377 -0.218228
v -0.269317 3.010739 -0.234475
v -0.285062 3.014106 -0.212235
v -0.284078 3.013844 -0.213364
v -0.285359 3.013139 -0.214193
v -0.285728 3.010472 -0.217949
v -0.283641 3.015089 -0.214452
v -0.251806 3.174744 -0.199351
v -0.252052 3.174978 -0.198001
v -0.258608 3.126086 -0.20862
v -0.258034 3.137644 -0.207099
v -0.25832 3.128947 -0.198268
v -0.254994 3.043861 -0.226789
v -0.262063 3.069695 -0.212875
v -0.262051 3.069672 -0.212886
v -0.26208 3.069724 -0.212864
v -0.261509 3.120002 -0.20368
v -0.261518 3.122022 -0.200501
v -0.262014 3.121123 -0.199303
v -0.261151 3.121996 -0.199876
v -0.264333 3.062593 -0.208049
v -0.265648 3.065126 -0.205139
v -0.263661 3.064706 -0.209729
v -0.269374 3.079779 -0.199083
v -0.268721 3.080683 -0.199029
v -0.269149 3.079281 -0.199158
v -0.268612 3.077125 -0.199032
v -0.231119 3.043374 -0.212043
v -0.256999 3.115924 -0.218686
v -0.265836 3.076663 -0.204349
v -0.262105 3.069765 -0.212846
v -0.257658 3.121415 -0.215447
v -0.24277 3.143925 -0.197686
v -0.247478 3.108073 -0.221141
v -0.243627 3.116832 -0.216104
v -0.241124 3.110651 -0.204073
v -0.237537 3.075286 -0.217984
v -0.245917 3.150051 -0.208888
v -0.242646 3.147031 -0.195078
v -0.242807 3.149701 -0.206127
v -0.254468 3.166975 -0.198385
v -0.257503 3.150578 -0.199927
v -0.251277 3.17588 -0.202109
v -0.254887 3.152441 -0.205394
v -0.252185 3.170097 -0.202837
v -0.247615 3.161314 -0.206918
v -0.249433 3.160905 -0.207145
v -0.246155 3.171793 -0.204908
v -0.249341 3.179318 -0.204822
v -0.251338 3.160131 -0.20811
v -0.251354 3.160116 -0.208092
v -0.251317 3.160148 -0.208135
v -0.251288 3.160173 -0.208169
v -0.2512 3.160247 -0.208272
v -0.249397 3.189437 -0.198543
v -0.246926 3.184096 -0.196155
v -0.241078 3.188028 -0.202101
v -0.25338 3.18663 -0.204706
v -0.254469 3.186389 -0.206431
v -0.253058 3.186065 -0.205747
v -0.251594 3.17976 -0.201251
v -0.25247 3.181467 -0.199725
v -0.252114 3.181582 -0.200144
v -0.241714 3.188373 -0.203026
v -0.241078 3.188028 -0.202101
v -0.241203 3.18787 -0.202562
v -0.244212 3.154365 -0.206568
v -0.241993 3.152328 -0.197658
v -0.240757 3.163603 -0.200139
v -0.240956 3.187221 -0.202645
v -0.243615 3.179841 -0.195116
v -0.2446 3.184689 -0.197174
v -0.241785 3.181833 -0.203393
v -0.241306 3.187588 -0.203851
v -0.240927 3.188209 -0.203206
v -0.240956 3.187221 -0.202645
v -0.240956 3.187221 -0.202645
v -0.240927 3.188209 -0.203206
v -0.241714 3.188373 -0.203026
v -0.241714 3.188373 -0.203026
v -0.24454 3.182659 -0.195284
v -0.24399 3.170819 -0.204261
v -0.249252 3.148337 -0.191757
v -0.241717 3.132441 -0.199345
v -0.232739 3.049613 -0.187518
v -0.237039 3.052071 -0.186357
v -0.238493 3.069892 -0.190386
v -0.235889 3.084153 -0.196111
v -0.240415 3.098285 -0.208125
v -0.240621 3.119905 -0.195318
v -0.243699 3.047874 -0.180324
v -0.238351 3.042283 -0.182067
v -0.22502 2.949894 -0.179957
v -0.23948 3.064657 -0.186661
v -0.229077 3.045221 -0.20733
v -0.234416 3.036424 -0.185957
v -0.224298 2.989902 -0.188765
v -0.239502 3.067955 -0.187275
v -0.23007 2.98375 -0.182188
v -0.237014 3.051997 -0.186437
v -0.237119 3.092723 -0.201385
v -0.24607 3.051182 -0.181536
v -0.231684 3.070856 -0.20342
v -0.238028 3.075493 -0.193365
v -0.235295 3.092588 -0.202483
v -0.235279 3.092735 -0.202166
v -0.235286 3.092665 -0.202319
v -0.235282 3.092721 -0.202199
v -0.236175 3.087143 -0.212348
v -0.232252 3.028677 -0.215978
v -0.230674 3.027305 -0.213534
v -0.244115 3.137041 -0.198852
v -0.241919 3.146681 -0.198755
v -0.243486 3.134331 -0.209615
v -0.246202 3.1035 -0.220472
v -0.235303 3.092806 -0.202008
v -0.235282 3.092766 -0.202104
v -0.249744 3.119959 -0.191201
v -0.239309 3.127594 -0.20737
v -0.235264 3.09279 -0.202062
v -0.232186 3.067582 -0.210539
v -0.232152 3.054716 -0.21012
v -0.232186 3.067582 -0.210539
v -0.222147 2.958438 -0.208307
v -0.226024 3.001318 -0.228118
v -0.236417 3.003279 -0.235023
v -0.218541 2.948613 -0.21134
v -0.228127 2.968783 -0.219832
v -0.215021 2.926766 -0.236041
v -0.176265 2.897116 -0.198986
v -0.179214 2.896052 -0.193237
v -0.179532 2.892046 -0.188456
v -0.168913 2.874903 -0.20316
v -0.179883 2.894855 -0.189824
v -0.217649 2.943323 -0.189798
v -0.214627 2.939503 -0.209573
v -0.201127 2.92252 -0.186068
v -0.19365 2.916554 -0.204115
v -0.163794 2.862178 -0.206001
v -0.166463 2.871526 -0.206881
v -0.167856 2.884846 -0.208118
v -0.179707 2.893451 -0.18914
v -0.162856 2.855117 -0.216185
v -0.157444 2.842526 -0.221948
v -0.153597 2.83533 -0.205511
v -0.157479 2.819153 -0.21334
v -0.163437 2.780209 -0.200528
v -0.159652 2.847541 -0.21591
v -0.156141 2.83154 -0.212076
v -0.163202 2.856995 -0.217029
v -0.168739 2.667252 -0.21455
v -0.153223 2.843679 -0.191297
v -0.156493 2.812299 -0.189363
v -0.157313 2.81403 -0.202505
v -0.158258 2.80246 -0.1955
v -0.159766 2.790721 -0.189279
v -0.186415 2.904197 -0.184796
v -0.170552 2.869927 -0.185228
v -0.165179 2.858891 -0.18408
v -0.170511 2.872273 -0.190529
v -0.158613 2.850111 -0.182428
v -0.16443 2.857644 -0.188749
v -0.178663 2.885139 -0.178075
v -0.15134 2.841093 -0.183862
v -0.151656 2.833328 -0.17761
v -0.180012 2.897083 -0.19191
v -0.187953 2.909028 -0.190867
v -0.198263 2.920087 -0.181789
v -0.219266 2.941206 -0.183662
v -0.194695 2.917685 -0.188368
v -0.189987 2.912164 -0.193284
v -0.208484 2.928256 -0.186638
v -0.213804 2.936027 -0.188335
v -0.186028 2.904344 -0.187034
v -0.177334 2.896469 -0.196202
v -0.219852 3.001787 -0.200339
v -0.225191 2.956733 -0.182969
v -0.159623 2.802856 -0.218731
v -0.223862 3.01984 -0.193153
v -0.22378 2.95875 -0.187098
v -0.226582 2.968222 -0.214918
v -0.219558 3.001717 -0.20395
v -0.221726 3.015904 -0.208529
v -0.220257 2.993224 -0.208512
v -0.221922 2.992385 -0.193
v -0.218634 3.004032 -0.212602
v -0.219523 3.001969 -0.206261
v -0.220596 2.954405 -0.211157
v -0.220538 2.954742 -0.204561
v -0.220974 2.991622 -0.210403
v -0.222612 2.963713 -0.204535
v -0.223987 2.991605 -0.21672
v -0.172725 2.889364 -0.230372
v -0.168423 2.885561 -0.208815
v -0.169701 2.892021 -0.213593
v -0.169926 2.893168 -0.211824
v -0.190186 2.913465 -0.215753
v -0.174755 2.896507 -0.22624
v -0.18226 2.899909 -0.231979
v -0.184593 2.90033 -0.234287
v -0.20867 2.921477 -0.238432
v -0.178889 2.752679 -0.261007
v -0.166958 2.856775 -0.244336
v -0.170404 2.866587 -0.237232
v -0.173585 2.891262 -0.230025
v -0.175349 2.888948 -0.233829
v -0.174467 2.875899 -0.237539
v -0.157023 2.838457 -0.219378
v -0.160304 2.811612 -0.236059
v -0.164592 2.747079 -0.228267
v -0.165598 2.757209 -0.225066
v -0.159143 2.848033 -0.234525
v -0.158548 2.81385 -0.221666
v -0.164195 2.859861 -0.219027
v -0.166718 2.865168 -0.217836
v -0.160923 2.851011 -0.217097
v -0.166923 2.744086 -0.244128
v -0.168873 2.868643 -0.219847
v -0.157804 2.820241 -0.218507
v -0.16178 2.748905 -0.196814
v -0.186278 2.890134 -0.246605
v -0.179001 2.755378 -0.261661
v -0.16354 2.720035 -0.253623
v -0.16389 2.712128 -0.247858
v -0.167974 2.603653 -0.236537
v -0.162874 2.611847 -0.206871
v -0.164938 2.61949 -0.23088
v -0.168303 2.662065 -0.218888
v -0.164506 2.632571 -0.215612
v -0.167734 2.656635 -0.221389
v -0.16416 2.621348 -0.226493
v -0.169583 2.566733 -0.232429
v -0.175401 2.614268 -0.25585
v -0.16984 2.593263 -0.237727
v -0.180113 2.435416 -0.242637
v -0.171429 2.502784 -0.214791
v -0.16989 2.534025 -0.211515
v -0.178765 2.510099 -0.250776
v -0.171552 2.498559 -0.213177
v -0.222792 2.595181 -0.298009
v -0.165444 2.619639 -0.232833
v -0.161467 2.70515 -0.218515
v -0.204293 2.638841 -0.284946
v -0.165739 2.669206 -0.222244
v -0.163442 2.790026 -0.221084
v -0.16555 2.762266 -0.224163
v -0.16216 2.68252 -0.217489
v -0.165982 2.771891 -0.228481
v -0.164506 2.632571 -0.215612
v -0.164959 2.782447 -0.221529
v -0.202534 2.550665 -0.278483
v -0.167428 2.667393 -0.218036
v -0.16919 2.666521 -0.215693
v -0.165699 2.671625 -0.218361
v -0.202445 2.916963 -0.242425
v -0.224579 3.002197 -0.226022
v -0.21778 2.919641 -0.252808
v -0.210154 2.931706 -0.213866
v -0.213062 2.936351 -0.210065
v -0.207605 2.927879 -0.218026
v -0.209308 2.927113 -0.223662
v -0.214287 2.933363 -0.223936
v -0.220918 2.950963 -0.21581
v -0.220515 2.949069 -0.217781
v -0.229088 2.981328 -0.224514
v -0.232754 2.98122 -0.230585
v -0.228138 2.973953 -0.219903
v -0.227029 2.988602 -0.221579
v -0.232335 3.003896 -0.232551
v -0.253794 3.006938 -0.239461
v -0.253661 3.015321 -0.236921
v -0.250129 3.020696 -0.232984
v -0.225159 3.015519 -0.218325
v -0.222615 3.018631 -0.205641
v -0.224579 3.002197 -0.226022
v -0.223987 2.991605 -0.21672
v -0.254034 2.973614 -0.235915
v -0.173609 2.885724 -0.232712
v -0.194204 2.876331 -0.26796
v -0.197261 2.8927 -0.26768
v -0.225101 2.945519 -0.22935
v -0.226967 2.948531 -0.229844
v -0.231831 2.955908 -0.229121
v -0.229022 2.957555 -0.224136
v -0.244735 2.921061 -0.265199
v -0.196702 2.909935 -0.24117
v -0.212956 2.920349 -0.248159
v -0.195407 2.892761 -0.262817
v -0.209915 2.907918 -0.267746
v -0.236573 2.918723 -0.264632
v -0.201304 2.909558 -0.249973
v -0.230406 2.917078 -0.26396
v -0.204809 2.903898 -0.269327
v -0.290714 2.944516 -0.225779
v -0.21864 2.921171 -0.25114
v -0.230685 2.923864 -0.254632
v -0.216857 2.928688 -0.234882
v -0.198458 2.903069 -0.259102
v -0.19851 2.903997 -0.256501
v -0.255731 2.932614 -0.252255
v -0.192938 2.906282 -0.239504
v -0.182507 2.890723 -0.240752
v -0.168128 2.757561 -0.234445
v -0.187524 2.884639 -0.253485
v -0.177028 2.891506 -0.234844
v -0.181053 2.89098 -0.238677
v -0.19167 2.89958 -0.24442
v -0.187524 2.884639 -0.253485
v -0.186207 2.887202 -0.250218
v -0.195989 2.646185 -0.276113
v -0.384477 2.477656 -0.182524
v -0.384155 2.4698 -0.16849
v -0.196476 2.574324 -0.274423
v -0.206227 2.581837 -0.284148
v -0.197109 2.588398 -0.275742
v -0.179178 2.535921 -0.251262
v -0.187824 2.861742 -0.268603
v -0.163762 2.83862 -0.257666
v -0.162844 2.83855 -0.252462
v -0.164631 2.838092 -0.259098
v -0.218219 2.88749 -0.283162
v -0.171851 2.853984 -0.255321
v -0.175283 2.628795 -0.257166
v -0.202158 2.533963 -0.277761
v -0.189736 2.549349 -0.267518
v -0.187665 2.628754 -0.271948
v -0.177495 2.597819 -0.25882
v -0.173999 2.594105 -0.254533
v -0.167966 2.663104 -0.245764
v -0.175328 2.567285 -0.249294
v -0.190695 2.646126 -0.27112
v -0.17415 2.544291 -0.243709
v -0.173286 2.591494 -0.253143
v -0.171458 2.621898 -0.248924
v -0.167653 2.660356 -0.245502
v -0.192736 2.645622 -0.272597
v -0.160064 2.84702 -0.241554
v -0.174728 2.885496 -0.234654
v -0.175683 2.875706 -0.241119
v -0.209201 2.723682 -0.296724
v -0.172371 2.678132 -0.25624
v -0.171669 2.853854 -0.255293
v -0.178181 2.714725 -0.266135
v -0.173784 2.676705 -0.257117
v -0.171228 2.666838 -0.253001
v -0.171953 2.643959 -0.254026
v -0.168291 2.624238 -0.243449
v -0.173905 2.610096 -0.253355
v -0.171922 2.556514 -0.23965
v -0.170986 2.563622 -0.239642
v -0.180099 2.50437 -0.251232
v -0.174863 2.400021 -0.218358
v -0.175795 2.510337 -0.245686
v -0.176621 2.509092 -0.245885
v -0.177369 2.509407 -0.248933
v -0.184444 2.657808 -0.266737
v -0.166348 2.658894 -0.239479
v -0.164868 2.708231 -0.247811
v -0.165733 2.709252 -0.250102
v -0.170814 2.821032 -0.263404
v -0.165586 2.840014 -0.262845
v -0.170809 2.800109 -0.259134
v -0.176719 2.749368 -0.259158
v -0.163899 2.823876 -0.250735
v -0.171906 2.779801 -0.254001
v -0.160077 2.822009 -0.235466
v -0.162844 2.83855 -0.252462
v -0.16081 2.823623 -0.239375
v -0.158155 2.84166 -0.234248
v -0.160677 2.840853 -0.246958
v -0.176514 2.863297 -0.251212
v -0.16078 2.831028 -0.242599
v -0.167665 2.856235 -0.245552
v -0.163319 2.848436 -0.247065
v -0.160843 2.842566 -0.246875
v -0.166399 2.842425 -0.26371
v -0.1775 2.844686 -0.276214
v -0.169238 2.842296 -0.269016
v -0.193011 2.845525 -0.283365
v -0.193058 2.847308 -0.28292
v -0.191871 2.84589 -0.283463
v -0.211947 2.850531 -0.293828
v -0.226025 2.830561 -0.305987
v -0.287421 2.865542 -0.291849
v -0.216649 2.880732 -0.284094
v -0.206731 2.901831 -0.272493
v -0.253673 2.908156 -0.279335
v -0.231397 2.901478 -0.278223
v -0.207406 2.85922 -0.284115
v -0.19852 2.868096 -0.274913
v -0.197566 2.85578 -0.281534
v -0.206237 2.862528 -0.281906
v -0.214019 2.829494 -0.300492
v -0.224473 2.823932 -0.303926
v -0.213893 2.908432 -0.270232
v -0.214285 2.906537 -0.271369
v -0.214845 2.909398 -0.268353
v -0.211037 2.901221 -0.274978
v -0.214285 2.906537 -0.271369
v -0.264773 2.868717 -0.294402
v -0.294591 2.843785 -0.302985
v -0.254952 2.887551 -0.291413
v -0.246047 2.884875 -0.289355
v -0.225046 2.812546 -0.304005
v -0.212161 2.797441 -0.292655
v -0.205924 2.84329 -0.296827
v -0.212894 2.841105 -0.300182
v -0.220796 2.835134 -0.305222
v -0.219883 2.82372 -0.301688
v -0.230832 2.845373 -0.308529
v -0.236903 2.799147 -0.304036
v -0.223105 2.835083 -0.306387
v -0.231684 2.850812 -0.304575
v -0.242318 2.747916 -0.305187
v -0.225242 2.736571 -0.306916
v -0.202965 2.761527 -0.281011
v -0.224266 2.65757 -0.297972
v -0.215759 2.657165 -0.290236
v -0.201354 2.745004 -0.285911
v -0.227599 2.544544 -0.296645
v -0.216966 2.51482 -0.289467
v -0.188736 2.667413 -0.269594
v -0.208782 2.694569 -0.291297
v -0.220679 2.473526 -0.294305
v -0.273416 2.757594 -0.300246
v -0.32199 2.694429 -0.293784
v -0.223447 2.702321 -0.301952
v -0.224444 2.743983 -0.302605
v -0.224739 2.74347 -0.305427
v -0.226549 2.742313 -0.305613
v -0.230758 2.786191 -0.300427
v -0.234226 2.744826 -0.305524
v -0.239273 2.641487 -0.306943
v -0.239021 2.777846 -0.301679
v -0.194368 2.497505 -0.266139
v -0.203253 2.556012 -0.278641
v -0.209526 2.578083 -0.286889
v -0.247011 2.547822 -0.306248
v -0.215392 2.653352 -0.28975
v -0.208931 2.644321 -0.286513
v -0.213598 2.800368 -0.295097
v -0.203261 2.804093 -0.287666
v -0.222486 2.654085 -0.296181
v -0.217732 2.754904 -0.292275
v -0.222333 2.763619 -0.296272
v -0.221377 2.629063 -0.298444
v -0.223846 2.700695 -0.301309
v -0.217855 2.611322 -0.29473
v -0.177556 2.580039 -0.254136
v -0.197537 2.540489 -0.2738
v -0.196884 2.686944 -0.274526
v -0.202684 2.712178 -0.286967
v -0.200624 2.745445 -0.285063
v -0.208931 2.644321 -0.286513
v -0.208716 2.576843 -0.286196
v -0.239465 2.570203 -0.304895
v -0.217285 2.579267 -0.293748
v -0.205519 2.570376 -0.282005
v -0.19723 2.492308 -0.269439
v -0.204859 2.569476 -0.280683
v -0.204783 2.575685 -0.282634
v -0.20173 2.505771 -0.274751
v -0.209895 2.532433 -0.284403
v -0.189658 2.701187 -0.27465
v -0.265548 2.672697 -0.304812
v -0.207958 2.712935 -0.29256
v -0.192091 2.716895 -0.278997
v -0.181444 2.687879 -0.266158
v -0.194362 2.709931 -0.279272
v -0.196063 2.635297 -0.278304
v -0.196015 2.646188 -0.276172
v -0.195998 2.646188 -0.276116
v -0.196948 2.624887 -0.279464
v -0.186157 2.671088 -0.268223
v -0.182729 2.684699 -0.266566
v -0.189937 2.750393 -0.273061
v -0.178855 2.725471 -0.271148
v -0.18704 2.745597 -0.274321
v -0.187105 2.734252 -0.279529
v -0.173505 2.405537 -0.211371
v -0.179283 2.354773 -0.231892
v -0.195148 2.39648 -0.264383
v -0.264241 2.37204 -0.309291
v -0.174272 2.5032 -0.237223
v -0.181935 2.414658 -0.247438
v -0.20396 2.477896 -0.275453
v -0.239653 2.490079 -0.303884
v -0.218057 2.481601 -0.291934
v -0.207979 2.481909 -0.281122
v -0.224186 2.518504 -0.295037
v -0.207358 2.460742 -0.28044
v -0.215911 2.451836 -0.287814
v -0.182158 2.348629 -0.246713
v -0.190927 2.389561 -0.259026
v -0.185405 2.403813 -0.252323
v -0.236788 2.349996 -0.301152
v -0.388541 2.412941 -0.173746
v -0.260273 2.388373 -0.308848
v -0.283153 2.330203 -0.313963
v -0.241764 2.479859 -0.305541
v -0.385867 2.464225 -0.185481
v -0.238872 2.459 -0.304707
v -0.217076 2.330598 -0.29152
v -0.208174 2.480179 -0.281543
v -0.224183 2.489374 -0.291745
v -0.224108 2.489305 -0.291657
v -0.224067 2.489265 -0.291607
v -0.251343 2.548599 -0.306873
v -0.224067 2.489264 -0.291607
v -0.228624 2.440897 -0.297566
v -0.224312 2.489493 -0.291894
v -0.216469 2.508937 -0.288213
v -0.210651 2.49461 -0.282512
v -0.211765 2.487354 -0.284352
v -0.21648 2.498803 -0.287454
v -0.186755 2.365436 -0.255164
v -0.186763 2.365452 -0.255171
v -0.186745 2.365416 -0.255152
v -0.18673 2.365388 -0.255138
v -0.190503 2.39432 -0.258698
v -0.183259 2.429089 -0.248423
v -0.184916 2.503343 -0.258325
v -0.178856 2.496011 -0.249535
v -0.17474 2.488433 -0.236243
v -0.174941 2.491587 -0.239114
v -0.172128 2.503414 -0.223218
v -0.174143 2.495936 -0.235643
v -0.174407 2.412075 -0.223021
v -0.176132 2.394533 -0.226641
v -0.178279 2.386684 -0.234835
v -0.182531 2.43161 -0.247047
v -0.183277 2.431929 -0.248834
v -0.183061 2.433953 -0.248531
v -0.184385 2.430346 -0.250847
v -0.176108 2.404065 -0.230434
v -0.178691 2.368897 -0.237166
v -0.186421 2.429449 -0.25306
v -0.187622 2.430484 -0.255921
v -0.184385 2.430346 -0.250847
v -0.181011 2.375318 -0.241729
v -0.179185 2.382188 -0.236766
v -0.18669 2.365304 -0.255093
v -0.180646 2.362329 -0.242819
v -0.186028 2.37978 -0.250152
v -0.225501 2.34474 -0.29423
v -0.197721 2.313902 -0.282842
v -0.177207 2.335651 -0.232323
v -0.197729 2.313582 -0.284777
v -0.196504 2.313524 -0.278481
v -0.210273 2.321037 -0.290208
v -0.232785 2.322379 -0.307023
v -0.209588 2.321887 -0.288814
v -0.222555 2.355402 -0.289896
v -0.238674 2.316452 -0.312982
v -0.280141 2.350946 -0.310235
v -0.233655 2.33729 -0.30112
v -0.232643 2.344544 -0.29988
v -0.226432 2.454665 -0.29588
v -0.310235 2.48201 -0.305139
v -0.259067 2.324201 -0.31438
v -0.272336 2.405031 -0.309913
v -0.29236 2.479706 -0.305662
v -0.280153 2.337767 -0.311716
v -0.24654 2.402781 -0.304606
v -0.299228 2.321362 -0.320297
v -0.257564 2.316993 -0.31941
v -0.308095 2.411185 -0.306508
v -0.267278 2.47725 -0.303871
v -0.267298 2.477247 -0.303896
v -0.26725 2.477256 -0.30384
v -0.271205 2.383125 -0.310694
v -0.278993 2.548602 -0.30536
v -0.295753 2.356389 -0.309401
v -0.298137 2.38448 -0.307132
v -0.293681 2.356671 -0.309358
v -0.25461 2.450662 -0.307796
v -0.268349 2.410382 -0.310087
v -0.221183 2.318069 -0.29894
v -0.233734 2.387928 -0.296612
v -0.272365 2.483449 -0.305579
v -0.251933 2.340851 -0.307577
v -0.234668 2.34689 -0.300429
v -0.261148 2.389819 -0.309167
v -0.251504 2.434385 -0.30826
v -0.267213 2.477262 -0.303794
v -0.249784 2.457132 -0.308417
v -0.295441 2.420242 -0.30693
v -0.253105 2.479317 -0.307629
v -0.331542 2.454416 -0.297538
v -0.277568 2.513808 -0.304657
v -0.299452 2.436395 -0.306158
v -0.325905 2.380891 -0.304582
v -0.238145 2.332976 -0.303974
v -0.253544 2.344988 -0.306927
v -0.376575 2.436098 -0.149035
v -0.241278 2.333204 -0.305033
v -0.232201 2.329949 -0.302294
v -0.232201 2.329949 -0.302294
v -0.237638 2.542586 -0.302319
v -0.252202 2.51955 -0.306499
v -0.248529 2.526747 -0.305901
v -0.271708 2.488468 -0.30516
v -0.267099 2.477282 -0.303659
v -0.258425 2.482079 -0.306796
v -0.261597 2.526045 -0.305191
v -0.310578 2.545618 -0.306942
v -0.312444 2.548435 -0.307521
v -0.295835 2.536292 -0.304508
v -0.309533 2.538479 -0.305437
v -0.294435 2.636076 -0.307028
v -0.269423 2.565644 -0.304917
v -0.269629 2.488366 -0.305245
v -0.277922 2.689542 -0.30975
v -0.251572 2.54245 -0.306574
v -0.261597 2.526045 -0.305191
v -0.249593 2.618985 -0.307677
v -0.228987 2.613654 -0.301825
v -0.25573 2.63834 -0.309371
v -0.237528 2.654932 -0.305918
v -0.238564 2.582215 -0.305937
v -0.227265 2.582319 -0.299691
v -0.282317 2.579654 -0.305016
v -0.301901 2.615385 -0.305552
v -0.264031 2.695485 -0.308049
v -0.25201 2.667802 -0.309215
v -0.289298 2.665713 -0.306299
v -0.22361 2.661096 -0.299205
v -0.299332 2.606724 -0.305207
v -0.262087 2.700655 -0.307889
v -0.282021 2.655792 -0.304892
v -0.263261 2.634427 -0.30888
v -0.246538 2.668845 -0.308793
v -0.283449 2.658784 -0.305099
v -0.232611 2.693566 -0.304863
v -0.229425 2.590431 -0.301994
v -0.261984 2.590127 -0.306332
v -0.249235 2.601803 -0.307237
v -0.348657 2.626968 -0.277342
v -0.37962 2.571056 -0.191
v -0.321146 2.5907 -0.302367
v -0.25041 2.595228 -0.307021
v -0.243376 2.583285 -0.307355
v -0.224444 2.743983 -0.302605
v -0.256593 2.752377 -0.303352
v -0.279512 2.669511 -0.305044
v -0.27024 2.669184 -0.304251
v -0.239151 2.735239 -0.310182
v -0.250987 2.719375 -0.309302
v -0.310341 2.701192 -0.303185
v -0.312478 2.700748 -0.301873
v -0.310341 2.701192 -0.303185
v -0.302061 2.744302 -0.304424
v -0.305332 2.738598 -0.305562
v -0.313403 2.593642 -0.304544
v -0.290426 2.709626 -0.306378
v -0.28656 2.654911 -0.305934
v -0.261864 2.686926 -0.307593
v -0.27757 2.70007 -0.309207
v -0.282151 2.691859 -0.310071
v -0.297555 2.671002 -0.306422
v -0.304258 2.676398 -0.304861
v -0.279243 2.709464 -0.307289
v -0.275774 2.703336 -0.308047
v -0.274166 2.685368 -0.308459
v -0.254858 2.724625 -0.309805
v -0.245489 2.668981 -0.308496
v -0.256916 2.672697 -0.307582
v -0.314019 2.608855 -0.303383
v -0.245062 2.67737 -0.308424
v -0.250028 2.739275 -0.309015
v -0.246538 2.713096 -0.309057
v -0.25915 2.697111 -0.30755
v -0.247522 2.681456 -0.308803
v -0.287632 2.767901 -0.298763
v -0.253571 2.648687 -0.30901
v -0.245624 2.573414 -0.307179
v -0.25573 2.63834 -0.309371
v -0.245507 2.616768 -0.307254
v -0.244574 2.56225 -0.306941
v -0.248583 2.584793 -0.307562
v -0.258005 2.731528 -0.309281
v -0.255948 2.736791 -0.308943
v -0.290823 2.775269 -0.298797
v -0.296893 2.776236 -0.297592
v -0.282728 2.773707 -0.298432
v -0.263434 2.702532 -0.307987
v -0.26478 2.704409 -0.308085
v -0.292344 2.679804 -0.307943
v -0.286856 2.684484 -0.309536
v -0.310876 2.738755 -0.30495
v -0.300749 2.738553 -0.306142
v -0.308289 2.753403 -0.299417
v -0.347488 2.728405 -0.273951
v -0.305381 2.682917 -0.304767
v -0.316076 2.69758 -0.29852
v -0.306808 2.60965 -0.305404
v -0.305185 2.600368 -0.305655
v -0.317777 2.608188 -0.302129
v -0.333335 2.663277 -0.290811
v -0.284984 2.656536 -0.306286
v -0.317952 2.648646 -0.300424
v -0.332339 2.637023 -0.293967
v -0.370563 2.641298 -0.248599
v -0.322062 2.619655 -0.300148
v -0.321146 2.5907 -0.302367
v -0.319345 2.721187 -0.299925
v -0.311862 2.715542 -0.302446
v -0.305155 2.684891 -0.304731
v -0.307042 2.682215 -0.303999
v -0.305404 2.687898 -0.30496
v -0.341871 2.726662 -0.280201
v -0.324117 2.738625 -0.298196
v -0.337084 2.675871 -0.284737
v -0.305404 2.687898 -0.30496
v -0.319462 2.59679 -0.302471
v -0.303937 2.74577 -0.303539
v -0.314841 2.69823 -0.300502
v -0.313439 2.700218 -0.302705
v -0.310717 2.697798 -0.301807
v -0.314536 2.700127 -0.300546
v -0.309824 2.68651 -0.30128
v -0.296612 2.745798 -0.304639
v -0.298822 2.748219 -0.302771
v -0.296639 2.744866 -0.304831
v -0.318688 2.728502 -0.301866
v -0.3223 2.741087 -0.299006
v -0.324751 2.734325 -0.298865
v -0.340389 2.721213 -0.281231
v -0.355138 2.736774 -0.266268
v -0.347451 2.537589 -0.280191
v -0.347997 2.759685 -0.253004
v -0.312897 2.607356 -0.304053
v -0.359044 2.721307 -0.257288
v -0.374102 2.728804 -0.229795
v -0.341857 2.737877 -0.280847
v -0.356121 2.794089 -0.238539
v -0.34445 2.637112 -0.280027
v -0.374421 2.677173 -0.235222
v -0.374302 2.680613 -0.213584
v -0.374348 2.699493 -0.224888
v -0.371779 2.690552 -0.206651
v -0.374655 2.644932 -0.168645
v -0.369338 2.534188 -0.253665
v -0.3279 2.583798 -0.297321
v -0.324379 2.625991 -0.298999
v -0.3203 2.587473 -0.302701
v -0.316963 2.58935 -0.304124
v -0.367387 2.601152 -0.254751
v -0.305256 2.666714 -0.305256
v -0.310909 2.651446 -0.303294
v -0.301612 2.65022 -0.306028
v -0.325683 2.64217 -0.297818
v -0.315587 2.47761 -0.305885
v -0.315447 2.477836 -0.305322
v -0.29814 2.464918 -0.305915
v -0.329472 2.358938 -0.307168
v -0.322972 2.56827 -0.301507
v -0.36136 2.745902 -0.253423
v -0.303047 2.513475 -0.304252
v -0.310174 2.543896 -0.307168
v -0.313472 2.549001 -0.306866
v -0.307445 2.547996 -0.307267
v -0.335202 2.520315 -0.294406
v -0.348809 2.335662 -0.299879
v -0.317788 2.450963 -0.305896
v -0.304544 2.504271 -0.304494
v -0.335678 2.516591 -0.293676
v -0.334813 2.51652 -0.294141
v -0.332079 2.514299 -0.295561
v -0.359909 2.559256 -0.264914
v -0.345918 2.568986 -0.280499
v -0.382462 2.582724 -0.219472
v -0.380453 2.592295 -0.20545
v -0.340189 2.499062 -0.290871
v -0.348883 2.559154 -0.278341
v -0.348793 2.443046 -0.282113
v -0.337454 2.518414 -0.293075
v -0.322723 2.416968 -0.304341
v -0.345848 2.401311 -0.294444
v -0.350744 2.342558 -0.296516
v -0.362451 2.397875 -0.273821
v -0.337074 2.377913 -0.303328
v -0.296236 2.429951 -0.306366
v -0.311047 2.416074 -0.306076
v -0.314372 2.433432 -0.305675
v -0.316105 2.475173 -0.30574
v -0.310866 2.456679 -0.306951
v -0.299925 2.47655 -0.305914
v -0.342256 2.418653 -0.296264
v -0.342004 2.338304 -0.305318
v -0.342753 2.358374 -0.302272
v -0.337553 2.356832 -0.304774
v -0.315567 2.544365 -0.305459
v -0.309113 2.458488 -0.306323
v -0.326677 2.350554 -0.309063
v -0.315799 2.476764 -0.306023
v -0.314898 2.472987 -0.306373
v -0.320319 2.32003 -0.320063
v -0.320175 2.321091 -0.320686
v -0.302962 2.317235 -0.324227
v -0.320175 2.321091 -0.320686
v -0.320175 2.321091 -0.320686
v -0.320319 2.32003 -0.320063
v -0.317692 2.312818 -0.332004
v -0.228449 2.295893 -0.349399
v -0.343822 2.763905 -0.257931
v -0.358367 2.756222 -0.239327
v -0.32858 2.759563 -0.278116
v -0.324207 2.775431 -0.280013
v -0.316551 2.815822 -0.289894
v -0.325171 2.822017 -0.282576
v -0.337135 2.757891 -0.269844
v -0.31861 2.819824 -0.289599
v -0.335657 2.851463 -0.276217
v -0.33631 2.858216 -0.268848
v -0.316796 2.845523 -0.295738
v -0.322844 2.8945 -0.263429
v -0.348426 2.84665 -0.262223
v -0.355394 2.860217 -0.225655
v -0.342176 2.879805 -0.233759
v -0.348637 2.840732 -0.261606
v -0.350841 2.841576 -0.258713
v -0.329394 2.871759 -0.262333
v -0.330192 2.875203 -0.259652
v -0.296627 2.855291 -0.295806
v -0.340165 2.884092 -0.237712
v -0.327901 2.847757 -0.28523
v -0.328289 2.853606 -0.28106
v -0.334461 2.838762 -0.277928
v -0.333707 2.762744 -0.270636
v -0.331792 2.85063 -0.2809
v -0.32223 2.754109 -0.287668
v -0.305844 2.756426 -0.298044
v -0.302078 2.784888 -0.295268
v -0.307873 2.859423 -0.287261
v -0.308582 2.756074 -0.297609
v -0.302078 2.784888 -0.295268
v -0.322966 2.835216 -0.29094
v -0.269575 2.885563 -0.291285
v -0.225743 2.798226 -0.301222
v -0.233918 2.791363 -0.302354
v -0.312461 2.902984 -0.263419
v -0.236866 2.832172 -0.308917
v -0.349142 2.781594 -0.147417
v -0.25452 2.866014 -0.296506
v -0.353471 2.794125 -0.15744
v -0.357475 2.759627 -0.165669
v -0.29614 2.758841 -0.298273
v -0.251143 2.816012 -0.30456
v -0.262999 2.759677 -0.301471
v -0.286703 2.775254 -0.298864
v -0.257633 2.856822 -0.30089
v -0.232086 2.754058 -0.299723
v -0.245901 2.792891 -0.30333
v -0.256593 2.752377 -0.303352
v -0.246042 2.753403 -0.303025
v -0.256526 2.860702 -0.298595
v -0.240456 2.791835 -0.303268
v -0.256147 2.811733 -0.304548
v -0.265968 2.847092 -0.306491
v -0.302323 2.847788 -0.298726
v -0.301967 2.83527 -0.302511
v -0.264737 2.843616 -0.307054
v -0.27806 2.759733 -0.299375
v -0.298958 2.759254 -0.297869
v -0.269296 2.838595 -0.306536
v -0.234191 2.806402 -0.305096
v -0.232842 2.786482 -0.301486
v -0.25331 2.848811 -0.307425
v -0.24989 2.816912 -0.304963
v -0.256402 2.866078 -0.296854
v -0.239923 2.836107 -0.309943
v -0.240294 2.844409 -0.310513
v -0.245298 2.845644 -0.309764
v -0.239587 2.885858 -0.287287
v -0.228869 2.824768 -0.305483
v -0.228676 2.786311 -0.300143
v -0.218891 2.768168 -0.294784
v -0.239642 2.774938 -0.301751
v -0.301967 2.83527 -0.302511
v -0.266658 2.816377 -0.304052
v -0.297421 2.895506 -0.274413
v -0.300862 2.891503 -0.274902
v -0.265822 2.920066 -0.267612
v -0.320634 2.892365 -0.264897
v -0.326364 2.886146 -0.260713
v -0.297439 2.921525 -0.252209
v -0.300685 2.914712 -0.259786
v -0.255876 2.875722 -0.293375
v -0.257471 2.897115 -0.288126
v -0.275552 2.901564 -0.285265
v -0.241909 2.911933 -0.273626
v -0.231595 2.913134 -0.269983
v -0.239381 2.911658 -0.273466
v -0.236725 2.917013 -0.266888
v -0.243865 2.901335 -0.281058
v -0.262161 2.886979 -0.291737
v -0.256488 2.921844 -0.264934
v -0.261861 2.902556 -0.286701
v -0.274878 2.921883 -0.262465
v -0.240263 2.973837 -0.234292
v -0.239221 2.972048 -0.233597
v -0.241387 2.973805 -0.234703
v -0.240249 2.975194 -0.234074
v -0.242606 2.980463 -0.234936
v -0.277721 2.951526 -0.23297
v -0.313649 2.926032 -0.219014
v -0.242872 3.01933 -0.231671
v -0.232072 2.935986 -0.241971
v -0.228128 2.921475 -0.256124
v -0.235839 2.968405 -0.231568
v -0.259333 3.000293 -0.237464
v -0.290437 2.927675 -0.247814
v -0.255647 2.964283 -0.236895
v -0.287291 2.932609 -0.243015
v -0.257305 3.025702 -0.23089
v -0.295548 2.924466 -0.249212
v -0.27831 2.925181 -0.256841
v -0.297872 2.924687 -0.246734
v -0.334334 2.90153 -0.222682
v -0.30129 2.929686 -0.231093
v -0.31703 2.899252 -0.264391
v -0.308468 2.910061 -0.260523
v -0.284825 3.006801 -0.222213
v -0.308812 2.926047 -0.228245
v -0.311134 2.917974 -0.252917
v -0.275702 2.986153 -0.228571
v -0.259378 3.120833 -0.21136
v -0.276938 3.025542 -0.21244
v -0.267186 2.968513 -0.234268
v -0.282095 2.978907 -0.212122
v -0.284825 3.006801 -0.222213
v -0.286473 3.004809 -0.217305
v -0.286774 3.007942 -0.219298
v -0.262771 3.023419 -0.230428
v -0.27093 3.006423 -0.234673
v -0.269044 3.006038 -0.234922
v -0.270427 3.001974 -0.233686
v -0.259761 3.052826 -0.223303
v -0.265924 3.040946 -0.220449
v -0.277216 2.972211 -0.226052
v -0.25397 3.034396 -0.229411
v -0.283309 3.013568 -0.220877
v -0.246817 3.011287 -0.237967
v -0.292493 2.935557 -0.234028
v -0.303416 2.931478 -0.221999
v -0.32206 2.920491 -0.210534
v -0.331842 2.912629 -0.208192
v -0.346544 2.880869 -0.217012
v -0.36304 2.856655 -0.214541
v -0.361956 2.820529 -0.198256
v -0.352181 2.869842 -0.205823
v -0.228138 2.973953 -0.219903
v -0.228232 2.970391 -0.220682
v -0.229564 2.970643 -0.222058
v -0.275909 2.932585 -0.248772
v -0.269594 2.940267 -0.244312
v -0.280232 3.016983 -0.219577
v -0.278945 2.976948 -0.222942
v -0.286592 2.9518 -0.222114
v -0.287105 2.948996 -0.223728
v -0.289012 2.949327 -0.220923
v -0.27631 2.966543 -0.227741
v -0.278748 2.99375 -0.223542
v -0.240936 3.082419 -0.221171
v -0.256341 3.005041 -0.238995
v -0.243478 3.016791 -0.233659
v -0.260181 3.042758 -0.224855
v -0.249983 3.058191 -0.224678
v -0.23981 3.055612 -0.221488
v -0.242485 3.094015 -0.218397
v -0.253661 3.015321 -0.236921
v -0.248036 3.081357 -0.223914
v -0.250942 3.082599 -0.223293
v -0.25004 3.040924 -0.228881
v -0.251322 3.047265 -0.226783
v -0.261505 3.009602 -0.237594
v -0.258284 3.021765 -0.232446
v -0.247028 3.005376 -0.238871
v -0.249784 2.997242 -0.238046
v -0.259807 2.992611 -0.235871
v -0.260987 2.9505 -0.240176
v -0.238623 3.039026 -0.223137
v -0.257121 2.963021 -0.237928
v -0.233944 2.993726 -0.233073
v -0.232442 2.994101 -0.231689
v -0.231757 3.018466 -0.225292
v -0.232942 3.00662 -0.23203
v -0.258531 3.102356 -0.220081
v -0.245455 3.11047 -0.220206
v -0.244841 3.069305 -0.225364
v -0.240557 3.127577 -0.209261
v -0.25235 3.124949 -0.2187
v -0.253345 3.122697 -0.218641
v -0.244616 3.11646 -0.218315
v -0.242883 3.128734 -0.211421
v -0.243325 3.082144 -0.223002
v -0.247668 3.11276 -0.221546
v -0.243601 3.084336 -0.222457
v -0.233242 3.042562 -0.216603
v -0.234065 3.047934 -0.217412
v -0.241295 3.056892 -0.222392
v -0.281229 2.991483 -0.218233
v -0.231113 2.989371 -0.22947
v -0.229505 2.987505 -0.22648
v -0.232146 3.038606 -0.213541
v -0.234065 3.047934 -0.217412
v -0.248946 3.041871 -0.228404
v -0.264679 3.103311 -0.212766
v -0.264453 3.108937 -0.211895
v -0.263058 3.108379 -0.213737
v -0.250797 3.101355 -0.222628
v -0.253305 3.1019 -0.222924
v -0.262174 3.069888 -0.212793
v -0.247875 3.100419 -0.221389
v -0.244021 3.036099 -0.227469
v -0.252922 3.092525 -0.22241
v -0.248405 3.077806 -0.225048
v -0.259351 3.036205 -0.227119
v -0.254281 3.064579 -0.22434
v -0.25089 3.091349 -0.222086
v -0.260675 3.114086 -0.215345
v -0.247424 3.11353 -0.221775
v -0.262185 3.109212 -0.21518
v -0.24679 3.136287 -0.213237
v -0.248817 3.151604 -0.211512
v -0.25403 3.135725 -0.214417
v -0.252063 3.14366 -0.213256
v -0.253923 3.130673 -0.214579
v -0.247421 3.131641 -0.214628
v -0.26333 3.109033 -0.214104
v -0.262894 3.107689 -0.214668
v -0.263058 3.108379 -0.213737
v -0.262944 3.105368 -0.216278
v -0.263119 3.106701 -0.215253
v -0.26333 3.109033 -0.214104
v -0.253923 3.130673 -0.214579
v -0.262782 3.073213 -0.213192
v -0.280232 3.016983 -0.219577
v -0.272151 2.989345 -0.231525
v -0.283633 3.001402 -0.220736
v -0.27258 3.024543 -0.222047
v -0.275675 3.022153 -0.219648
v -0.282926 3.018253 -0.211786
v -0.275062 2.972627 -0.228875
v -0.286541 2.950109 -0.219961
v -0.28484 2.999547 -0.215835
v -0.287605 2.99296 -0.201004
v -0.261276 3.060394 -0.220066
v -0.26496 3.116081 -0.198991
v -0.264484 3.106478 -0.212579
v -0.264453 3.108937 -0.211895
v -0.386692 2.480582 -0.210518
v -0.382007 2.559609 -0.227768
v -0.368961 2.722114 -0.243742
v -0.385088 2.512154 -0.22469
v -0.379501 2.642452 -0.22293
v -0.372909 2.644463 -0.156949
v -0.366718 2.626218 -0.255445
v -0.374916 2.559994 -0.246859
v -0.354508 2.507748 -0.268743
v -0.37723 2.665109 -0.228156
v -0.3781 2.576383 -0.167319
v -0.378394 2.559967 -0.165905
v -0.381371 2.607298 -0.22219
v -0.379627 2.561394 -0.190525
v -0.378534 2.60427 -0.195982
v -0.381437 2.531104 -0.18595
v -0.38513 2.502191 -0.208534
v -0.379643 2.529535 -0.165628
v -0.37244 2.571827 -0.14648
v -0.37961 2.505332 -0.153548
v -0.365078 2.526293 -0.136377
v -0.376236 2.574694 -0.157549
v -0.374399 2.539783 -0.150338
v -0.379919 2.547495 -0.186946
v -0.353055 2.623494 -0.129712
v -0.351344 2.626615 -0.128231
v -0.378993 2.62999 -0.204581
v -0.375571 2.599057 -0.158943
v -0.370694 2.671268 -0.162634
v -0.372091 2.633217 -0.150322
v -0.352355 2.64364 -0.130033
v -0.37808 2.61021 -0.192742
v -0.381607 2.518187 -0.236638
v -0.376219 2.617103 -0.168754
v -0.363144 2.75202 -0.236744
v -0.371679 2.708099 -0.2002
v -0.374041 2.632967 -0.155187
v -0.373961 2.643022 -0.160243
v -0.382263 2.542864 -0.202268
v -0.363647 2.680297 -0.145651
v -0.374553 2.728745 -0.197643
v -0.369627 2.689483 -0.163729
v -0.368956 2.598331 -0.144285
v -0.371785 2.672215 -0.173069
v -0.359524 2.746681 -0.146155
v -0.36869 2.700475 -0.158861
v -0.369821 2.745971 -0.160256
v -0.362281 2.810099 -0.220645
v -0.375864 2.644818 -0.239054
v -0.366581 2.752169 -0.209475
v -0.369779 2.745478 -0.175579
v -0.371369 2.744929 -0.17795
v -0.371777 2.744309 -0.179425
v -0.370502 2.744436 -0.164371
v -0.369821 2.745971 -0.160256
v -0.368541 2.851808 -0.235641
v -0.375921 2.744573 -0.224881
v -0.35873 2.770866 -0.237782
v -0.35101 2.747495 -0.261749
v -0.368822 2.749103 -0.198753
v -0.362268 2.567955 -0.262353
v -0.355329 2.742314 -0.263808
v -0.360141 2.793828 -0.226369
v -0.363996 2.850415 -0.243118
v -0.369531 2.848392 -0.23653
v -0.363686 2.847329 -0.202228
v -0.368207 2.849801 -0.235594
v -0.368291 2.842943 -0.215547
v -0.366399 2.852989 -0.214982
v -0.375198 2.74087 -0.198563
v -0.363331 2.816741 -0.218072
v -0.368663 2.751013 -0.226476
v -0.358256 2.832269 -0.170828
v -0.364424 2.830917 -0.230698
v -0.359668 2.668973 -0.13926
v -0.376529 2.743275 -0.213598
v -0.375125 2.741181 -0.209409
v -0.365805 2.752943 -0.223083
v -0.350428 2.845953 -0.259826
v -0.350191 2.734391 -0.271792
v -0.361433 2.771217 -0.212698
v -0.365555 2.658036 -0.253879
v -0.368507 2.673754 -0.193284
v -0.372958 2.70763 -0.210268
v -0.370711 2.66749 -0.197416
v -0.371333 2.659894 -0.245111
v -0.370965 2.698148 -0.201699
v -0.380734 2.539403 -0.184308
v -0.383805 2.503886 -0.192977
v -0.382318 2.493198 -0.157774
v -0.353531 2.499351 -0.274802
v -0.351255 2.563889 -0.275212
v -0.369779 2.517587 -0.253471
v -0.37649 2.586397 -0.242653
v -0.361225 2.55831 -0.263431
v -0.362886 2.761215 -0.216476
v -0.36158 2.604815 -0.261012
v -0.358023 2.523598 -0.263544
v -0.372342 2.457775 -0.256398
v -0.379038 2.477252 -0.153207
v -0.376116 2.638001 -0.191899
v -0.373378 2.652964 -0.195544
v -0.372426 2.660345 -0.198043
v -0.372689 2.685857 -0.209751
v -0.372675 2.653937 -0.189578
v -0.372738 2.702479 -0.209111
v -0.372788 2.707593 -0.208328
v -0.373177 2.71278 -0.211425
v -0.347997 2.759685 -0.253004
v -0.355127 2.844076 -0.253895
v -0.361799 2.749344 -0.244806
v -0.359869 2.77548 -0.233119
v -0.373779 2.720238 -0.2107
v -0.37502 2.726411 -0.21808
v -0.373779 2.720238 -0.2107
v -0.362308 2.756697 -0.207126
v -0.366926 2.75272 -0.214524
v -0.378581 2.610724 -0.236819
v -0.351255 2.563889 -0.275212
v -0.351301 2.511096 -0.272789
v -0.349561 2.497534 -0.28015
v -0.352295 2.505066 -0.272457
v -0.361487 2.771183 -0.229078
v -0.359825 2.791463 -0.228147
v -0.360713 2.789215 -0.219259
v -0.363758 2.851082 -0.242792
v -0.362058 2.812599 -0.227804
v -0.365191 2.830378 -0.218705
v -0.358408 2.827827 -0.242485
v -0.361354 2.820056 -0.23387
v -0.365557 2.831736 -0.216895
v -0.364737 2.830413 -0.225806
v -0.364332 2.827216 -0.222725
v -0.364224 2.827433 -0.219282
v -0.363333 2.833339 -0.19825
v -0.364343 2.828212 -0.210077
v -0.364256 2.852974 -0.206707
v -0.352813 2.8689 -0.203972
v -0.349842 2.873644 -0.213837
v -0.361587 2.843245 -0.180115
v -0.361302 2.816478 -0.232635
v -0.358881 2.778793 -0.196425
v -0.366434 2.748123 -0.172298
v -0.350125 2.800292 -0.148901
v -0.359054 2.752842 -0.159854
v -0.339102 2.792698 -0.138222
v -0.346438 2.79145 -0.144457
v -0.35143 2.791387 -0.151423
v -0.328066 2.7934 -0.130011
v -0.362569 2.747163 -0.152301
v -0.353346 2.80519 -0.153838
v -0.352636 2.80302 -0.153115
v -0.357795 2.778384 -0.176016
v -0.357831 2.781096 -0.181726
v -0.357795 2.778384 -0.176016
v -0.357612 2.804368 -0.183525
v -0.360458 2.840174 -0.173514
v -0.364021 2.847273 -0.157721
v -0.358966 2.839127 -0.154221
v -0.361618 2.834702 -0.186827
v -0.356897 2.799161 -0.182286
v -0.361375 2.820151 -0.190814
v -0.354996 2.796203 -0.163828
v -0.351365 2.827481 -0.146606
v -0.353242 2.845624 -0.13991
v -0.357558 2.855637 -0.161012
v -0.356216 2.847376 -0.142684
v -0.354991 2.853401 -0.148262
v -0.35575 2.776908 -0.161824
v -0.358438 2.752556 -0.157222
v -0.361735 2.731762 -0.140984
v -0.356987 2.694272 -0.13825
v -0.352156 2.75955 -0.150331
v -0.352666 2.757646 -0.150036
v -0.361857 2.729567 -0.140941
v -0.353176 2.755742 -0.149741
v -0.355583 2.776128 -0.161248
v -0.351623 2.745087 -0.134915
v -0.35304 2.768841 -0.152201
v -0.361384 2.756471 -0.196556
v -0.371458 2.672224 -0.172399
v -0.38174 2.514995 -0.172062
v -0.360652 2.622141 -0.136598
v -0.361704 2.549154 -0.135042
v -0.383231 2.496624 -0.185033
v -0.368922 2.646558 -0.147667
v -0.36698 2.644781 -0.144217
v -0.364478 2.646635 -0.142233
v -0.35558 2.742779 -0.135862
v -0.36118 2.752305 -0.169127
v -0.362305 2.75065 -0.167806
v -0.360586 2.751731 -0.168206
v -0.361383 2.755131 -0.191829
v -0.359617 2.754342 -0.175922
v -0.372409 2.740657 -0.168661
v -0.364307 2.740196 -0.151604
v -0.361126 2.694076 -0.143357
v -0.365902 2.591205 -0.139894
v -0.365017 2.694681 -0.14962
v -0.374871 2.610537 -0.156742
v -0.364469 2.671608 -0.146075
v -0.370303 2.668563 -0.177162
v -0.376119 2.629374 -0.168291
v -0.375686 2.63776 -0.182342
v -0.369356 2.587461 -0.144239
v -0.376321 2.628297 -0.171172
v -0.378417 2.55663 -0.16639
v -0.377877 2.558192 -0.1612
v -0.370905 2.549274 -0.144913
v -0.380167 2.535736 -0.170736
v -0.376619 2.575397 -0.158885
v -0.379894 2.541652 -0.173381
v -0.37866 2.590413 -0.190724
v -0.376899 2.632269 -0.182801
v -0.375884 2.59563 -0.159649
v -0.376026 2.617504 -0.165986
v -0.362826 2.710914 -0.143247
v -0.372241 2.738096 -0.161511
v -0.372251 2.738079 -0.161507
v -0.37224 2.738098 -0.161512
v -0.369889 2.698452 -0.186656
v -0.372543 2.742463 -0.17337
v -0.363442 2.844212 -0.159917
v -0.363615 2.843997 -0.158123
v -0.364021 2.847273 -0.157721
v -0.40071 2.327024 -0.204863
v -0.390448 2.358113 -0.19072
v -0.399262 2.329131 -0.19163
v -0.413875 2.317863 -0.210646
v -0.386014 2.344485 -0.148982
v -0.361298 2.366293 -0.277681
v -0.393752 2.334401 -0.243568
v -0.392234 2.386094 -0.210413
v -0.38957 2.384141 -0.187891
v -0.387231 2.362602 -0.167408
v -0.387628 2.354037 -0.170729
v -0.384633 2.378983 -0.15196
v -0.370166 2.459076 -0.139602
v -0.391797 2.401693 -0.225598
v -0.384386 2.486053 -0.188377
v -0.386865 2.456438 -0.232542
v -0.390796 2.434722 -0.22226
v -0.389029 2.380814 -0.176719
v -0.389573 2.442322 -0.205791
v -0.389505 2.396098 -0.193073
v -0.385668 2.407969 -0.244606
v -0.390405 2.426036 -0.233744
v -0.381828 2.457162 -0.24396
v -0.385685 2.481059 -0.227239
v -0.391491 2.428184 -0.21938
v -0.389153 2.456453 -0.22151
v -0.37614 2.439067 -0.154286
v -0.381734 2.446091 -0.245459
v -0.388155 2.383412 -0.165591
v -0.385823 2.446195 -0.236263
v -0.393004 2.388942 -0.231154
v -0.392715 2.384113 -0.216509
v -0.352049 2.410128 -0.285894
v -0.384414 2.425418 -0.158984
v -0.391936 2.419724 -0.222536
v -0.335801 2.50372 -0.110916
v -0.374744 2.368444 -0.136488
v -0.363821 2.416532 -0.131204
v -0.374609 2.446767 -0.146972
v -0.382522 2.466776 -0.162106
v -0.384297 2.469981 -0.167846
v -0.383832 2.411768 -0.151372
v -0.387539 2.448228 -0.192846
v -0.376288 2.421778 -0.255252
v -0.374215 2.446016 -0.146318
v -0.379545 2.466306 -0.246772
v -0.384291 2.467221 -0.171141
v -0.385169 2.466329 -0.178854
v -0.382616 2.488923 -0.159024
v -0.382522 2.466776 -0.162106
v -0.382655 2.502311 -0.177237
v -0.383536 2.506654 -0.207031
v -0.384345 2.507142 -0.205458
v -0.384566 2.509899 -0.207823
v -0.38469 2.505498 -0.208495
v -0.375223 2.445373 -0.140959
v -0.37502 2.443183 -0.145089
v -0.384786 2.51221 -0.221814
v -0.385685 2.481059 -0.227239
v -0.385301 2.478874 -0.230221
v -0.38517 2.478643 -0.229961
v -0.375711 2.488175 -0.251968
v -0.384069 2.499476 -0.234705
v -0.378146 2.483555 -0.151346
v -0.383805 2.503886 -0.192977
v -0.384434 2.502713 -0.203343
v -0.377728 2.499959 -0.14845
v -0.379627 2.493301 -0.151474
v -0.356449 2.476629 -0.128543
v -0.360723 2.488977 -0.131371
v -0.374088 2.499064 -0.143972
v -0.351224 2.492567 -0.1241
v -0.349842 2.497664 -0.123332
v -0.363424 2.489951 -0.133348
v -0.373428 2.461912 -0.14758
v -0.373969 2.495488 -0.14404
v -0.384272 2.478342 -0.233784
v -0.378991 2.439271 -0.162117
v -0.374749 2.446807 -0.143423
v -0.37502 2.443183 -0.145089
v -0.374749 2.446807 -0.143423
v -0.372244 2.406149 -0.261393
v -0.359165 2.453133 -0.271907
v -0.364151 2.45898 -0.13133
v -0.365607 2.463759 -0.134291
v -0.36985 2.460714 -0.139794
v -0.366097 2.408411 -0.132054
v -0.366115 2.402713 -0.131867
v -0.374744 2.368444 -0.136488
v -0.360466 2.320801 -0.115151
v -0.366603 2.337765 -0.127815
v -0.36053 2.333914 -0.120955
v -0.37544 2.384841 -0.138288
v -0.376378 2.357627 -0.138302
v -0.383689 2.372661 -0.157054
v -0.384124 2.371448 -0.156444
v -0.383918 2.372724 -0.154072
v -0.380952 2.409531 -0.148256
v -0.372439 2.340634 -0.13344
v -0.373818 2.402734 -0.139023
v -0.374288 2.402446 -0.139527
v -0.373557 2.39988 -0.138687
v -0.374249 2.403275 -0.139649
v -0.381962 2.431505 -0.164824
v -0.384037 2.385324 -0.148753
v -0.379254 2.430504 -0.152516
v -0.393234 2.384255 -0.219714
v -0.389035 2.386958 -0.184357
v -0.384616 2.369753 -0.157916
v -0.393636 2.34024 -0.173055
v -0.388121 2.390821 -0.157189
v -0.376693 2.435229 -0.153356
v -0.386905 2.399217 -0.242353
v -0.369083 2.421778 -0.261589
v -0.38061 2.374515 -0.254679
v -0.355117 2.384294 -0.285165
v -0.386046 2.340399 -0.253187
v -0.384064 2.373082 -0.250263
v -0.376 2.371171 -0.260512
v -0.370777 2.377087 -0.264518
v -0.388698 2.392771 -0.241629
v -0.350551 2.387202 -0.290315
v -0.385406 2.399284 -0.246225
v -0.393378 2.386669 -0.227037
v -0.370142 2.32935 -0.27214
v -0.352533 2.325403 -0.302033
v -0.354568 2.420311 -0.276367
v -0.360859 2.421389 -0.268436
v -0.369624 2.407756 -0.264081
v -0.384138 2.435715 -0.243145
v -0.3834 2.439485 -0.244289
v -0.365499 2.428529 -0.265426
v -0.380484 2.430068 -0.250126
v -0.383134 2.453805 -0.241856
v -0.364749 2.479915 -0.265887
v -0.368409 2.471346 -0.261232
v -0.364749 2.479915 -0.265887
v -0.37785 2.473105 -0.248963
v -0.381752 2.417489 -0.250156
v -0.381752 2.417489 -0.250156
v -0.430455 2.306492 -0.172258
v -0.430607 2.306528 -0.172213
v -0.421082 2.316671 -0.186552
v -0.45607 2.295099 -0.109998
v -0.456072 2.295096 -0.110004
v -0.456066 2.295092 -0.109998
v -0.494639 2.296038 -0.245694
v -0.416864 2.315432 -0.162664
v -0.498124 2.298259 -0.206973
v -0.439391 2.299574 -0.156381
v -0.486137 2.297712 -0.22005
v -0.463316 2.294905 -0.224808
v -0.388189 2.318598 -0.270358
v -0.492959 2.296725 -0.16915
v -0.446292 2.296075 -0.153969
v -0.421968 2.292907 -0.111675
v -0.363949 2.310381 -0.099318
v -0.403484 2.323561 -0.170556
v -0.407678 2.318244 -0.159109
v -0.404909 2.321991 -0.191859
v -0.430515 2.304152 -0.15084
v -0.396933 2.317748 -0.145154
v -0.416115 2.31581 -0.164029
v -0.395003 2.325673 -0.155752
v -0.459845 2.294842 -0.214608
v -0.433275 2.311064 -0.199352
v -0.433117 2.308846 -0.212259
v -0.358737 2.323546 -0.295092
v -0.421593 2.316758 -0.194572
v -0.410896 2.302914 -0.121247
v -0.413693 2.317281 -0.166481
v -0.381575 2.320886 -0.132699
v -0.398713 2.322995 -0.157182
v -0.402748 2.324404 -0.174644
v -0.395169 2.304964 -0.106475
v -0.38278 2.326865 -0.13922
v -0.420601 2.292463 -0.066667
v -0.365147 2.328388 -0.122575
v -0.367828 2.328305 -0.12517
v -0.364592 2.326639 -0.121878
v -0.409446 2.30507 -0.124734
v -0.366868 2.322141 -0.120406
v -0.461675 2.29339 -0.033474
v -0.364716 2.317233 -0.114253
v -0.417842 2.290495 -0.025978
v -0.438489 2.292566 -0.018908
v -0.368712 2.312731 -0.107016
v -0.351238 2.315052 -0.101235
v -0.409911 2.319848 -0.189737
v -0.396024 2.290454 -0.075079
v -0.367396 2.287335 -0.063108
v -0.378246 2.30233 -0.090351
v -0.362492 2.310191 -0.098915
v -0.366141 2.309808 -0.09792
v -0.466456 2.292067 -0.061566
v -0.434199 2.293479 -0.133182
v -0.428475 2.29707 -0.135506
v -0.427475 2.29749 -0.133431
v -0.429641 2.298016 -0.138408
v -0.342465 2.300885 -0.058755
v -0.4407 2.293549 -0.056347
v -0.40648 2.288949 -0.057971
v -0.4808 2.293427 -0.054553
v -0.463859 2.292333 -0.101559
v -0.445826 2.292984 -0.040796
v -0.466228 2.292708 -0.019907
v -0.450934 2.293507 -0.037589
v -0.470682 2.294005 -0.034978
v -0.476742 2.29417 -0.036789
v -0.450455 2.29358 -0.039316
v -0.474595 2.293751 -0.024804
v -0.365872 2.286101 -0.036592
v -0.401467 2.289241 -0.027605
v -0.39633 2.28801 -0.059788
v -0.381483 2.285985 -0.05087
v -0.359433 2.287496 -0.021825
v -0.3548 2.287334 -0.008158
v -0.352742 2.286937 -0.031164
v -0.3721 2.288592 -0.011184
v -0.376627 2.289036 -0.015011
v -0.374283 2.289575 -0.012754
v -0.358351 2.288102 -0.021329
v -0.359433 2.287496 -0.021825
v -0.362245 2.288079 -0.020958
v -0.358351 2.288102 -0.021329
v -0.372006 2.288793 -0.068336
v -0.434238 2.291793 -0.038211
v -0.400387 2.289346 -0.018716
v -0.40676 2.290908 -0.018777
v -0.355379 2.287215 -0.005683
v -0.409789 2.290034 -0.026101
v -0.391644 2.28889 -0.013809
v -0.430649 2.291556 -0.030642
v -0.424461 2.298764 -0.132726
v -0.404435 2.289649 -0.023013
v -0.394247 2.287964 -0.021806
v -0.377543 2.286001 -0.058919
v -0.367396 2.287335 -0.063108
v -0.383816 2.288966 -0.024582
v -0.376627 2.289036 -0.015011
v -0.373401 2.288825 0.000402
v -0.417716 2.291854 -0.060259
v -0.405314 2.287891 -0.064843
v -0.411145 2.289551 -0.067689
v -0.425845 2.2931 -0.064317
v -0.455245 2.292968 -0.066439
v -0.475433 2.294356 -0.070076
v -0.469199 2.292932 -0.066207
v -0.468737 2.293447 -0.052384
v -0.456916 2.293385 -0.059426
v -0.439688 2.292007 -0.119361
v -0.406537 2.290455 -0.098252
v -0.497695 2.297534 -0.195983
v -0.492773 2.297859 -0.209964
v -0.460927 2.293502 -0.071176
v -0.460624 2.292494 -0.104738
v -0.433468 2.295716 -0.138162
v -0.467101 2.294456 -0.127922
v -0.428996 2.294674 -0.129028
v -0.498705 2.297179 -0.183333
v -0.44693 2.29468 -0.149539
v -0.458099 2.293865 -0.16018
v -0.448864 2.292266 -0.104364
v -0.461679 2.293581 -0.1668
v -0.441381 2.295335 -0.146406
v -0.437677 2.291884 -0.121239
v -0.46588 2.293663 -0.169023
v -0.475214 2.29425 -0.168253
v -0.424461 2.298764 -0.132726
v -0.429641 2.298016 -0.138408
v -0.436251 2.291651 -0.128001
v -0.440908 2.292076 -0.108245
v -0.447405 2.293266 -0.118967
v -0.467101 2.294456 -0.127922
v -0.387739 2.294903 -0.345636
v -0.463721 2.295836 -0.200306
v -0.373199 2.33083 -0.268049
v -0.430492 2.294782 -0.130215
v -0.357909 2.30703 -0.082314
v -0.35734 2.308119 -0.081764
v -0.358598 2.307715 -0.085159
v -0.354903 2.307668 -0.081702
v -0.35734 2.308119 -0.081764
v -0.357909 2.30703 -0.082314
v -0.457718 2.295681 -0.227253
v -0.422618 2.3105 -0.154379
v -0.450082 2.296744 -0.220872
v -0.460066 2.295424 -0.182969
v -0.452251 2.29732 -0.248392
v -0.460585 2.294143 -0.218672
v -0.499519 2.297968 -0.163957
v -0.470843 2.293901 -0.177766
v -0.466771 2.292826 -0.063399
v -0.484649 2.293407 -0.059271
v -0.447613 2.292828 -0.114454
v -0.470908 2.294436 -0.083528
v -0.443117 2.291239 -0.079663
v -0.453273 2.293704 -0.126241
v -0.464134 2.294654 -0.133216
v -0.455451 2.296013 -0.191009
v -0.449254 2.300285 -0.233171
v -0.461081 2.295347 -0.22914
v -0.458693 2.294573 -0.224263
v -0.468957 2.297926 -0.314399
v -0.476702 2.294047 -0.070087
v -0.47406 2.292549 -0.121087
v -0.48506 2.294818 -0.132068
v -0.480537 2.293785 -0.089687
v -0.512073 2.296493 -0.239527
v -0.476232 2.296721 -0.224291
v -0.469329 2.295766 -0.223481
v -0.481583 2.294427 -0.173338
v -0.491975 2.29671 -0.203361
v -0.507152 2.296988 -0.235058
v -0.457049 2.296733 -0.251813
v -0.484404 2.295183 -0.170524
v -0.473261 2.293068 -0.098996
v -0.473198 2.293327 -0.061982
v -0.492558 2.296537 -0.151921
v -0.507375 2.296303 -0.246073
v -0.451229 2.297882 -0.34165
v -0.480054 2.298065 -0.291284
v -0.440303 2.302931 -0.260044
v -0.486531 2.29592 -0.257279
v -0.354816 2.309932 -0.3314
v -0.395415 2.301956 -0.317434
v -0.406879 2.319523 -0.253878
v -0.388064 2.295264 -0.344444
v -0.368598 2.312954 -0.316138
v -0.405734 2.295833 -0.329564
v -0.390978 2.29498 -0.343157
v -0.387811 2.328834 -0.258649
v -0.401362 2.322962 -0.252249
v -0.358737 2.323546 -0.295092
v -0.345184 2.29412 -0.376169
v -0.431376 2.299096 -0.349568
v -0.391515 2.295186 -0.421366
v -0.409245 2.296798 -0.4009
v -0.36289 2.290872 -0.409962
v -0.362323 2.291709 -0.410548
v -0.363288 2.291125 -0.410685
v -0.362323 2.291709 -0.410548
v -0.32723 2.291461 -0.426108
v -0.406558 2.294976 -0.34879
v -0.364257 2.317631 -0.306766
v -0.386466 2.30699 -0.312641
v -0.35463 2.315828 -0.317314
v -0.439899 2.298876 -0.351402
v -0.441688 2.298669 -0.356314
v -0.430205 2.299907 -0.278999
v -0.353044 2.31433 -0.320532
v -0.411919 2.298722 -0.300303
v -0.367176 2.312507 -0.31822
v -0.388018 2.329739 -0.256596
v -0.403687 2.315348 -0.264984
v -0.350506 2.31733 -0.313752
v -0.370623 2.30948 -0.321313
v -0.404803 2.304825 -0.293233
v -0.379117 2.306126 -0.321488
v -0.379119 2.306136 -0.321502
v -0.379118 2.306132 -0.321495
v -0.366359 2.314917 -0.314392
v -0.367176 2.312507 -0.31822
v -0.379121 2.306243 -0.321646
v -0.394028 2.299935 -0.325967
v -0.400022 2.311498 -0.279584
v -0.401917 2.310544 -0.279175
v -0.476227 2.295479 -0.274739
v -0.421735 2.296723 -0.299076
v -0.354726 2.292118 -0.361856
v -0.394217 2.295056 -0.340678
v -0.418323 2.29728 -0.355243
v -0.391789 2.294811 -0.382992
v -0.416015 2.29718 -0.397606
v -0.428007 2.298285 -0.346531
v -0.47359 2.296319 -0.259873
v -0.444121 2.295459 -0.300925
v -0.451658 2.296737 -0.313704
v -0.406715 2.300583 -0.302674
v -0.398948 2.294207 -0.340956
v -0.358369 2.298125 -0.353074
v -0.396172 2.298255 -0.328654
v -0.397874 2.31457 -0.271574
v -0.41971 2.297374 -0.350357
v -0.405121 2.294895 -0.339566
v -0.412787 2.295422 -0.339002
v -0.391909 2.295217 -0.389276
v -0.407554 2.295501 -0.365438
v -0.420662 2.297134 -0.359863
v -0.42642 2.298312 -0.373055
v -0.426667 2.298892 -0.358202
v -0.427756 2.299017 -0.372425
v -0.425084 2.297606 -0.373686
v -0.432445 2.298715 -0.371009
v -0.391018 2.293856 -0.373149
v -0.365529 2.297232 -0.352256
v -0.371505 2.290063 -0.375575
v -0.371505 2.290063 -0.375575
v -0.369177 2.290631 -0.375233
v -0.37218 2.290677 -0.376694
v -0.435141 2.299276 -0.360999
v -0.476735 2.296609 -0.256251
v -0.486658 2.296957 -0.278441
v -0.483312 2.296749 -0.256409
v -0.40153 2.296009 -0.403039
v -0.362323 2.291709 -0.410548
v -0.363288 2.291125 -0.410685
v -0.364111 2.291177 -0.410747
v -0.36289 2.290872 -0.409962
v -0.362323 2.291709 -0.410548
vn -0.118412 0.633805 0.764376
vn -0.366447 -0.929954 -0.030022
vn -0.806746 0.49884 -0.316732
vn -0.119336 -0.697988 -0.706096
vn -0.355957 0.827054 0.435059
vn -0.42228 -0.89394 0.15017
vn -0.481841 0.838188 0.255479
vn -0.029193 -0.990386 -0.135219
vn -0.299311 -0.953596 0.03267
vn -0.711205 -0.702367 -0.029468
vn -0.757242 -0.648337 -0.079022
vn 0.043406 -0.901674 0.430233
vn -0.062945 -0.991165 -0.116745
vn -0.965224 0.109019 -0.237607
vn -0.783417 0.319926 -0.532828
vn -0.929093 0.369596 -0.013587
vn -0.4038 0.890626 0.20912
vn 0.4038 -0.890626 -0.20912
vn -0.766063 0.623319 -0.156909
vn -0.512785 -0.786348 -0.344541
vn -0.920467 0.156474 -0.358129
vn 0.136271 -0.93664 -0.322701
vn -0.817317 0.576083 -0.011021
vn -0.400543 0.504386 0.764957
vn -0.907451 0.10935 -0.405678
vn 0.938212 0.29473 0.181362
vn 0.567951 0.231884 0.789722
vn 0.936076 -0.144433 0.320781
vn 0.938947 0.323726 -0.116532
vn 0.899556 -0.398446 0.178999
vn 0.996804 -0.067977 -0.041953
vn 0.055747 -0.659902 0.749281
vn -0.183217 -0.982874 0.019737
vn 0.644887 -0.724128 -0.244456
vn 0.211477 -0.959304 0.187119
vn 0.74482 -0.283369 -0.604106
vn 0.000455 -0.99349 -0.113918
vn 0.082148 -0.996545 -0.012231
vn -0.332366 0.20851 0.919813
vn -0.078774 -0.983848 -0.160743
vn 0.100101 -0.957431 0.270749
vn 0.008463 -0.987127 -0.159715
vn -0.081523 -0.740531 -0.667059
vn -0.509403 -0.859881 0.033371
vn 0.71394 -0.690254 -0.11764
vn -0.22128 -0.97466 -0.032759
vn -0.137631 -0.985759 0.096628
vn 0.140808 -0.982794 -0.11954
vn -0.266133 -0.963802 -0.016081
vn -0.162697 -0.985853 0.040285
vn -0.294188 -0.92986 -0.22094
vn -0.051095 -0.992352 0.112364
vn 0.703514 -0.654829 0.276164
vn -0.987813 0.149297 0.04399
vn 0.936885 -0.345995 0.050348
vn 0.434674 0.77511 -0.458544
vn 0.669851 -0.692055 0.268998
vn -0.826858 -0.448354 0.339537
vn -0.161172 -0.966113 0.201618
vn -0.116463 -0.993177 0.005917
vn -0.036801 -0.99689 0.069681
vn -0.388331 -0.901259 0.192173
vn 0.243994 -0.94249 -0.22843
vn 0.020672 -0.998957 0.040725
vn 0.176146 -0.964944 0.194566
vn -0.266509 -0.893112 -0.362386
vn -0.364401 -0.925412 0.104038
vn -0.283391 -0.884883 -0.369692
vn 0.071702 -0.943795 -0.32266
vn -0.08892 -0.720057 0.688194
vn 0.017938 -0.975496 -0.219283
vn -0.292694 -0.949972 0.10901
vn 0.101827 -0.973198 -0.206196
vn 0.540099 -0.631609 -0.556204
vn 0.125553 -0.989609 -0.070077
vn 0.010981 -0.965004 -0.262005
vn -0.043431 -0.999055 0.001508
vn 0.269725 -0.936634 -0.223528
vn 0.05757 -0.998284 -0.010717
vn 0.002656 -0.992218 0.124486
vn 0.130352 -0.944089 0.302828
vn -0.211895 -0.97156 -0.105698
vn -0.004537 -0.999561 0.029286
vn -0.05387 -0.976469 -0.208821
vn 0.295098 -0.948835 -0.112385
vn 0.021697 -0.997324 -0.069816
vn 0.11643 -0.992156 0.045507
vn 0.866814 -0.498494 0.011752
vn 0.307472 -0.487903 -0.816953
vn -0.46837 0.872292 -0.140485
vn -0.979466 -0.00215 -0.201599
vn 0.979466 0.00215 0.201599
vn -0.036866 -0.958327 -0.283284
vn -0.867745 -0.494829 0.046507
vn 0.040982 -0.998937 0.021088
vn -0.082779 -0.996313 -0.022535
vn -0.917892 -0.024026 -0.396103
vn 0.917892 0.024026 0.396103
vn -0.364124 -0.931241 -0.014282
vn -0.086816 -0.995966 0.022671
vn 0.603934 -0.719799 -0.342277
vn 0.131522 -0.987202 -0.090186
vn 0.090217 -0.990604 -0.102789
vn 0.054614 -0.993963 -0.095157
vn 0.237455 -0.96235 -0.132279
vn 0.137777 -0.989853 -0.034755
vn -0.426758 -0.902043 0.064777
vn 0.292422 -0.956248 -0.008853
vn -0.568475 -0.737686 -0.364218
vn -0.054757 -0.998499 0.000762
vn -0.174511 -0.971759 -0.158843
vn -0.18569 -0.982358 -0.022164
vn -0.188659 -0.981726 -0.024919
vn 0.127497 -0.982651 0.134691
vn 0.050662 -0.998457 0.022737
vn -0.092078 -0.992842 -0.076066
vn -0.207385 0.302418 0.930341
vn 0.453036 -0.846038 0.28103
vn -0.028006 -0.994029 -0.105465
vn -0.005534 -0.924995 0.37994
vn 0.093271 -0.991492 -0.090794
vn 0.209718 -0.97566 -0.064074
vn 0.073736 -0.991732 -0.105028
vn -0.063152 -0.997107 -0.042305
vn -0.281631 -0.95531 0.089814
vn 0.416943 -0.886922 0.198817
vn 0.738492 -0.489931 -0.463246
vn -0.120195 -0.991694 0.045795
vn -0.093021 -0.984474 -0.148856
vn -0.030259 -0.993332 -0.111251
vn -0.026576 -0.996068 -0.084515
vn 0.082296 -0.986976 -0.138222
vn 0.200459 -0.954058 0.222688
vn 0.123354 -0.991697 -0.036347
vn -0.198346 -0.980051 -0.012602
vn 0.101097 -0.991 -0.087743
vn -0.05553 -0.998134 -0.025416
vn 0.140099 -0.65581 -0.741813
vn -0.714699 -0.561296 0.417316
vn -0.415351 -0.762967 0.495343
vn -0.34526 -0.937938 -0.03268
vn -0.209648 -0.922382 0.324436
vn -0.429445 -0.901463 -0.054234
vn 0.188564 -0.979231 -0.074505
vn 0.083473 -0.99497 0.055387
vn 0.087975 -0.996114 -0.004251
vn 0.24795 -0.964975 -0.085694
vn -0.020704 -0.993887 -0.108448
vn -0.053263 -0.992877 -0.106579
vn 0.102078 -0.983916 0.146591
vn 0.02226 -0.995288 -0.094375
vn 0.144424 -0.984505 0.099456
vn -0.003259 -0.993398 -0.114669
vn 0.065024 -0.997782 -0.014216
vn 0.005793 -0.998803 -0.048562
vn -0.161394 -0.952558 -0.258043
vn 0.160325 -0.954801 -0.250302
vn -0.311015 -0.934582 -0.172704
vn 0.212206 -0.925123 0.314826
vn -0.39492 -0.894882 -0.207903
vn 0.086963 -0.987083 0.134555
vn 0.154487 -0.431126 -0.888968
vn 0.411327 -0.81019 0.417616
vn -0.533249 -0.755583 0.380447
vn -0.357751 -0.801687 0.478866
vn -0.505396 -0.854333 -0.121203
vn -0.760814 -0.646373 -0.057998
vn -0.604793 -0.785225 0.132844
vn -0.6 -0.788125 0.137331
vn -0.82529 -0.524588 0.209052
vn -0.70716 -0.678213 0.19988
vn -0.414554 -0.788771 0.453857
vn -0.779595 -0.07763 -0.621455
vn -0.5036 -0.787781 0.354667
vn 0.150949 -0.931967 0.329624
vn 0.403586 -0.800582 -0.44293
vn -0.020385 -0.964028 0.265017
vn -0.127911 -0.904999 0.405728
vn -0.094744 -0.993647 -0.06074
vn -0.165264 -0.985384 0.041296
vn -0.093856 -0.989801 -0.107165
vn 0.00534 -0.999511 -0.030804
vn -0.26791 -0.959937 -0.082129
vn -0.081304 -0.970136 -0.22853
vn -0.111072 -0.9796 -0.167472
vn -0.137677 -0.990462 -0.005387
vn -0.05536 -0.989137 -0.136177
vn -0.603821 -0.176726 -0.777282
vn -0.177169 -0.978534 -0.105277
vn -0.182106 -0.979129 -0.090244
vn 0.03079 -0.987088 0.15719
vn 0.063887 -0.99602 -0.062151
vn 0.069762 -0.976788 -0.20253
vn -0.054089 -0.9985 0.008431
vn 0.053059 -0.998338 -0.022495
vn -0.093474 -0.989194 0.112947
vn -0.045455 -0.998697 0.023201
vn -0.049699 -0.998439 -0.02549
vn 0.12028 -0.959195 0.255884
vn 0.149469 -0.983562 -0.101317
vn -0.065457 -0.996217 -0.057159
vn -0.175697 -0.972432 -0.153321
vn -0.005245 -0.998042 -0.062321
vn -0.094956 -0.982393 -0.160895
vn -0.858205 -0.512127 -0.034792
vn -0.049984 -0.680538 0.731006
vn -0.041331 -0.996632 0.07083
vn -0.014576 -0.999867 -0.007329
vn 0.143237 0.116063 0.982859
vn -0.048142 -0.964949 0.257982
vn -0.101346 -0.994555 -0.024263
vn 0.167657 -0.964154 -0.205666
vn -0.060823 -0.989918 0.127916
vn -0.110877 -0.978493 0.173945
vn -0.225724 -0.924681 0.306615
vn -0.017548 -0.994418 0.104042
vn -0.174479 -0.972431 0.154711
vn -0.06238 -0.823199 0.564315
vn 0.119187 -0.989921 0.076495
vn 0.079945 -0.985824 -0.147514
vn 0.72872 0.045876 0.683274
vn -0.789768 0.108595 -0.603716
vn 0.649321 -0.756919 -0.073861
vn 0.447725 -0.465051 0.763721
vn -0.064929 -0.997494 0.028096
vn 0.011171 -0.997398 0.071223
vn -0.091854 -0.912828 0.39788
vn -0.100489 -0.994643 -0.024222
vn -0.171593 -0.880871 0.441159
vn -0.397076 -0.78854 0.469612
vn -0.485359 -0.737563 0.469497
vn -0.527933 -0.72734 0.438479
vn -0.38143 -0.818947 0.428763
vn -0.75013 -0.491039 0.442929
vn 0.049453 -0.840474 0.539591
vn 0.629117 -0.560927 0.53812
vn 0.048146 -0.846434 0.530312
vn -0.446295 -0.821147 0.355722
vn -0.094682 -0.883029 0.459669
vn -0.0934 -0.779749 0.619086
vn -0.189786 -0.512234 0.837614
vn -0.712644 -0.661793 0.232742
vn -0.654016 -0.742739 -0.143532
vn -0.732855 -0.67844 -0.051408
vn -0.83058 -0.556401 0.023559
vn -0.781473 -0.609627 0.13287
vn -0.91713 -0.225893 0.328397
vn -0.754817 -0.654981 -0.035382
vn 0.010197 -0.912549 0.408839
vn -0.75375 -0.65349 0.069361
vn -0.316571 -0.935505 -0.156885
vn -0.677575 -0.716384 0.166392
vn -0.75089 -0.629466 -0.199841
vn -0.738328 -0.641208 0.209103
vn -0.671789 -0.526435 0.52112
vn -0.485942 -0.743305 0.459737
vn -0.408979 -0.876872 0.252648
vn -0.476854 -0.710159 0.517962
vn -0.355008 -0.892679 -0.277657
vn 0.011786 -0.985677 -0.168234
vn -0.026244 -0.734573 -0.678022
vn -0.364228 -0.814258 -0.452019
vn 0.08087 -0.994913 0.060065
vn 0.070285 -0.996748 -0.039408
vn -0.489422 0.871625 0.027128
vn -0.121908 -0.868564 0.480349
vn -0.558905 -0.759827 -0.332097
vn -0.053662 -0.998024 -0.032687
vn -0.060814 -0.995827 0.068045
vn -0.249467 -0.96746 0.042286
vn -0.020688 -0.987911 0.153637
vn 0.025965 -0.995093 -0.095478
vn -0.104485 -0.988178 0.112189
vn -0.063966 -0.980401 -0.186342
vn -0.079516 -0.975952 0.202965
vn 0.015231 -0.999524 0.026845
vn 0.12129 -0.976873 -0.176088
vn -0.250804 -0.795889 0.551051
vn -0.381828 -0.917417 -0.112045
vn -0.117284 -0.993016 0.012763
vn -0.207724 -0.910481 -0.357596
vn 0.254253 -0.794698 -0.55119
vn -0.175084 -0.978427 0.109665
vn -0.142577 -0.967182 -0.210312
vn -0.103854 -0.989477 -0.10075
vn -0.050106 -0.987247 0.151108
vn 0.918423 0.057546 0.391392
vn -0.186463 -0.863006 0.469523
vn -0.326794 -0.683362 0.652857
vn -0.055994 -0.989898 0.130253
vn 0.013299 -0.997487 0.069586
vn -0.04091 -0.984874 0.168371
vn -0.184094 -0.845121 -0.501876
vn 0.07542 -0.972249 0.221458
vn 0.051503 -0.995195 0.083272
vn 0.078129 -0.956914 0.279662
vn -0.004842 -0.980342 -0.197249
vn 0.157046 -0.932055 -0.326513
vn -0.148929 -0.638443 0.755123
vn -0.104038 -0.775961 -0.622142
vn -0.159264 -0.944227 -0.288219
vn -0.101083 -0.956166 -0.274825
vn -0.06184 -0.906773 -0.417059
vn -0.37306 -0.923478 -0.089526
vn -0.476251 -0.814668 -0.330911
vn -0.092112 -0.774283 -0.626099
vn -0.289787 -0.761342 -0.579985
vn -0.512206 -0.804222 -0.30145
vn -0.160797 -0.769588 -0.617963
vn 0.034061 -0.91365 -0.405072
vn -0.345741 -0.669026 -0.657927
vn 0.06618 -0.747035 -0.661483
vn -0.017541 -0.700042 -0.713886
vn -0.122839 -0.692579 -0.710806
vn -0.088314 -0.887253 -0.45275
vn -0.011359 0.890181 -0.455466
vn -0.111874 -0.886757 -0.448494
vn -0.458188 -0.855474 0.241303
vn -0.069121 -0.98411 0.163554
vn -0.673753 -0.734473 0.081284
vn 0.044843 -0.987679 0.149928
vn -0.712466 -0.514582 0.477072
vn -0.023745 -0.998007 -0.058473
vn -0.001407 -0.999104 0.042301
vn -0.012306 -0.744086 -0.667971
vn -0.62034 0.544086 -0.564932
vn 0.918522 0.024694 0.394598
vn 0.035512 -0.997867 -0.054781
vn 0.000397 -0.995009 -0.09978
vn 0.006912 -0.772832 0.634573
vn -0.058213 -0.967442 -0.246305
vn -0.022223 -0.996102 -0.08536
vn 0.031927 -0.995837 -0.085378
vn 0.001328 -0.997113 -0.075914
vn 0.041166 -0.747783 -0.662666
vn -0.020436 -0.920814 -0.389466
vn 0.119391 -0.981457 -0.14996
vn 0.409265 -0.900001 -0.150003
vn -0.146637 -0.789029 -0.596599
vn -0.273128 -0.874734 0.400301
vn -0.014507 -0.815838 0.578099
vn -0.183756 -0.926212 -0.32919
vn 0.017224 -0.998246 0.056646
vn 0.038962 -0.839314 0.542248
vn -0.484252 -0.766329 -0.422185
vn 0.525193 -0.76494 0.372879
vn 0.773171 -0.56104 -0.295706
vn -0.251952 -0.967629 0.014675
vn -0.045808 -0.996811 0.065343
vn -0.29402 -0.5242 -0.799229
vn -0.31005 -0.826476 -0.4699
vn -0.428459 -0.778081 -0.459362
vn 0.088122 -0.989507 -0.114499
vn -0.417679 -0.786452 -0.455013
vn -0.427842 -0.824574 -0.370175
vn -0.488394 -0.724581 -0.486265
vn -0.674224 -0.577788 -0.459981
vn 0.237308 -0.969903 -0.054535
vn -0.168361 -0.983456 -0.066843
vn -0.049294 -0.972802 0.226333
vn -0.11756 -0.99069 0.06865
vn 0.075869 -0.972089 0.222006
vn -0.42328 -0.830206 -0.362755
vn 0.014783 -0.998544 -0.051882
vn 0.024827 -0.999368 0.02543
vn -0.498746 -0.720183 -0.482274
vn -0.105803 -0.993581 0.040021
vn -0.002121 -0.996475 0.083863
vn 0.183368 -0.979348 -0.08517
vn 0.013897 -0.995831 0.090154
vn -0.051646 -0.998119 -0.033026
vn -0.047643 -0.995828 0.077822
vn -0.073769 -0.99521 -0.064153
vn -0.109515 -0.983953 -0.140865
vn -0.05036 -0.938281 0.342187
vn -0.268436 -0.959447 0.086045
vn -0.344741 -0.844293 -0.410271
vn 0.096609 -0.995213 0.014767
vn -0.114279 -0.930051 0.349208
vn 0.150565 -0.817557 0.555815
vn 0.050003 -0.998519 -0.021444
vn -0.087224 -0.951717 0.294322
vn -0.691255 0.648675 0.318413
vn -0.250432 0.06644 -0.965852
vn -0.01354 -0.995722 -0.0914
vn -0.09571 -0.994754 -0.036123
vn -0.19019 -0.786902 0.587038
vn -0.046467 -0.99877 -0.017329
vn -0.395325 -0.903678 -0.164575
vn -0.102479 -0.990814 0.088241
vn -0.153174 -0.98344 0.096866
vn 0.019898 -0.99711 -0.073323
vn 0.137192 -0.989669 0.041645
vn 0.064148 -0.99641 0.055248
vn -0.032219 -0.989562 0.140463
vn -0.015983 -0.99316 0.115663
vn 0.590439 -0.171709 0.788605
vn -0.004679 -0.995057 0.099196
vn -0.127158 -0.991735 -0.017111
vn -0.25934 -0.95461 -0.1465
vn -0.141459 -0.234608 -0.961742
vn -0.723639 0.646098 0.242701
vn -0.052275 -0.996669 -0.06259
vn -0.561048 -0.793015 -0.237384
vn -0.571409 -0.778482 -0.259726
vn -0.568615 -0.357504 0.740857
vn 0.050407 -0.646215 0.761488
vn -0.607544 -0.792682 -0.050451
vn -0.607667 -0.792493 -0.051918
vn -0.302406 -0.943067 -0.138475
vn -0.567167 -0.740742 -0.360033
vn -0.543674 -0.75648 -0.363533
vn -0.14228 0.933611 0.328826
vn -0.383006 -0.888282 0.253498
vn -0.579184 -0.746575 -0.327372
vn -0.553488 -0.753892 -0.353975
vn -0.59267 -0.722296 -0.356413
vn -0.532949 -0.781475 -0.324441
vn -0.5732 -0.752304 -0.324778
vn -0.472744 -0.880939 -0.02143
vn -0.559403 -0.760246 -0.330294
vn -0.743922 -0.668017 0.018247
vn -0.244412 -0.945753 0.214043
vn 0.101101 -0.943064 0.316873
vn 0.261334 -0.959333 0.106696
vn -0.162216 -0.980677 0.109356
vn -0.002893 -0.937778 -0.347223
vn -0.210613 -0.654078 0.726515
vn 0.480002 -0.747685 0.458873
vn -0.080028 -0.980234 -0.180935
vn 0.106576 -0.992465 0.060457
vn 0.072379 -0.996625 -0.038728
vn -0.023637 -0.98903 0.145811
vn 0.068447 -0.996768 -0.042064
vn 0.217974 -0.931268 0.291936
vn -0.182991 -0.980912 -0.065778
vn -0.145619 -0.985705 -0.084739
vn -0.042924 -0.984943 -0.167466
vn 0.012288 -0.995369 -0.095344
vn 0.078669 -0.996368 -0.032579
vn 0.208341 -0.956223 0.205502
vn -0.444896 -0.226312 0.866516
vn -0.553079 -0.739961 0.382833
vn -0.007583 -0.992209 0.124355
vn -0.074706 -0.98778 -0.136785
vn -0.022481 -0.988841 0.14727
vn -0.904685 0.119516 -0.408976
vn -0.461755 -0.719063 0.519355
vn -0.919703 -0.169743 -0.354025
vn -0.166274 0.095995 0.981396
vn -0.807289 0.555368 -0.199626
vn 0.980248 -0.12297 0.154891
vn 0.965224 -0.109019 0.237607
vn -0.89495 -0.344153 -0.283943
vn -0.834882 0.1173 -0.537785
vn -0.786075 0.331691 -0.5216
vn -0.993407 0.028032 0.111159
vn -0.998846 0.042488 0.022376
vn -0.971071 -0.195308 0.137393
vn -0.986326 0.11985 -0.113126
vn -0.999699 -0.004972 0.024013
vn -0.956996 0.288229 -0.032893
vn -0.963078 -0.115941 -0.242977
vn -0.604834 -0.685159 -0.405873
vn -0.959072 0.148055 -0.241374
vn -0.976907 0.16778 -0.132294
vn -0.980248 0.12297 -0.154891
vn 0.767778 0.535448 -0.351868
vn -0.780209 -0.624598 0.03393
vn -0.950287 0.11897 -0.287751
vn 0.424815 -0.392679 0.815681
vn -0.858099 -0.510144 0.058475
vn -0.733145 -0.673636 0.09334
vn -0.9555 0.214884 -0.202103
vn -0.976746 0.200765 0.075233
vn -0.974491 0.2165 -0.059125
vn -0.856432 -0.501767 -0.121469
vn -0.985393 0.169787 -0.01314
vn -0.877078 -0.480012 -0.017963
vn -0.767778 -0.535448 0.351868
vn -0.971694 -0.074099 0.22432
vn -0.881748 -0.034418 0.470463
vn -0.995938 0.089391 0.010769
vn -0.980053 0.197122 -0.025289
vn -0.968173 -0.24644 -0.043685
vn -0.999177 -0.035447 0.019702
vn -0.95779 -0.13276 -0.254976
vn -0.993783 -0.109159 0.021913
vn -0.992537 -0.117909 0.031123
vn -0.610722 0.675204 0.413664
vn -0.975782 0.211891 -0.054335
vn -0.971261 -0.003975 -0.237984
vn -0.961126 0.05218 -0.271133
vn -0.88378 0.174047 -0.434328
vn -0.987221 0.082582 -0.13629
vn -0.997312 0.06799 0.027307
vn -0.996474 0.057047 0.061521
vn -0.990735 0.134986 -0.014958
vn -0.99161 -0.11114 -0.066016
vn -0.990043 -0.091445 -0.107017
vn -0.978821 0.184248 -0.08923
vn -0.930574 0.364728 -0.031705
vn -0.757618 0.118766 -0.641801
vn -0.998626 -0.03211 0.041406
vn -0.993213 -0.116244 -0.003983
vn -0.627564 -0.102131 -0.771837
vn -0.935501 0.348345 0.059105
vn -0.792082 -0.58208 -0.183819
vn -0.981245 0.191604 -0.021135
vn -0.952672 0.10902 -0.28378
vn -0.915872 0.166564 -0.365287
vn -0.571835 0.702648 -0.423427
vn -0.97513 -0.112945 -0.190695
vn -0.601467 -0.627523 -0.494421
vn -0.984887 0.129052 -0.115515
vn -0.906823 -0.40962 -0.099414
vn -0.988982 -0.07967 -0.124768
vn -0.434715 -0.732822 -0.523446
vn -0.915226 0.106044 -0.388736
vn -0.916599 0.11413 -0.383173
vn -0.880002 -0.357406 -0.312821
vn -0.588978 -0.655999 -0.471986
vn -0.701907 -0.516892 -0.49005
vn -0.966165 -0.024776 -0.25673
vn -0.828506 0.087605 -0.553086
vn -0.905696 0.126291 -0.404679
vn -0.494993 -0.714666 -0.494201
vn -0.931042 0.146651 -0.334147
vn -0.812791 -0.006419 -0.582519
vn -0.927673 0.154133 -0.340097
vn -0.863676 -0.00902 -0.503967
vn -0.688495 -0.496287 -0.528842
vn -0.783537 0.442951 -0.435735
vn -0.961759 0.268445 -0.054372
vn -0.778163 0.25268 -0.574991
vn -0.535717 0.39336 -0.747178
vn -0.488873 -0.249002 -0.836063
vn -0.980271 0.196771 0.018697
vn -0.011138 0.996771 0.079519
vn 0.68275 0.117801 0.721093
vn -0.730676 0.22625 -0.644146
vn -0.526523 0.509363 -0.680678
vn -0.764987 0.27693 -0.581468
vn -0.851434 0.025282 -0.523852
vn -0.755333 0.182581 -0.629394
vn -0.558794 0.447088 -0.698471
vn -0.726086 0.188879 -0.661153
vn -0.998938 0.035034 -0.02991
vn -0.980107 -0.036558 0.195074
vn -0.748531 -0.662686 0.02342
vn -0.969002 -0.130109 -0.210017
vn 0.12508 -0.639891 0.758218
vn -0.433222 -0.835045 -0.339144
vn -0.474017 -0.789524 -0.38982
vn -0.923768 -0.382795 0.010955
vn -0.991319 0.068524 -0.112206
vn -0.954414 -0.287888 -0.078831
vn -0.995961 -0.0269 -0.085664
vn -0.97445 -0.157906 -0.159729
vn -0.99868 0.027174 -0.04358
vn -0.735122 -0.673016 0.081517
vn -0.981 0.120573 -0.151988
vn -0.99349 0.11344 -0.010422
vn -0.990327 -0.091484 -0.104319
vn -0.999759 -0.006474 -0.020999
vn -0.989716 -0.065211 -0.127317
vn -0.955745 -0.075275 0.284403
vn -0.85333 -0.52042 -0.03148
vn -0.994046 -0.076634 -0.077462
vn -0.960794 -0.056124 -0.271525
vn -0.998053 -0.040746 0.04722
vn -0.999512 0.027386 -0.015011
vn -0.950103 -0.09491 -0.297147
vn -0.994645 -0.076858 -0.06909
vn -0.988445 -0.151579 7.5e-05
vn -0.986324 0.071945 -0.148285
vn -0.933745 0.080528 -0.348762
vn -0.985978 0.07383 -0.149658
vn -0.987497 0.074463 -0.138941
vn -0.949923 -0.111429 -0.291942
vn -0.884297 -0.034762 -0.465628
vn -0.939019 -0.098893 -0.329337
vn -0.849505 -0.515029 -0.114393
vn -0.721688 -0.211378 -0.659156
vn -0.769939 -0.153159 -0.619465
vn -0.843632 -0.053004 -0.534299
vn -0.93971 -0.067174 -0.335309
vn -0.693018 0.008924 -0.720865
vn -0.99905 0.004189 -0.043369
vn -0.99682 0.020743 -0.076936
vn -0.9993 0.024242 -0.028488
vn -0.918117 0.011634 -0.396139
vn -0.82589 0.143065 -0.54538
vn -0.989892 0.101045 -0.099518
vn -0.991477 -0.014536 -0.12947
vn -0.996895 0.059959 -0.05104
vn -0.960165 0.177522 0.215797
vn -0.996237 0.055351 -0.066689
vn -0.973043 0.117684 -0.19834
vn -0.949709 0.093228 -0.298935
vn -0.9895 0.08857 -0.114215
vn -0.997064 0.053577 -0.054714
vn -0.996032 0.079545 0.039898
vn -0.999978 0.005442 -0.003769
vn -0.960456 0.044498 -0.274851
vn -0.96502 0.031569 -0.260269
vn -0.995724 0.049051 -0.078275
vn -0.982807 -0.051903 -0.17719
vn -0.943839 0.110648 -0.311328
vn -0.948728 -0.005855 -0.316041
vn -0.818841 0.287099 -0.497065
vn -0.982539 -0.108139 -0.151406
vn -0.953867 -0.018901 -0.299634
vn -0.989176 0.050464 -0.137785
vn -0.95718 0.249752 -0.146389
vn -0.959868 0.237236 -0.149572
vn -0.942222 -0.106331 -0.317665
vn -0.922822 0.128069 -0.363316
vn -0.880031 0.157554 -0.44802
vn -0.941212 -0.219292 -0.256963
vn -0.987664 0.007884 -0.156389
vn -0.843029 0.081785 -0.531614
vn -0.790569 0.024396 -0.611887
vn -0.816085 0.008361 -0.577872
vn -0.811795 -0.00801 -0.583887
vn -0.817854 -0.003598 -0.575415
vn -0.748555 -0.057509 -0.660575
vn -0.875614 0.302598 -0.376478
vn -0.842946 0.195043 -0.501398
vn -0.758781 0.16671 -0.62965
vn -0.823879 0.078557 -0.561295
vn -0.808392 -0.024208 -0.588147
vn -0.699185 0.072361 -0.71127
vn -0.781397 -0.031423 -0.623242
vn -0.710984 -0.354533 -0.607296
vn -0.239873 0.576999 -0.780726
vn -0.781984 -0.098586 -0.615452
vn -0.800767 0.236847 -0.550159
vn -0.55188 -0.124322 -0.824604
vn -0.637483 -0.097409 -0.764282
vn -0.693468 -0.523817 -0.49469
vn -0.455412 -0.415916 -0.787156
vn -0.613471 -0.474766 -0.631071
vn -0.859988 0.369099 -0.352401
vn -0.402004 0.701014 -0.589043
vn -0.619729 0.102211 -0.778132
vn -0.647815 -0.113453 -0.753303
vn -0.701657 -0.460568 -0.543649
vn -0.724062 -0.131041 -0.677172
vn -0.454895 0.457397 -0.764107
vn -0.682909 0.116135 -0.721213
vn -0.76088 0.123542 -0.637024
vn -0.738722 -0.20492 -0.642104
vn -0.78717 0.035095 -0.615736
vn -0.842357 0.04852 -0.536731
vn -0.812131 0.024599 -0.582956
vn -0.669407 -0.21344 -0.711574
vn -0.674241 -0.218085 -0.705576
vn -0.793297 0.069993 -0.604798
vn -0.863192 0.0829 -0.498024
vn -0.602464 -0.270094 -0.751057
vn -0.776507 0.034629 -0.629156
vn -0.713047 0.070024 -0.697611
vn -0.727889 0.098217 -0.678624
vn -0.775721 0.091536 -0.624402
vn -0.696895 0.136825 -0.704
vn -0.804636 -0.20723 -0.556433
vn -0.75536 0.067913 -0.651781
vn -0.846993 0.092381 -0.523516
vn -0.969781 -0.214244 -0.116719
vn -0.082112 0.632916 -0.769854
vn -0.307815 0.741214 -0.596534
vn 0.267736 0.141483 -0.953048
vn -0.661899 -0.201018 -0.722137
vn -0.655636 -0.463131 -0.596365
vn -0.738279 -0.065739 -0.671284
vn -0.316333 0.746614 -0.585235
vn -0.73624 0.181902 -0.651815
vn -0.509403 -0.335175 -0.792569
vn -0.46165 0.597914 -0.65527
vn -0.834299 0.066475 -0.547289
vn -0.838645 0.134814 0.52773
vn 0.604049 0.333299 -0.723904
vn -0.834324 0.066312 -0.547272
vn 0.631042 -0.58896 -0.504888
vn 0.455771 -0.51177 -0.728261
vn 0.531678 -0.248974 -0.809525
vn -0.76908 -0.04511 -0.637559
vn 0.58084 -0.020969 -0.813748
vn 0.048829 -0.701759 -0.710739
vn -0.700461 -0.020019 -0.71341
vn -0.719667 0.073947 -0.690371
vn -0.69106 0.135431 -0.709997
vn -0.635565 0.103183 -0.765121
vn 0.436487 -0.154207 -0.886397
vn -0.905093 0.006752 -0.425161
vn -0.858959 -0.105268 -0.501107
vn -0.748691 0.133946 -0.649245
vn -0.695797 0.150527 -0.702288
vn -0.750235 0.004736 -0.661155
vn 0.062057 0.793741 0.605082
vn -0.700445 0.121903 -0.703219
vn -0.730896 0.05003 -0.680653
vn 0.654096 -0.179159 -0.734888
vn -0.731592 0.141595 -0.666876
vn -0.884272 -0.022829 -0.466415
vn -0.797624 -0.233181 -0.556257
vn -0.60159 -0.618171 -0.505919
vn -0.757228 0.057226 -0.650639
vn -0.768608 -0.000256 -0.63972
vn -0.724433 -0.009056 -0.689286
vn -0.699984 0.211644 -0.682077
vn -0.688802 0.477809 -0.545207
vn -0.80334 -0.140551 -0.578698
vn -0.777966 0.021793 -0.627928
vn -0.73344 -0.035273 -0.678839
vn -0.785685 0.040896 -0.617273
vn -0.862137 0.06009 -0.503099
vn -0.860272 0.065516 -0.505608
vn -0.863523 0.067867 -0.499722
vn -0.757736 0.022538 -0.652172
vn -0.711622 0.06255 -0.699773
vn -0.672407 -0.439363 -0.595675
vn -0.758503 -0.293337 -0.581916
vn -0.687131 0.201746 -0.697961
vn -0.746934 0.029497 -0.664243
vn -0.760326 -0.186617 -0.622157
vn -0.752007 0.065039 -0.655938
vn -0.125712 -0.173437 -0.976789
vn -0.888493 -0.311645 -0.336835
vn 0.875449 -0.156641 -0.457222
vn -0.751758 -0.104474 -0.651111
vn -0.825895 -0.001105 -0.563823
vn -0.772454 0.082814 -0.629649
vn -0.752075 -0.064936 -0.65587
vn 0.652247 -0.047393 -0.756523
vn -0.769028 0.040781 -0.637913
vn 0.984375 -0.175721 -0.011332
vn 0.187674 -0.105342 -0.976566
vn 0.659317 -0.045742 -0.750472
vn 0.661852 -0.162344 -0.731845
vn 0.680441 -0.056526 -0.730619
vn 0.595803 -0.110155 -0.795541
vn 0.61453 0.040028 -0.787878
vn 0.576598 0.02252 -0.816718
vn 0.63563 -0.202644 -0.744923
vn 0.638793 -0.041084 -0.768281
vn 0.712602 -0.039093 -0.700478
vn 0.567549 -0.004369 -0.823328
vn 0.666824 0.048513 -0.743634
vn 0.72451 0.03631 -0.688307
vn 0.61215 0.157448 -0.774908
vn 0.488791 -0.613708 -0.620037
vn 0.758239 0.133202 -0.638225
vn 0.417958 0.903692 -0.093016
vn 0.638439 -0.318835 -0.700529
vn 0.583872 0.016121 -0.811686
vn 0.643099 0.065221 -0.763
vn 0.613166 0.015167 -0.789809
vn 0.57685 0.017401 -0.816665
vn 0.640508 0.081471 -0.763618
vn 0.532761 -0.371178 -0.760521
vn -0.027156 -0.269119 -0.962724
vn -0.092104 0.04362 -0.994794
vn 0.608479 -0.06938 -0.790531
vn 0.4418 -0.72518 -0.528135
vn 0.518632 -0.121035 -0.846387
vn 0.715278 -0.136585 -0.685362
vn -0.633275 0.165399 -0.756047
vn -0.809434 -0.095046 -0.579467
vn -0.580949 0.073515 -0.810613
vn -0.628207 -0.03665 -0.777183
vn -0.669155 0.084929 -0.738254
vn -0.625659 0.04788 -0.778626
vn -0.583057 0.170645 -0.794307
vn -0.609316 -0.07364 -0.789501
vn -0.629905 -0.107681 -0.769171
vn -0.304443 -0.363184 -0.880575
vn 0.374764 -0.738098 -0.561037
vn -0.691695 0.178553 -0.699769
vn -0.429492 -0.322699 -0.843446
vn -0.155922 -0.379224 -0.912073
vn -0.549468 -0.425858 -0.718839
vn -0.702394 0.116818 -0.702137
vn -0.643783 0.409111 -0.646662
vn -0.713328 0.541022 -0.445487
vn -0.156171 -0.089965 -0.983624
vn -0.590856 -0.601834 -0.537294
vn -0.768743 -0.048371 -0.637726
vn -0.636517 0.189612 -0.747592
vn -0.761479 -0.215419 -0.611347
vn -0.742519 -0.1245 -0.658153
vn -0.576344 -0.21843 0.787475
vn -0.84383 -0.231469 -0.484121
vn -0.640131 0.052742 -0.766453
vn -0.804469 0.121473 -0.581441
vn -0.683974 0.116404 -0.720159
vn -0.674869 0.034708 -0.737121
vn -0.717969 -0.310895 -0.622788
vn -0.696927 0.134126 -0.704488
vn -0.658063 0.034128 -0.752189
vn -0.618502 -0.038637 -0.784833
vn -0.819214 -0.008918 -0.573418
vn -0.81316 -0.112233 -0.571117
vn -0.859328 0.033875 -0.510301
vn -0.716676 0.114362 -0.687966
vn -0.622546 0.110931 -0.774681
vn -0.659389 -0.003736 -0.751792
vn -0.480058 0.014157 -0.877122
vn -0.693413 -0.015028 -0.720384
vn -0.564039 -0.031599 -0.825144
vn -0.581951 0.023932 -0.812872
vn -0.639288 0.088014 -0.763914
vn -0.673044 -0.041105 -0.738459
vn -0.670637 -0.052352 -0.739936
vn -0.785529 0.004905 -0.618805
vn -0.905329 0.103153 -0.411994
vn -0.728027 0.043341 -0.684177
vn -0.783649 0.315586 -0.535069
vn -0.754945 0.016474 -0.655581
vn -0.631416 0.066395 -0.772596
vn -0.695726 0.078774 -0.713974
vn -0.79176 -0.050728 -0.608723
vn -0.755997 0.516486 -0.402133
vn -0.684476 -0.104288 -0.721538
vn -0.751787 0.127046 -0.647052
vn -0.696301 0.195277 -0.690675
vn -0.438799 -0.834054 -0.33438
vn -0.707194 -0.629988 -0.320925
vn -0.831759 0.037936 -0.55384
vn -0.775395 0.009747 -0.631401
vn -0.787577 0.047869 -0.614354
vn -0.492571 0.019027 -0.870064
vn -0.651082 0.064769 -0.756239
vn -0.764678 0.021212 -0.644063
vn -0.634295 -0.089641 -0.767877
vn 0.037608 -0.876791 -0.479398
vn -0.809318 -0.011852 -0.587251
vn -0.634321 0.038754 -0.772098
vn -0.102374 0.067354 -0.992463
vn -0.025422 -0.140047 -0.989818
vn 0.667997 -0.086004 -0.739177
vn -0.06299 -0.028468 -0.997608
vn -0.664913 -0.319491 -0.675142
vn 0.0152 -0.117118 -0.993002
vn -0.184666 -0.223242 -0.957111
vn -0.082253 -0.090852 -0.992462
vn -0.045184 -0.017935 -0.998818
vn 0.014465 -0.081127 -0.996599
vn -0.006207 -0.088197 -0.996084
vn -0.070265 0.008573 -0.997492
vn -0.045318 -0.029533 -0.998536
vn -0.112567 -0.443344 -0.889255
vn -0.112251 -0.010345 -0.993626
vn -0.123573 0.005346 -0.992321
vn 0.354127 0.121713 -0.927243
vn -0.077981 -0.053601 -0.995513
vn -0.080925 0.038171 -0.995989
vn -0.12647 0.055361 -0.990424
vn -0.004812 0.014498 -0.999883
vn 0.122588 0.13216 -0.983619
vn 0.17778 0.053918 -0.982592
vn -0.141846 0.017753 -0.98973
vn -0.151706 -0.077755 -0.985363
vn -0.078611 -0.025546 -0.996578
vn -0.257799 0.26464 -0.92925
vn -0.472344 0.075195 -0.878201
vn 0.040125 0.106033 -0.993553
vn -0.375217 -0.155718 -0.913763
vn 0.00909 -0.352129 -0.935907
vn -0.370807 -0.380708 -0.847092
vn -0.088157 -0.621549 -0.778399
vn -0.33159 -0.53524 -0.776895
vn -0.04466 0.052502 -0.997622
vn -0.071664 -0.425846 -0.901953
vn 0.453168 -0.045378 -0.890269
vn 0.603067 -0.084421 -0.793211
vn -0.089009 0.045544 -0.994989
vn -0.132205 -0.402444 -0.905848
vn -0.122846 -0.409674 -0.903922
vn 0.12375 -0.064694 -0.990202
vn -0.120829 0.082892 -0.989206
vn -0.294252 0.024369 -0.955417
vn 0.189574 -0.023206 0.981592
vn -0.05064 0.055772 -0.997158
vn -0.014789 0.002354 -0.999888
vn -0.203399 -0.221728 -0.953659
vn -0.021208 0.114435 -0.993204
vn 0.00122 -0.206077 -0.978535
vn -0.100863 0.073097 -0.992211
vn -0.095759 0.06864 -0.993035
vn -0.051403 -0.120654 -0.991363
vn -0.078101 0.062967 -0.994955
vn 0.014164 -0.014731 -0.999791
vn -0.021762 0.30922 -0.950742
vn 0.000357 -0.033802 -0.999429
vn -0.077245 0.060717 -0.995162
vn -0.100563 -0.10127 -0.989763
vn 0.5903 -0.105435 -0.800268
vn 0.683582 -0.004536 -0.729859
vn 0.216447 -0.154469 -0.963997
vn 0.036688 0.020078 -0.999125
vn -0.39739 -0.370734 -0.839427
vn 0.258268 -0.365494 -0.894266
vn 0.218168 -0.018608 -0.975734
vn 0.081383 -0.045193 -0.995658
vn 0.230462 0.123625 -0.965196
vn 0.163342 0.004581 -0.986559
vn 0.056679 0.065847 -0.996219
vn -0.02649 -0.08239 -0.996248
vn 0.144786 -0.031777 -0.988953
vn 0.307565 -0.066517 -0.949199
vn 0.324698 0.056991 -0.944099
vn 0.462557 0.047321 -0.885326
vn 0.012912 -0.363228 -0.931611
vn 0.333794 0.062097 -0.940599
vn -0.426796 0.859894 -0.280049
vn 0.354233 -0.049927 -0.933823
vn 0.62499 0.040814 -0.779565
vn 0.188646 -0.465686 -0.864609
vn 0.441157 -0.731027 -0.520556
vn 0.35381 -0.496401 -0.79272
vn 0.594124 0.00233 -0.80437
vn 0.627578 -0.339273 -0.700743
vn 0.492124 -0.507532 -0.707266
vn 0.609675 0.093544 -0.787112
vn 0.339058 0.040721 -0.939884
vn 0.334351 0.065 -0.940204
vn 0.374999 -0.230233 -0.89798
vn 0.491275 0.083002 -0.86704
vn 0.637697 -0.042814 -0.769096
vn 0.521031 -0.180532 -0.834227
vn 0.491769 -0.105581 -0.864301
vn 0.616665 0.11833 -0.778282
vn 0.579876 0.079112 -0.810855
vn 0.595521 -0.058821 -0.801183
vn 0.67607 -0.018256 -0.736611
vn 0.176662 0.004888 -0.984259
vn 0.265978 0.045931 -0.962884
vn 0.079396 0.343069 -0.935949
vn 0.609671 -0.062934 -0.790152
vn 0.660427 -0.008243 -0.750845
vn 0.657147 -0.03262 -0.753056
vn 0.127433 0.035102 -0.991226
vn 0.218661 -0.018581 -0.975624
vn 0.427008 -0.11017 -0.897512
vn 0.491014 0.181913 -0.851946
vn 0.287438 -0.076665 -0.954726
vn 0.247857 -0.040355 -0.967956
vn 0.509888 -0.064389 -0.857828
vn 0.487467 -0.072961 -0.870088
vn 0.60614 0.111445 -0.787512
vn 0.684853 -0.034864 -0.727846
vn 0.528452 -0.615562 -0.584655
vn 0.143412 0.199782 -0.969289
vn 0.534047 0.026527 -0.845039
vn 0.6191 0.069486 -0.782232
vn 0.370256 0.347887 -0.861328
vn 0.444631 -0.1617 -0.880997
vn 0.297675 -0.049051 -0.953406
vn 0.668354 0.124434 -0.733362
vn 0.391096 -0.053318 -0.918804
vn 0.948416 0.253339 -0.190594
vn 0.228981 0.006176 -0.973411
vn 0.332684 0.00966 -0.942989
vn 0.454425 -0.046195 -0.889587
vn 0.152209 0.271272 -0.950391
vn 0.321119 -0.141618 -0.936391
vn 0.384076 -0.128143 -0.914366
vn 0.365957 -0.058881 -0.928767
vn 0.340133 -0.05904 -0.938522
vn 0.114065 -0.220312 -0.968737
vn 0.19711 -0.03884 -0.979612
vn 0.290823 0.128689 -0.948083
vn 0.069601 0.015459 -0.997455
vn 0.365973 -0.058839 -0.928764
vn 0.457501 -0.331904 -0.824944
vn 0.314823 -0.064187 -0.946978
vn 0.301693 -0.040211 -0.952557
vn 0.21923 -0.052526 -0.974258
vn 0.059214 0.029997 -0.997795
vn -0.079452 -0.124862 -0.988988
vn 0.356227 0.04694 -0.93322
vn 0.299326 0.084608 -0.950392
vn 0.109595 0.003527 -0.99397
vn 0.223572 -0.041892 -0.973787
vn 0.237479 0.064542 -0.969246
vn -0.570219 0.809794 -0.138144
vn 0.770625 -0.613792 0.171453
vn 0.370093 -0.922751 0.10753
vn -0.050297 -0.12772 -0.990534
vn 0.267655 0.963465 -0.009818
vn -0.747117 -0.658835 -0.088051
vn 0.34181 -0.933059 0.112102
vn -0.068203 -0.028961 -0.997251
vn 0.439661 -0.156747 -0.884381
vn 0.542295 0.242393 -0.804464
vn 0.249643 -0.060824 -0.966426
vn 0.197907 -0.044244 -0.979222
vn -0.029446 -0.006737 -0.999544
vn 0.467387 0.853218 -0.231449
vn -0.998484 0.04036 -0.037436
vn -0.030458 -0.963168 0.267169
vn 0.436749 -0.403131 -0.804199
vn 0.346184 -0.058345 -0.936351
vn 0.394097 -0.35613 -0.847265
vn 0.345311 -0.066006 -0.936164
vn 0.263121 -0.140214 -0.95452
vn 0.148502 -0.247214 -0.957514
vn 0.23127 -0.147758 -0.961604
vn 0.986321 -0.158308 0.04593
vn -0.616194 0.761253 -0.201989
vn -0.442805 -0.869148 0.22024
vn -0.130408 -0.676837 -0.72449
vn 0.146318 -0.716866 -0.681684
vn 0.383468 -0.395098 -0.834775
vn 0.105624 -0.730163 -0.675059
vn 0.404358 -0.768235 -0.496296
vn 0.410999 -0.769523 -0.488788
vn 0.04938 -0.854291 -0.517443
vn 0.072448 -0.757292 -0.649045
vn -0.013932 -0.745153 -0.666748
vn -0.330475 -0.134911 -0.934123
vn 0.49306 0.038474 -0.869144
vn 0.181791 -0.319833 -0.92987
vn 0.016071 -0.358573 -0.933363
vn -0.042201 -0.043337 -0.998169
vn -0.072318 -0.129158 -0.988983
vn -0.212638 -0.002253 -0.977128
vn 0.084425 -0.002856 -0.996426
vn 0.06635 -0.016783 -0.997655
vn 0.223408 0.009419 -0.974679
vn 0.126384 -0.043167 -0.991042
vn 0.093574 -0.813793 -0.573572
vn 0.025381 -0.533018 -0.845723
vn -0.258574 -0.829563 -0.49494
vn 0.014256 -0.695406 -0.718475
vn 0.159264 0.944227 0.288219
vn 0.006683 -0.698539 -0.71554
vn 0.083958 -0.730989 -0.677205
vn 0.011228 -0.802 -0.597218
vn -0.109564 -0.368676 -0.923078
vn 0.114318 -0.736625 -0.66657
vn -0.466052 -0.796132 -0.385966
vn -0.023652 -0.722317 -0.691158
vn -0.80032 -0.131978 -0.584868
vn 0.037237 -0.985105 -0.167872
vn -0.118459 -0.379752 -0.917473
vn -0.255285 -0.939388 -0.228865
vn -0.067749 -0.120087 -0.990449
vn -0.060328 -0.141969 -0.988031
vn -0.269853 -0.162721 -0.949053
vn -0.430278 -0.824865 -0.366687
vn -0.41057 -0.767178 -0.492818
vn -0.425174 -0.703246 -0.569799
vn -0.433757 -0.900938 -0.012863
vn -0.310305 -0.82217 -0.477229
vn 0.065664 -0.817709 -0.571874
vn -0.539464 -0.804621 -0.24812
vn -0.301068 -0.029966 -0.953132
vn -0.48213 -0.053991 -0.874435
vn -0.017778 -0.14352 -0.989488
vn -0.19431 -0.026416 -0.980584
vn 0.624012 -0.214786 -0.751316
vn -0.290732 -0.148768 -0.945168
vn -0.178458 -0.029056 -0.983518
vn -0.111494 -0.016639 -0.993626
vn -0.213197 0.0282 -0.976602
vn -0.140473 -0.021142 -0.989859
vn -0.372832 -0.047963 -0.926659
vn -0.422813 0.041546 -0.905264
vn -0.606229 0.092466 -0.789896
vn -0.257532 0.087243 -0.962323
vn -0.975929 0.138951 0.168094
vn -0.625078 -0.071208 -0.777308
vn -0.509732 -0.071703 -0.85734
vn -0.679297 -0.117242 -0.724438
vn -0.2613 -0.019839 -0.965054
vn -0.052741 0.007596 -0.998579
vn -0.095446 0.181211 -0.978802
vn -0.444187 -0.092611 -0.891135
vn -0.408527 0.066384 -0.910329
vn -0.484299 0.027322 -0.874476
vn -0.379555 -0.062802 -0.923035
vn -0.240029 0.017222 -0.970613
vn -0.127724 0.037925 -0.991084
vn 0.010918 -0.020288 -0.999735
vn -0.026258 -0.014407 -0.999551
vn -0.410433 -0.010263 -0.911833
vn -0.098816 -0.063704 -0.993064
vn -0.197365 -0.053123 -0.97889
vn -0.043489 0.060679 -0.997209
vn -0.027031 -0.158044 -0.987062
vn -0.094223 -0.02349 -0.995274
vn -0.061874 0.022546 -0.997829
vn -0.067651 0.004513 -0.997699
vn -0.204813 -0.035894 -0.978143
vn -0.160913 -0.035601 -0.986326
vn -0.112309 -0.127121 -0.985508
vn -0.065987 0.016571 -0.997683
vn -0.102187 -0.046045 -0.993699
vn -0.296313 -0.004487 -0.95508
vn -0.089383 0.089773 -0.991943
vn -0.086143 0.090018 -0.992208
vn -0.155894 0.016715 -0.987632
vn 0.088157 0.621549 0.778399
vn -0.209547 0.352832 -0.911921
vn -0.091644 -0.363263 -0.927168
vn 0.42837 -0.797614 0.424631
vn -0.403507 -0.226956 -0.886382
vn -0.350547 0.028153 -0.936122
vn 0.216084 0.212013 -0.953078
vn -0.065375 0.018851 -0.997683
vn -0.111236 -0.00418 -0.993785
vn -0.227154 -0.326755 -0.917405
vn 0.301341 0.271212 -0.914132
vn -0.093106 -0.427009 -0.899441
vn -0.172715 -0.534043 -0.827628
vn -0.213725 -0.031541 -0.976385
vn 0.313379 -0.753988 -0.577318
vn 0.835902 0.076846 -0.543473
vn -0.024489 -0.442838 -0.896267
vn -0.093886 -0.375247 -0.922158
vn -0.519788 0.048153 -0.852937
vn 0.011098 0.153175 -0.988137
vn 0.260717 0.513129 -0.817757
vn -0.051613 0.07065 -0.996165
vn -0.160075 0.123342 -0.979369
vn -0.10035 -0.38919 -0.915675
vn -0.210925 -0.002521 -0.977499
vn -0.023266 -0.32599 -0.945087
vn -0.641505 0.050102 -0.765481
vn -0.315416 -0.094279 -0.944259
vn -0.362708 -0.037 -0.931168
vn -0.692834 -0.116353 -0.711649
vn -0.198214 -0.00335 -0.980153
vn -0.214095 -0.017636 -0.976654
vn -0.23569 -0.006716 -0.971805
vn -0.062642 0.111317 -0.991809
vn -0.157637 -0.011629 -0.987429
vn -0.186206 -0.042868 -0.981575
vn -0.325523 0.031247 -0.945018
vn -0.496854 -0.0323 -0.867233
vn -0.538097 0.077099 -0.839349
vn -0.56048 -0.027251 -0.827719
vn -0.427763 -0.045963 -0.902721
vn -0.2756 -0.052535 -0.959836
vn -0.508044 -0.008327 -0.861291
vn -0.41645 -0.03434 -0.90851
vn -0.570645 0.116006 -0.812962
vn -0.21071 0.073172 -0.974806
vn -0.299309 -0.293202 -0.907991
vn -0.419045 -0.156234 -0.894423
vn -0.276834 -0.319363 -0.906295
vn -0.404767 0.153529 -0.901439
vn 0.023644 0.122492 -0.992188
vn -0.012054 0.112755 -0.99355
vn -0.074037 0.222436 -0.972132
vn -0.545616 -0.501777 -0.67121
vn -0.500918 -0.500407 -0.706169
vn -0.266444 0.161692 -0.950191
vn -0.50696 0.012239 -0.861883
vn -0.397156 0.1425 -0.906621
vn -0.448689 0.2066 -0.869479
vn -0.410471 0.198674 -0.889968
vn -0.453286 -0.267954 -0.850137
vn -0.455929 0.18417 -0.870753
vn -0.21042 0.279947 -0.936671
vn -0.80227 0.010964 -0.59686
vn -0.477164 -0.694037 -0.539098
vn -0.341658 -0.034472 -0.939192
vn -0.428403 -0.667261 -0.609289
vn -0.793299 -0.170532 -0.584462
vn -0.479212 -0.6608 -0.577667
vn -0.647625 0.039398 -0.76094
vn -0.412438 -0.599941 -0.685541
vn -0.481985 -0.637037 -0.601561
vn -0.857716 0.369997 -0.356966
vn -0.687709 0.206981 -0.695856
vn -0.466227 0.193577 -0.863227
vn -0.483177 0.181093 -0.856589
vn -0.560036 0.07198 -0.825335
vn -0.700592 0.195828 -0.686165
vn -0.774848 -0.001986 -0.632145
vn -0.767674 -0.495697 -0.406154
vn -0.803609 -0.312277 -0.506651
vn -0.8106 -0.143499 -0.567747
vn -0.816176 -0.120474 -0.565104
vn -0.878755 0.03047 -0.4763
vn -0.718415 0.387269 -0.577843
vn -0.833395 0.101547 -0.543269
vn -0.692323 -0.425406 -0.582854
vn -0.74749 -0.497526 -0.440144
vn -0.658568 -0.434577 -0.614354
vn -0.657811 -0.018353 -0.752959
vn -0.738553 -0.179762 -0.649788
vn -0.443787 0.553009 -0.705148
vn -0.832326 -0.144834 -0.53503
vn -0.675862 0.423294 -0.603352
vn -0.310424 -0.688381 0.655567
vn -0.883118 0.071917 -0.463606
vn -0.837054 0.029476 -0.546326
vn -0.844026 0.024362 -0.535749
vn -0.845444 0.127578 -0.518603
vn -0.928544 0.315015 -0.196395
vn -0.725143 0.091878 -0.682441
vn -0.827139 0.188147 -0.529568
vn -0.78242 0.247837 -0.571311
vn -0.715945 0.320786 -0.620096
vn -0.781275 0.229535 -0.580451
vn -0.688173 0.21855 -0.691848
vn -0.733024 0.104213 -0.672172
vn -0.845158 0.145461 -0.514343
vn -0.129782 0.144838 -0.980907
vn -0.829277 0.039052 -0.557471
vn -0.74303 0.137642 -0.654951
vn -0.770318 0.209041 -0.602422
vn -0.793256 0.192768 -0.577568
vn -0.809552 0.206349 -0.549587
vn -0.74126 0.124592 -0.659553
vn -0.717378 0.186499 -0.671257
vn -0.749035 0.176444 -0.638604
vn -0.723852 0.152904 -0.672799
vn -0.737665 0.130761 -0.662384
vn -0.758356 0.229967 -0.609927
vn -0.773415 0.126843 -0.62108
vn -0.734122 0.174933 -0.656097
vn -0.739906 0.228144 -0.632843
vn -0.788774 0.270345 -0.552041
vn -0.780172 0.091471 -0.618842
vn -0.773526 0.184996 -0.606163
vn -0.740837 0.201813 -0.64065
vn -0.820357 0.048901 -0.569758
vn -0.80641 0.21031 -0.552695
vn -0.76327 0.189713 -0.617598
vn -0.814128 -0.163006 -0.557337
vn -0.732229 -0.252562 -0.632498
vn -0.743383 -0.031843 -0.668108
vn -0.778665 -0.596599 -0.194295
vn -0.72205 -0.300239 -0.623298
vn -0.729821 -0.46472 -0.501395
vn -0.602015 -0.523209 -0.603184
vn -0.605628 -0.469005 -0.642844
vn -0.605455 -0.563706 -0.561836
vn -0.473389 -0.665718 -0.576821
vn -0.433819 -0.479833 -0.762602
vn -0.434636 -0.313742 -0.84419
vn -0.561994 -0.41439 -0.715852
vn -0.538792 -0.35 -0.766292
vn -0.734862 -0.296375 -0.610032
vn -0.678855 -0.527578 -0.510703
vn -0.750496 -0.511496 -0.418483
vn -0.66698 -0.642551 -0.377183
vn -0.723373 -0.688909 0.046215
vn -0.71526 -0.49422 -0.494115
vn -0.772861 -0.441457 -0.455851
vn -0.790818 -0.471099 -0.390734
vn -0.759054 -0.536471 -0.36883
vn -0.726172 -0.324386 -0.606175
vn -0.471757 -0.46353 -0.750057
vn -0.266759 -0.696594 -0.666031
vn -0.293377 -0.747103 -0.596463
vn -0.501555 -0.791469 -0.349312
vn -0.164417 0.851501 0.497909
vn 0.324391 0.411213 -0.851865
vn -0.359386 0.117251 0.925793
vn -0.910632 -0.37607 -0.171234
vn -0.820473 -0.107794 -0.561431
vn -0.86716 -0.214995 -0.449234
vn -0.823048 -0.550306 -0.140553
vn -0.635948 -0.649925 -0.416134
vn -0.419295 -0.70923 -0.566732
vn -0.399114 -0.694354 -0.598815
vn -0.511645 -0.790935 -0.33562
vn -0.567701 -0.820569 0.066196
vn -0.552688 -0.765233 -0.330082
vn -0.805401 -0.033428 -0.591787
vn -0.816689 -0.28492 -0.501836
vn -0.85726 -0.190542 -0.478329
vn -0.337849 -0.856769 -0.389621
vn -0.608213 -0.252572 -0.752518
vn -0.392182 -0.320587 -0.862217
vn -0.63393 -0.338252 -0.695499
vn -0.922355 -0.008948 -0.38624
vn -0.814824 0.235906 -0.529537
vn -0.804656 -0.015349 -0.593543
vn -0.852327 0.373025 0.366595
vn -0.397146 -0.620147 -0.67653
vn -0.366561 -0.756098 -0.54217
vn -0.280212 -0.586689 -0.759788
vn -0.412341 -0.474413 -0.777758
vn -0.184276 -0.714103 -0.675351
vn -0.393535 -0.314053 -0.864003
vn -0.858819 0.074437 -0.506842
vn -0.338931 -0.385108 -0.858381
vn -0.569367 -0.440231 -0.694275
vn -0.484676 -0.465983 -0.740236
vn -0.456619 -0.152375 -0.876516
vn -0.535686 -0.593165 -0.600996
vn -0.349372 -0.532823 -0.770739
vn -0.528414 -0.47942 -0.700668
vn -0.156873 -0.08389 -0.984049
vn -0.539374 -0.560463 -0.628456
vn -0.557743 -0.371119 -0.742424
vn -0.408699 -0.400922 -0.819894
vn -0.389478 -0.68827 -0.612039
vn -0.559568 -0.255991 -0.788259
vn 0.256507 -0.643587 -0.721111
vn 0.26085 -0.447439 -0.855427
vn 0.087859 -0.582786 -0.807862
vn 0.540901 -0.809342 0.228894
vn 0.299997 -0.678295 -0.670759
vn -0.340472 -0.878489 -0.335165
vn 0.143771 -0.704977 -0.694505
vn -0.060492 -0.84403 -0.532873
vn -0.279241 -0.182046 -0.942806
vn -0.446973 -0.50955 -0.735237
vn 0.184448 -0.325623 -0.927334
vn -0.100593 -0.106314 -0.989231
vn 0.379576 -0.435625 -0.816182
vn -0.138393 -0.217789 -0.966134
vn -0.432836 -0.314708 -0.844755
vn -0.05329 -0.256077 -0.965186
vn 0.193986 -0.324211 -0.925882
vn 0.139038 -0.16842 -0.97586
vn 0.142329 -0.167917 -0.975472
vn 0.081558 -0.210187 -0.974253
vn 0.015126 -0.6882 -0.725363
vn -0.36457 -0.726689 -0.582247
vn -0.149193 -0.566153 -0.810686
vn -0.093569 -0.360637 -0.928001
vn -0.152822 -0.516303 -0.842661
vn 0.026792 -0.648768 -0.760515
vn -0.155092 -0.566101 -0.809615
vn -0.115869 0.110631 -0.987084
vn -0.100224 0.108381 -0.989044
vn -0.163738 -0.233181 -0.958549
vn -0.784196 0.103838 -0.611763
vn -0.08662 0.032342 -0.995716
vn -0.111952 0.057223 -0.992065
vn -0.103476 0.003859 -0.994624
vn -0.07164 0.24982 -0.965638
vn -0.086523 0.227548 -0.969915
vn -0.072519 0.198699 -0.977374
vn -0.094643 0.212127 -0.972648
vn -0.09105 0.164769 -0.982121
vn -0.098441 0.203621 -0.974088
vn -0.079242 0.231717 -0.96955
vn -0.04535 0.198691 -0.979012
vn 0.012853 0.245949 -0.969198
vn -0.103798 0.069124 -0.992193
vn 0.050265 0.323272 -0.94497
vn 0.403843 -0.018524 -0.914641
vn -0.174571 -0.221808 -0.959336
vn -0.145202 -0.707576 -0.691558
vn 0.047073 -0.754465 -0.65465
vn 0.05705 -0.762499 -0.644469
vn 0.287485 -0.584116 -0.759053
vn 0.128581 0.213805 -0.968377
vn -0.178325 -0.227218 -0.957378
vn -0.417724 -0.701861 -0.576973
vn 0.403115 0.324134 -0.855824
vn 0.041031 0.198777 -0.979185
vn 0.036379 0.19394 -0.980339
vn 0.589724 0.325099 -0.73928
vn -0.129161 0.103711 -0.986185
vn 0.497502 0.241876 -0.83306
vn 0.436061 0.362204 -0.823808
vn 0.337108 -0.066457 -0.939118
vn 0.081886 0.207558 -0.97479
vn 0.559735 0.085554 -0.824244
vn 0.549715 0.073278 -0.832132
vn 0.622521 0.014388 -0.782471
vn 0.59475 0.028355 -0.80341
vn 0.684027 0.012613 -0.729347
vn 0.660116 0.075734 -0.747336
vn 0.662203 0.071007 -0.745952
vn 0.54918 0.077459 -0.832107
vn -0.094561 0.320639 -0.942469
vn -0.125389 -0.026195 -0.991762
vn -0.131364 0.016317 -0.9912
vn 0.112404 0.013621 -0.993569
vn 0.257502 -0.25156 -0.932958
vn 0.449919 0.050438 -0.891644
vn 0.137748 0.018267 -0.990299
vn 0.738942 0.673024 0.031672
vn 0.043734 0.194666 -0.979894
vn 0.163423 -0.011083 -0.986494
vn 0.066333 0.077421 -0.994789
vn 0.30291 0.129611 -0.944164
vn 0.621088 -0.043834 -0.782514
vn 0.646993 -0.005379 -0.762477
vn 0.637785 0.007039 -0.770182
vn 0.646696 0.070707 -0.759463
vn 0.637768 0.098272 -0.763933
vn 0.591202 0.144949 -0.793391
vn 0.619125 0.198097 -0.759896
vn 0.531494 -0.195324 -0.824235
vn 0.572623 0.285324 -0.768566
vn 0.553419 0.281065 -0.784047
vn 0.572191 0.265333 -0.776013
vn 0.170031 -0.70551 -0.688001
vn 0.636502 -0.190409 -0.747402
vn 0.451348 -0.228182 -0.862681
vn 0.592084 -0.269529 -0.759467
vn 0.451132 -0.69382 -0.561332
vn 0.119148 -0.555988 -0.822607
vn 0.5235 -0.102583 -0.845828
vn 0.271676 -0.394579 -0.877781
vn 0.364758 -0.653829 -0.662917
vn 0.310846 -0.486051 -0.81678
vn 0.243568 -0.415339 -0.876452
vn 0.336867 -0.71179 -0.616341
vn 0.185201 -0.733526 -0.653942
vn 0.111427 -0.812097 -0.572784
vn 0.086986 -0.645118 -0.759116
vn 0.52469 -0.340235 -0.780346
vn 0.432178 -0.421185 -0.797387
vn 0.081288 -0.260816 -0.96196
vn 0.285366 -0.222664 -0.932195
vn 0.17677 -0.36917 -0.912396
vn 0.204513 -0.593753 -0.778223
vn 0.112336 -0.733926 -0.669876
vn 0.672086 -0.195733 -0.714135
vn 0.38627 -0.231791 -0.892787
vn 0.27775 -0.155824 -0.947931
vn 0.481568 -0.405195 -0.777116
vn 0.486922 -0.58969 -0.644339
vn 0.521023 -0.405676 -0.750974
vn 0.700256 0.251298 -0.6682
vn 0.402458 -0.633336 -0.660994
vn 0.618991 0.197403 -0.760186
vn 0.556967 -0.199883 -0.806123
vn 0.532662 -0.386848 -0.752741
vn 0.578981 -0.660512 -0.478023
vn 0.846523 -0.129072 -0.516469
vn 0.146421 -0.435417 -0.888241
vn 0.487053 -0.440037 -0.754418
vn 0.066904 -0.26477 -0.961988
vn 0.194201 0.17756 -0.964758
vn 0.52093 -0.356377 -0.775646
vn 0.584901 -0.403735 -0.703483
vn -0.044432 0.019307 -0.998826
vn 0.504618 -0.825507 -0.252782
vn 0.615673 -0.731972 0.291827
vn 0.619793 -0.613093 -0.489872
vn 0.553047 -0.606728 -0.570982
vn 0.646508 0.033454 -0.762174
vn 0.763846 0.259248 -0.591042
vn 0.549496 0.139873 -0.823705
vn 0.740032 0.131554 -0.65958
vn 0.703934 -0.085862 -0.705057
vn 0.421151 -0.772157 -0.475821
vn 0.786071 -0.446828 -0.427126
vn 0.858489 -0.271293 -0.435197
vn 0.605593 -0.05717 -0.793718
vn 0.74269 -0.441827 -0.503191
vn 0.65501 -0.718887 -0.232731
vn 0.773655 -0.276711 -0.569991
vn 0.619181 0.197858 -0.759913
vn 0.648818 -0.591796 -0.478343
vn 0.648647 -0.200796 -0.734124
vn 0.391974 -0.488253 -0.779721
vn 0.731611 -0.575683 -0.36515
vn 0.818495 -0.473694 -0.325086
vn 0.539357 -0.793387 -0.282188
vn 0.840951 -0.451367 -0.298445
vn 0.876099 -0.455716 -0.157395
vn 0.76115 -0.581162 -0.287927
vn 0.851032 -0.340046 -0.400141
vn 0.501789 -0.85707 -0.116789
vn 0.85938 -0.157827 -0.486371
vn 0.816747 -0.244834 -0.522475
vn 0.557778 -0.538885 -0.631258
vn 0.618405 -0.323059 -0.716386
vn 0.660961 -0.159686 -0.733233
vn 0.241047 -0.308346 -0.920228
vn 0.334158 -0.618094 -0.711547
vn 0.298476 -0.692648 -0.656621
vn -0.057005 -0.618643 -0.783602
vn 0.013215 -0.456853 -0.889444
vn 0.091104 -0.475924 -0.874755
vn 0.031407 -0.673583 -0.738444
vn 0.183429 -0.870048 -0.457571
vn 0.299154 -0.583198 -0.755239
vn 0.31278 -0.76238 -0.566521
vn 0.093291 -0.769334 -0.631999
vn 0.193268 -0.836793 -0.512274
vn 0.1602 -0.593331 -0.788856
vn 0.092737 -0.775127 -0.624963
vn 0.18509 -0.585834 -0.789012
vn 0.042058 -0.517791 -0.854472
vn 0.417844 -0.772573 -0.478056
vn 0.904238 -0.264805 0.335012
vn 0.560239 -0.714321 -0.419378
vn 0.573447 -0.792149 -0.208945
vn 0.580727 -0.804829 -0.122503
vn 0.418762 -0.771006 -0.479778
vn 0.818899 -0.415274 -0.396172
vn 0.257571 -0.695328 -0.670952
vn 0.178359 -0.32367 -0.929207
vn -0.077568 -0.821144 -0.565426
vn -0.00249 -0.798747 -0.601662
vn -0.240648 -0.808925 -0.536404
vn 0.061119 -0.78257 -0.619555
vn -0.706104 -0.509384 -0.49188
vn -0.086493 -0.453246 -0.887179
vn 0.219634 -0.485089 -0.846434
vn 0.099649 -0.619814 -0.778396
vn -0.085593 -0.461444 -0.883031
vn -0.232469 -0.598969 -0.766286
vn -0.263567 -0.426582 -0.865194
vn -0.002124 -0.464479 -0.885582
vn -0.127329 -0.408625 -0.903777
vn -0.300697 -0.45794 -0.836583
vn 0.838461 -0.317321 -0.443047
vn -0.244832 0.209931 -0.946566
vn -0.248766 -0.513191 -0.821432
vn -0.684848 -0.355449 -0.636112
vn -0.465401 -0.373422 -0.802469
vn -0.224757 -0.627137 -0.745777
vn -0.086407 -0.762499 -0.641193
vn -0.449796 -0.693079 -0.563317
vn -0.55642 -0.102654 -0.824536
vn -0.533492 -0.596353 -0.599791
vn -0.32882 -0.564312 -0.757251
vn -0.40146 -0.723493 -0.561594
vn -0.465685 -0.60775 -0.643255
vn 0.20835 0.188561 -0.959706
vn -0.03731 0.185916 -0.981857
vn -0.298389 -0.425231 -0.854484
vn -0.405341 -0.052905 -0.912633
vn -0.309954 0.102453 -0.945215
vn -0.145122 0.037406 -0.988706
vn -0.347395 -0.020731 -0.93749
vn -0.388785 -0.198975 -0.899586
vn -0.280928 0.245522 -0.927792
vn 0.78101 -0.328351 0.531233
vn -0.094947 -0.467219 -0.879028
vn 0.236642 -0.44126 -0.865615
vn 0.0277 -0.546611 -0.836928
vn -0.091495 -0.46366 -0.881276
vn -0.007235 -0.072242 -0.997361
vn 0.330362 0.276075 -0.902576
vn 0.285167 -0.948371 -0.138822
vn 0.919902 0.078579 0.384196
vn 0.385941 0.889195 0.245727
vn 0.224641 0.245926 -0.942898
vn -0.192155 0.032665 -0.980821
vn 0.131422 -0.208353 -0.969184
vn -0.247437 -0.495975 -0.832336
vn 0.084083 -0.402448 -0.911573
vn 0.235605 0.071046 -0.969249
vn 0.498792 -0.828459 0.25468
vn -0.267837 0.234274 -0.934547
vn 0.154026 0.209299 -0.965645
vn 0.038241 -0.564237 -0.824727
vn 0.588762 0.178407 -0.788372
vn 0.040766 -0.287995 -0.956764
vn 0.136969 -0.155908 -0.978229
vn 0.294742 0.031486 -0.955058
vn -0.120537 -0.162311 -0.97935
vn 0.022098 -0.170959 -0.98503
vn 0.455064 0.18564 -0.870893
vn -0.251148 -0.417191 -0.873428
vn 0.256291 -0.219548 -0.941336
vn 0.166847 0.146655 -0.975015
vn 0.093341 0.026105 -0.995292
vn 0.285731 -0.276197 -0.917645
vn 0.021225 0.018059 -0.999612
vn 0.059193 -0.440983 -0.895561
vn 0.206911 0.285372 -0.935816
vn 0.995623 0.08609 0.03637
vn 0.197057 0.036235 -0.979722
vn 0.144026 0.102882 -0.984211
vn 0.442228 -0.827882 0.345031
vn 0.836697 0.257976 -0.483101
vn 0.785188 0.366869 -0.498886
vn 0.755369 0.28154 -0.591737
vn 0.863659 -0.057332 -0.500805
vn 0.972651 -0.123806 0.196527
vn 0.145929 0.072831 -0.986611
vn 0.997325 -0.051894 -0.051477
vn 0.814377 -0.349306 -0.463439
vn 0.625411 -0.519762 -0.581987
vn 0.439324 -0.520939 -0.731858
vn 0.52194 -0.042862 -0.851904
vn 0.597606 -0.213379 -0.772875
vn 0.547179 -0.412627 -0.72824
vn 0.162087 -0.042512 -0.98586
vn 0.779995 0.620481 -0.081306
vn 0.852967 -0.35705 -0.380739
vn 0.415394 -0.887102 -0.201241
vn 0.607365 -0.779655 -0.152468
vn 0.849506 -0.292491 -0.439077
vn 0.962513 -0.263412 -0.064676
vn 0.688083 -0.538467 -0.48641
vn 0.899422 -0.272062 -0.342086
vn 0.745266 -0.449258 -0.492691
vn 0.884473 -0.311981 -0.346952
vn 0.937391 -0.224862 -0.26596
vn 0.996064 0.088632 -0.000284
vn 0.589701 -0.798392 -0.121748
vn 0.622663 -0.393647 -0.676264
vn 0.765404 -0.565964 -0.306336
vn 0.669626 -0.490841 -0.557383
vn 0.763206 -0.574844 -0.295078
vn 0.558603 -0.796642 -0.23092
vn 0.534689 -0.81126 -0.236569
vn 0.431569 -0.459229 -0.776439
vn 0.590272 -0.333722 -0.734989
vn 0.531945 0.058875 -0.84473
vn 0.694375 -0.545781 -0.469006
vn 0.665372 -0.166415 -0.727727
vn 0.454976 -0.310731 -0.834532
vn 0.540936 -0.552167 -0.634429
vn 0.454779 -0.509574 -0.730418
vn 0.503801 -0.483751 -0.71566
vn 0.616727 -0.393884 -0.681545
vn 0.565384 -0.313208 -0.763048
vn 0.965466 -0.153285 -0.210665
vn 0.372147 -0.102246 -0.922525
vn 0.940935 -0.208312 -0.26692
vn 0.565064 -0.066634 -0.822352
vn 0.684802 -0.208562 -0.698246
vn 0.47281 -0.301678 -0.827914
vn 0.579414 -0.529328 -0.619751
vn 0.897796 -0.079071 -0.433256
vn 0.874852 -0.190262 -0.44546
vn 0.843351 -0.320216 0.431534
vn 0.947289 -0.224647 -0.228422
vn 0.873992 -0.252232 -0.415352
vn 0.948871 -0.18402 -0.256477
vn 0.981984 -0.09675 0.16232
vn 0.838552 -0.302684 0.453005
vn 0.881789 -0.085065 -0.46391
vn 0.806816 0.557354 0.195971
vn 0.920934 0.067647 0.383803
vn 0.857368 -0.287343 0.427029
vn 0.754773 0.41806 0.505513
vn 0.865143 -0.228012 0.446696
vn 0.931031 -0.356693 0.077144
vn 0.74257 -0.654814 -0.140743
vn 0.589432 -0.514325 -0.622929
vn 0.755406 -0.653417 -0.049064
vn 0.972146 -0.205044 -0.113528
vn 0.525495 -0.784405 -0.329489
vn 0.575974 -0.812291 0.09186
vn 0.914459 -0.393802 0.093195
vn 0.789305 -0.583679 0.190571
vn 0.780344 -0.623703 -0.045349
vn 0.725623 -0.686963 -0.039412
vn 0.70018 0.571175 0.428376
vn 0.940512 0.317112 -0.121971
vn 0.691348 -0.609236 0.388419
vn 0.842297 -0.538296 -0.027809
vn 0.733979 -0.636008 0.23826
vn 0.996272 -0.0463 -0.072791
vn 0.931418 -0.333185 0.14645
vn 0.984319 0.135326 0.113147
vn 0.933538 0.219949 0.283072
vn 0.959395 -0.064427 0.274611
vn 0.996792 0.033981 -0.07247
vn 0.757219 -0.515092 -0.40162
vn 0.98146 -0.132337 -0.138649
vn 0.967176 -0.213841 -0.13727
vn 0.974898 -0.222459 -0.0093
vn 0.96193 0.17201 0.212376
vn 0.896205 -0.439519 0.060326
vn 0.929069 0.346158 0.130405
vn 0.227101 -0.886557 0.403041
vn 0.757245 0.258466 0.599812
vn 0.492343 -0.842321 -0.219301
vn 0.854426 -0.299409 -0.424629
vn 0.544569 -0.269955 -0.794084
vn -0.634618 -0.573021 0.518563
vn 0.541141 -0.764659 -0.349948
vn 0.918218 0.022421 0.395439
vn 0.861708 -0.45907 0.216134
vn 0.788603 0.130097 0.600983
vn 0.076315 -0.11513 0.990415
vn -0.26333 -0.009069 0.964663
vn 0.703426 0.214984 0.677476
vn 0.834713 -0.408334 0.369483
vn 0.859461 0.511135 -0.008278
vn -0.781282 -0.214629 -0.586116
vn 0.928081 -0.063506 0.366924
vn 0.171741 0.149586 -0.973719
vn 0.692775 -0.540554 -0.47735
vn 0.934818 -0.318947 0.156164
vn 0.771253 0.034884 -0.635572
vn 0.999259 -0.038125 -0.005191
vn 0.99932 0.004321 0.036611
vn -0.641826 0.6203 -0.450874
vn 0.740689 0.644185 -0.190803
vn 0.74495 -0.34664 0.569991
vn 0.355536 -0.643539 -0.677829
vn 0.809004 -0.238243 -0.537357
vn 0.80813 -0.19558 -0.555585
vn 0.74957 -0.123674 -0.650269
vn 0.983179 -0.016428 0.181902
vn 0.908284 -0.060989 0.413884
vn 0.95171 -0.228792 0.2047
vn 0.947591 -0.237544 0.213646
vn 0.978557 -0.16858 0.118349
vn -0.126067 -0.064691 0.98991
vn 0.909089 -0.192627 0.369395
vn -0.79917 0.111297 -0.590712
vn -0.778787 0.572183 -0.257094
vn 0.711909 0.115887 0.692644
vn 0.021508 -0.818188 -0.574548
vn -0.714189 0.690723 -0.113291
vn 0.717125 0.104819 0.689017
vn 0.569954 -0.202561 0.796318
vn -0.363389 -0.119684 0.923918
vn 0.248263 -0.05004 0.967399
vn 0.296807 -0.271915 -0.915406
vn 0.19973 -0.857457 -0.47421
vn 0.610086 -0.141008 0.779687
vn 0.368679 0.859806 -0.353285
vn 0.773184 -0.153485 0.615328
vn 0.099583 -0.889206 -0.446537
vn -0.80082 -0.465835 0.376411
vn -0.191209 -0.309904 0.931342
vn -0.957384 -0.288802 -0.003033
vn -0.796943 -0.365517 0.480915
vn -0.666302 -0.13136 0.734021
vn -0.348333 -0.05493 0.93576
vn -0.572011 0.22951 -0.787483
vn -0.855703 -0.372392 0.359301
vn -0.545484 0.132635 0.827559
vn -0.91808 0.216043 0.332348
vn -0.287939 -0.466358 -0.836422
vn 0.007094 -0.722778 0.691044
vn -0.918831 -0.336965 -0.205436
vn -0.899053 0.058817 -0.433872
vn 0.123068 -0.357029 -0.925951
vn -0.718734 -0.143784 0.680256
vn -0.780716 -0.017186 -0.62465
vn 0.157036 -0.191023 -0.968943
vn 0.36347 0.039084 -0.930786
vn -0.666024 -0.115763 -0.736893
vn -0.868557 0.115976 -0.481829
vn -0.929647 0.173478 0.325056
vn -0.160273 -0.094363 -0.982552
vn 0.467356 -0.81006 -0.354092
vn 0.020144 -0.002651 -0.999794
vn -0.200231 -0.219809 -0.954773
vn -0.479335 -0.073819 -0.874522
vn -0.624384 0.470703 -0.623364
vn -0.281197 -0.399561 -0.872513
vn -0.049303 0.126746 -0.990709
vn -0.108232 -0.312996 -0.943567
vn -0.229804 -0.174088 -0.95754
vn -0.631312 -0.146484 -0.761569
vn -0.705363 -0.070608 -0.705321
vn -0.599073 0.246265 -0.761883
vn -0.456116 -0.33262 -0.825422
vn -0.232131 -0.205291 -0.950774
vn -0.103405 -0.371974 -0.922466
vn -0.673599 -0.458473 -0.579713
vn -0.535865 -0.118142 -0.835997
vn -0.622408 -0.40682 -0.66866
vn -0.671301 -0.42724 -0.605658
vn -0.658038 -0.317265 -0.682883
vn -0.680958 -0.306193 -0.665238
vn -0.870723 0.132933 -0.473465
vn -0.428523 -0.4905 -0.7588
vn -0.793043 -0.116449 -0.597931
vn -0.561512 -0.220449 -0.797563
vn -0.63832 -0.44982 -0.624667
vn -0.798816 -0.544521 0.255715
vn 0.926303 -0.08703 0.366592
vn -0.830696 0.190469 -0.52313
vn -0.165512 -0.298697 -0.939886
vn -0.803751 -0.200152 -0.560288
vn -0.39102 0.610588 -0.688684
vn -0.606538 -0.265919 -0.749266
vn 0.963532 0.256379 0.076661
vn -0.214615 -0.528455 -0.821387
vn -0.12584 -0.284181 -0.950476
vn -0.58339 -0.114982 -0.804012
vn -0.966772 0.1519 0.205615
vn -0.272271 -0.446275 -0.852471
vn -0.770361 0.103278 -0.629188
vn -0.821283 0.02214 -0.570091
vn -0.82375 -0.21876 -0.523049
vn 0.561502 -0.761178 0.324537
vn -0.182377 0.894071 -0.409116
vn -0.61694 -0.70203 0.355724
vn -0.923077 -0.198802 -0.329251
vn -0.841902 -0.049363 -0.537368
vn -0.807953 -0.203642 -0.55294
vn -0.453416 0.090757 -0.886666
vn -0.722606 0.131267 -0.678682
vn -0.962394 -0.266486 0.052748
vn -0.881384 -0.467731 0.066257
vn -0.086011 -0.912557 0.399803
vn -0.215659 0.881863 -0.419296
vn -0.900172 0.237533 -0.365059
vn -0.97196 0.208237 -0.109225
vn -0.487737 0.128484 -0.863484
vn -0.812672 -0.375762 -0.445385
vn -0.411161 0.019069 -0.911363
vn -0.825416 0.081556 -0.558602
vn -0.409814 0.020879 -0.91193
vn -0.948143 0.155492 0.277213
vn -0.88198 -0.466702 0.06558
vn 0.490425 0.785312 -0.377846
vn -0.549351 -0.752387 0.363493
vn -0.970696 -0.238658 -0.028144
vn -0.136736 0.883301 -0.448422
vn -0.208667 0.883892 -0.418561
vn 0.2284 -0.873603 0.42971
vn -0.996874 0.068968 0.038532
vn -0.954878 -0.280635 0.097223
vn -0.970935 -0.184008 0.153054
vn -0.911669 0.010979 0.410778
vn -0.999996 -0.002592 0.001516
vn -0.986254 -0.148369 -0.07273
vn -0.965688 -0.122107 -0.229207
vn -0.917689 -0.213852 -0.334836
vn -0.958796 -0.258066 -0.118796
vn -0.902513 -0.268005 -0.337111
vn -0.851013 -0.31204 -0.422384
vn -0.923633 -0.145677 -0.354515
vn -0.852273 -0.418549 -0.313763
vn -0.84351 -0.532577 0.069656
vn -0.57931 -0.81458 0.029314
vn -0.956163 -0.238059 -0.170527
vn -0.11571 -0.951302 0.285718
vn -0.07721 0.970499 0.228407
vn 0.328014 -0.322928 -0.887764
vn -0.910421 -0.394218 0.125401
vn -0.960448 -0.278206 -0.011889
vn -0.929193 -0.191673 0.316009
vn -0.969267 0.238602 0.05992
vn -0.835885 -0.515901 -0.187464
vn -0.894378 -0.395071 0.209778
vn -0.976015 0.099305 0.193735
vn -0.991803 -0.026105 0.125077
vn -0.983979 0.176814 -0.022866
vn -0.966856 0.185318 0.175634
vn -0.988607 0.128359 0.078615
vn -0.906006 0.218073 -0.362764
vn -0.974625 0.203671 0.092862
vn -0.974703 0.222786 0.017896
vn -0.732653 -0.675243 -0.085243
vn -0.930835 -0.356665 -0.079605
vn -0.827906 -0.560497 0.020379
vn -0.998448 -0.016202 0.053283
vn -0.963307 0.235251 -0.129217
vn -0.973813 0.209469 0.088379
vn -0.896308 -0.399342 -0.192763
vn -0.974722 -0.201381 -0.096761
vn -0.896403 -0.382666 -0.223669
vn -0.783731 -0.620822 -0.01858
vn -0.968889 0.193103 -0.154806
vn -0.986492 0.150745 -0.064114
vn -0.948368 0.111303 -0.297003
vn -0.982868 0.011383 -0.183957
vn -0.829061 -0.516429 -0.21438
vn -0.840671 0.301682 -0.449734
vn -0.78613 -0.61228 -0.084332
vn -0.973527 0.175266 -0.14672
vn -0.990823 0.059829 -0.121207
vn -0.977914 0.193866 0.078101
vn -0.975087 0.221657 0.008607
vn 0.100339 -0.775454 0.62338
vn -0.945679 -0.324607 -0.017957
vn -0.805521 -0.558668 -0.19755
vn -0.987069 0.122982 0.10281
vn -0.968796 -0.070265 -0.23769
vn -0.856005 -0.368222 -0.362861
vn -0.90583 -0.303758 -0.295302
vn -0.903042 -0.429553 0.000508
vn -0.855636 -0.488221 -0.171834
vn -0.842165 -0.498599 -0.205324
vn -0.500551 -0.809057 -0.308018
vn -0.675285 -0.341585 -0.65369
vn 0.190656 0.489212 -0.851071
vn -0.762814 -0.402863 -0.505782
vn -0.588624 -0.731461 -0.344219
vn -0.761407 -0.479462 -0.436321
vn -0.800706 -0.552 -0.232736
vn -0.761777 -0.604087 -0.234041
vn -0.610352 -0.741606 -0.27837
vn -0.945167 -0.282319 -0.164179
vn -0.821837 -0.54057 -0.179914
vn -0.758143 -0.618845 -0.20555
vn -0.724702 -0.648851 -0.231945
vn -0.675323 -0.737513 -0.003772
vn -0.897736 -0.308109 -0.314863
vn -0.7816 -0.283885 -0.555437
vn -0.714678 -0.477681 -0.510937
vn -0.837236 -0.489917 -0.242933
vn -0.729018 -0.684493 -0.001286
vn 0.223145 -0.82168 -0.524451
vn -0.841844 -0.508606 -0.180604
vn -0.682013 -0.705812 -0.191538
vn -0.888757 -0.430634 -0.157055
vn -0.81925 -0.408577 -0.402362
vn -0.907944 -0.378949 -0.178987
vn -0.842124 -0.395389 -0.366735
vn -0.864046 -0.441898 -0.241146
vn -0.873668 -0.442323 -0.20262
vn -0.856998 -0.320412 -0.403596
vn -0.892552 -0.006041 -0.450905
vn -0.796524 -0.266803 -0.542554
vn -0.610408 -0.152016 -0.777363
vn -0.839526 -0.356363 -0.410124
vn -0.776349 -0.37433 -0.507109
vn -0.995254 0.042111 -0.087727
vn -0.89741 -0.43867 -0.047162
vn -0.910092 -0.414097 -0.016005
vn -0.82147 0.199616 -0.534172
vn -0.956559 -0.267021 -0.117025
vn -0.905792 -0.281404 -0.316785
vn -0.899243 -0.292977 -0.324849
vn -0.627309 -0.168597 -0.760302
vn -0.89471 0.124185 -0.429036
vn -0.969807 0.024109 -0.242678
vn -0.976796 -0.052086 -0.207744
vn -0.769488 -0.636204 0.055961
vn -0.995661 0.03942 -0.08429
vn -0.984887 0.1519 -0.083208
vn -0.995399 0.037343 -0.088236
vn -0.908125 -0.273815 0.316755
vn -0.926345 -0.375677 0.027399
vn -0.899031 -0.3305 0.28725
vn -0.813071 -0.51037 -0.280068
vn -0.981639 -0.174698 -0.076582
vn -0.98864 0.109495 -0.102964
vn -0.993428 -0.103577 0.04871
vn -0.977283 -0.039172 0.208285
vn -0.671352 -0.645509 -0.364149
vn -0.899794 -0.325164 -0.290928
vn -0.806447 -0.591135 -0.014243
vn -0.567323 -0.822019 0.049294
vn -0.828555 -0.538658 0.152791
vn -0.624262 -0.679572 0.385329
vn -0.558287 -0.724863 0.403596
vn -0.783708 -0.298274 0.544825
vn -0.980519 -0.140708 0.137054
vn -0.915401 -0.380983 0.129974
vn -0.987004 0.157468 0.032029
vn -0.973677 0.199956 0.10941
vn -0.957127 -0.031696 0.287931
vn -0.888369 -0.449261 0.094682
vn -0.990958 -0.024488 -0.131916
vn -0.91308 -0.407089 -0.023746
vn -0.907183 -0.419306 -0.034671
vn -0.880335 -0.456995 0.127144
vn -0.996123 -0.068033 0.055766
vn -0.934784 -0.338143 0.108799
vn -0.975996 0.051968 0.211497
vn -0.984782 0.050188 0.166387
vn -0.935569 0.21559 -0.2797
vn -0.991874 0.108496 0.066448
vn -0.983015 0.024582 0.181873
vn -0.977158 0.206129 0.051708
vn -0.902486 -0.419452 0.09787
vn -0.98056 0.172525 0.093476
vn -0.913157 -0.378086 0.152302
vn -0.987953 0.061603 0.141962
vn -0.989505 -0.057853 0.13241
vn -0.889625 -0.156334 -0.429101
vn -0.994969 0.047489 0.088212
vn -0.981522 0.093238 -0.167095
vn -0.999428 0.029399 -0.016696
vn -0.930542 0.356285 0.084577
vn -0.996356 0.063233 0.057234
vn -0.936736 0.053519 0.345922
vn -0.989479 -0.062788 0.130345
vn -0.997862 0.046278 0.046139
vn -0.961719 -0.191718 0.195807
vn -0.813801 0.423857 0.397583
vn -0.989923 0.083793 -0.114157
vn -0.99674 0.013181 0.079592
vn -0.987878 -0.025641 0.153101
vn -0.992806 0.038325 0.113436
vn -0.984863 -0.008001 0.173147
vn -0.937324 -0.080935 0.338929
vn -0.956934 0.261874 0.125299
vn -0.9765 0.191776 0.098337
vn -0.426168 0.788268 0.443863
vn -0.996445 -0.007029 0.083952
vn -0.995707 0.086657 0.032521
vn -0.996202 -0.085472 -0.016642
vn -0.996141 -0.087337 0.008667
vn -0.995501 -0.042721 0.084577
vn -0.991551 -0.048641 -0.120254
vn -0.995225 -0.063422 -0.074191
vn -0.842133 0.539253 -0.004164
vn -0.984911 0.121397 0.123338
vn -0.967131 0.147325 -0.207251
vn -0.99543 -0.008078 0.095152
vn -0.996242 0.040562 0.076526
vn -0.996105 -0.087989 -0.005631
vn -0.995391 0.038708 0.087738
vn -0.97057 0.08289 0.226103
vn -0.977486 0.190309 0.091128
vn -0.992553 0.086013 0.086255
vn -0.982026 0.015235 -0.188128
vn -0.965733 0.25948 0.005451
vn -0.966648 0.256036 0.006045
vn -0.702013 0.538203 0.466385
vn -0.986779 -0.123119 0.1054
vn -0.986673 -0.160683 -0.025652
vn -0.979765 -0.135328 0.147466
vn -0.969702 -0.169002 0.176397
vn -0.840482 -0.541838 -0.001192
vn -0.813306 0.293704 -0.502266
vn -0.962742 0.193696 0.188704
vn -0.972392 0.070529 -0.222441
vn -0.846162 -0.527449 0.076204
vn -0.646321 -0.757556 0.091534
vn -0.550746 -0.816979 0.170953
vn -0.359464 -0.922907 0.137941
vn -0.753666 -0.439708 0.488512
vn -0.788581 -0.583102 0.195277
vn -0.825382 -0.562005 0.053804
vn -0.612198 -0.781232 0.122027
vn -0.64483 -0.695462 0.31706
vn -0.803276 -0.593191 0.053597
vn -0.649889 -0.701795 0.291767
vn -0.857614 -0.2956 0.420854
vn -0.649243 -0.58938 0.480744
vn -0.995062 0.041291 -0.090254
vn -0.905658 -0.339896 0.253484
vn -0.909428 -0.328137 0.255472
vn -0.738817 -0.534081 0.410982
vn -0.820303 -0.427334 0.380116
vn -0.556509 -0.708853 0.433389
vn -0.87094 -0.207899 0.445244
vn -0.627697 -0.569208 0.531035
vn -0.894301 0.266007 0.359814
vn -0.879587 -0.22309 0.420187
vn -0.895806 0.268533 0.354148
vn -0.881679 0.215252 0.419892
vn -0.882053 0.214704 0.419387
vn -0.792703 -0.587089 0.164162
vn -0.919368 -0.028946 0.392332
vn -0.515759 -0.492 0.701376
vn -0.945 -0.061466 0.321242
vn -0.572392 -0.788688 0.224363
vn -0.512085 -0.787086 0.343896
vn -0.485634 -0.850043 0.203926
vn -0.440383 -0.589435 0.677221
vn -0.601742 -0.780105 0.171298
vn -0.372275 -0.78629 0.493113
vn -0.75862 -0.499789 0.41798
vn -0.75042 -0.582651 0.312068
vn -0.615816 -0.699955 0.361709
vn -0.685283 -0.60378 0.407231
vn -0.684603 -0.4993 0.531053
vn -0.630936 -0.726902 0.271171
vn -0.758527 -0.619013 0.203616
vn -0.550232 -0.759635 0.346698
vn -0.769165 -0.276261 0.576251
vn -0.773915 -0.419052 0.474817
vn -0.747807 -0.409051 0.522936
vn -0.693743 -0.533062 0.48432
vn -0.542675 -0.540636 0.642819
vn -0.996223 0.062437 0.060348
vn -0.765974 -0.337438 0.547192
vn -0.987241 -0.116261 0.108803
vn -0.6588 0.741663 0.126168
vn -0.358288 -0.315624 0.878642
vn -0.700528 -0.032896 0.712866
vn -0.927508 -0.070423 0.367109
vn -0.851974 0.049083 0.521278
vn -0.812249 0.063313 0.579864
vn -0.850561 0.016099 0.525631
vn -0.947945 -0.047676 0.314844
vn -0.809776 -0.378958 0.447944
vn -0.815844 -0.331006 0.474167
vn -0.799161 -0.272045 0.536034
vn -0.45576 -0.737872 -0.497823
vn 0.194123 0.461452 0.865667
vn -0.753509 -0.593651 0.282493
vn -0.889191 -0.057237 0.453943
vn -0.890714 0.086898 0.446181
vn -0.953758 0.300317 0.012427
vn -0.711036 -0.664506 0.229912
vn -0.928846 0.050207 0.367049
vn -0.79854 0.043557 0.600364
vn -0.988537 -0.082993 0.126125
vn -0.981379 0.141825 0.129538
vn -0.954971 0.081084 0.285405
vn -0.901116 0.037032 0.431993
vn -0.939128 0.096238 0.329813
vn -0.769565 0.253591 0.586056
vn -0.947396 -0.045017 0.316883
vn -0.832582 -0.168775 0.527562
vn -0.982382 0.16996 0.077717
vn -0.985672 0.037178 0.164525
vn -0.966319 0.095669 0.238906
vn -0.987099 0.04988 0.152146
vn -0.841829 0.08626 0.532806
vn -0.823983 0.506315 0.254359
vn -0.872014 0.076701 0.483434
vn -0.902087 0.05764 0.427687
vn -0.893252 0.097522 0.438851
vn -0.851523 0.524271 0.006929
vn -0.832902 -0.035818 0.55226
vn -0.732515 -0.029534 0.68011
vn -0.911648 0.079411 0.403227
vn -0.920743 0.12079 0.371002
vn -0.871676 0.091743 0.481419
vn -0.928173 0.331321 0.169473
vn -0.419836 -0.698636 0.579349
vn -0.965426 0.03795 0.2579
vn 0.00742 0.620947 0.783818
vn -0.938353 0.194467 0.28579
vn -0.973004 0.054902 0.224165
vn -0.982105 0.175128 0.069277
vn -0.998232 -0.049582 -0.032776
vn -0.909282 0.063912 0.411244
vn -0.968234 0.06819 0.240567
vn -0.902297 -0.10749 0.417499
vn -0.915401 0.166699 0.366404
vn -0.950519 0.05371 0.305989
vn -0.783439 0.035682 0.620444
vn -0.978815 0.006388 0.204645
vn -0.955498 0.263396 0.13284
vn -0.947811 0.21413 0.236225
vn -0.946374 0.303133 0.111749
vn -0.894959 -0.395638 0.206202
vn -0.903627 0.141247 0.404362
vn -0.807643 -0.047287 0.587772
vn -0.868097 -0.441845 0.22623
vn -0.895449 -0.417408 0.154729
vn -0.92766 0.247273 0.279826
vn -0.916955 -0.200164 0.345149
vn -0.925692 0.114078 0.360666
vn -0.932413 0.171016 0.318369
vn -0.919763 -0.303364 0.249009
vn -0.857951 0.10253 0.503395
vn -0.868018 0.165238 0.468231
vn -0.960175 0.192357 0.202639
vn -0.707189 0.5772 0.408318
vn -0.901835 0.159489 0.401569
vn -0.96302 0.197365 0.183409
vn -0.900186 0.198078 0.387853
vn -0.992888 0.013911 0.118238
vn -0.978039 0.162766 0.130181
vn -0.996015 -0.064034 0.062079
vn -0.991296 0.09658 0.089469
vn -0.959608 0.099542 0.263143
vn -0.991293 0.091051 0.095121
vn -0.773658 -0.604865 0.188658
vn -0.687613 -0.492878 0.53316
vn -0.887863 -0.451882 0.086615
vn -0.845533 -0.301663 0.440538
vn -0.959028 -0.092482 0.267791
vn -0.907524 -0.400871 0.125313
vn -0.973911 -0.025734 0.225467
vn -0.820706 -0.502356 0.272177
vn -0.9581 0.124061 0.258171
vn -0.955419 0.121055 0.269296
vn 0.505156 0.779174 0.371088
vn -0.715008 -0.543049 0.440297
vn -0.780168 -0.418804 0.464694
vn 0.106351 -0.068351 -0.991977
vn -0.712733 -0.493863 0.498107
vn -0.958295 -0.171021 0.22896
vn -0.738516 -0.544976 0.396983
vn -0.991682 0.021781 0.126858
vn -0.844079 -0.28761 0.452561
vn -0.921469 -0.36157 -0.141992
vn -0.806815 0.20593 0.553752
vn -0.838248 -0.433396 0.330921
vn -0.604452 0.244864 0.758076
vn -0.598319 -0.628553 0.496926
vn -0.711488 -0.581253 0.39488
vn -0.873401 -0.125763 0.470483
vn -0.605819 0.213702 0.766364
vn 0.157895 -0.235241 0.959026
vn -0.648928 0.168875 0.741871
vn -0.595168 -0.654878 0.465736
vn -0.433368 0.194043 0.880079
vn -0.598719 0.221451 0.769737
vn -0.403935 -0.394018 0.825583
vn -0.436696 -0.364212 0.822585
vn -0.476849 -0.604621 0.638003
vn -0.796054 -0.237476 0.556689
vn -0.775599 -0.33589 0.534437
vn -0.665037 -0.569243 0.483414
vn -0.483187 -0.597819 0.639642
vn -0.330323 -0.677853 0.656812
vn -0.667046 -0.255705 0.699761
vn -0.634034 -0.17106 0.754148
vn -0.67513 -0.361254 0.643191
vn -0.873044 -0.372036 0.31525
vn -0.544075 -0.793254 0.273368
vn -0.54022 -0.794854 0.27635
vn -0.629522 -0.177185 0.75651
vn -0.373654 -0.467883 0.800917
vn -0.873441 -0.095655 0.477442
vn -0.645126 0.097762 0.757797
vn -0.609833 -0.135504 0.78086
vn -0.41841 -0.105055 0.902162
vn -0.427995 -0.206506 0.879873
vn -0.438934 -0.222016 0.870658
vn -0.391453 -0.214323 0.894891
vn -0.172914 -0.468758 0.866237
vn -0.067651 -0.388245 0.91907
vn -0.606133 -0.748696 0.268435
vn 0.654814 -0.483906 0.580563
vn -0.154018 -0.294822 0.943058
vn -0.377757 -0.502385 0.777759
vn -0.427687 -0.457153 0.779804
vn -0.501812 -0.423311 0.754316
vn -0.37995 0.19885 0.903381
vn -0.391186 -0.587445 0.708436
vn -0.597557 0.024499 0.801452
vn -0.572464 0.16327 0.80351
vn -0.645752 -0.379279 0.662685
vn -0.580792 0.127166 0.804058
vn -0.081099 -0.749781 0.656698
vn -0.474698 -0.458719 0.751158
vn -0.416259 -0.332345 0.846331
vn -0.607593 -0.13554 0.782598
vn -0.667902 -0.22288 0.710093
vn -0.438438 0.018526 0.89857
vn -0.554227 0.031529 0.831768
vn -0.719807 -0.478406 0.502997
vn -0.377925 0.284656 0.88099
vn -0.680929 0.056087 0.730199
vn 0.528779 -0.843103 0.097829
vn -0.036044 0.044932 0.99834
vn -0.77052 0.21224 0.601043
vn -0.497453 0.064935 0.865057
vn -0.322697 -0.016381 0.94636
vn -0.507258 -0.396798 0.76501
vn -0.784037 0.171488 0.596555
vn -0.668864 0.039737 0.742322
vn -0.670354 -0.076825 0.738054
vn -0.655224 0.038124 0.754472
vn -0.649072 0.015281 0.760573
vn -0.725556 0.146954 0.672289
vn -0.665758 0.048638 0.74458
vn -0.548091 0.018947 0.836204
vn -0.465611 0.063893 0.88268
vn -0.468602 0.190466 0.862633
vn -0.653938 0.001767 0.756546
vn -0.773995 -0.134019 0.618847
vn -0.673976 -0.096121 0.732473
vn -0.531648 -0.414787 0.738446
vn -0.592511 0.107516 0.798355
vn -0.691787 -0.269545 0.669907
vn -0.624508 0.039314 0.780029
vn -0.744546 -0.212307 0.632911
vn -0.591597 -0.138529 0.794243
vn -0.518205 -0.082238 0.851293
vn -0.52866 -0.389936 0.753969
vn -0.663557 0.038008 0.747159
vn -0.525048 0.073268 0.847913
vn -0.803824 0.191347 0.563253
vn -0.562776 0.097252 0.820869
vn -0.623037 0.025082 0.78179
vn -0.634005 0.132606 0.761875
vn -0.6771 0.357811 0.643046
vn -0.633982 -0.062438 0.770823
vn -0.535564 -0.01807 0.844301
vn -0.612741 0.005744 0.790263
vn -0.638221 0.033785 0.769112
vn -0.654172 0.025669 0.75591
vn -0.674969 0.059488 0.735444
vn -0.642975 0.036326 0.765026
vn -0.707752 -0.125089 0.695298
vn -0.759698 0.057583 0.647722
vn -0.657698 0.070053 0.750018
vn -0.664459 0.23141 0.710594
vn -0.61962 0.085003 0.780286
vn -0.726007 0.322839 0.607197
vn -0.662598 0.148146 0.734178
vn -0.528275 -0.21202 0.822176
vn -0.680953 0.351048 0.642704
vn -0.621062 -0.283228 0.730797
vn -0.472951 -0.142654 0.869464
vn -0.711244 -0.267388 0.650104
vn -0.528397 0.081825 0.845045
vn -0.687547 0.080483 0.721666
vn -0.641955 0.250815 0.724559
vn -0.652223 0.185404 0.735004
vn -0.595285 -0.363555 0.716563
vn -0.558547 -0.039879 0.828514
vn -0.734235 0.000372 0.678895
vn -0.666236 -0.184652 0.722519
vn 0.313244 0.945286 -0.091167
vn -0.614968 -0.013976 0.788428
vn -0.568832 0.500791 0.65241
vn -0.7389 -0.000956 0.673814
vn -0.616303 0.050965 0.785859
vn -0.676275 -0.003981 0.736639
vn -0.658101 -0.123078 0.742802
vn -0.57018 0.238148 0.786245
vn -0.313244 -0.945286 0.091167
vn -0.749549 0.181335 0.636627
vn -0.646145 0.013651 0.763092
vn -0.756237 0.066395 0.650921
vn -0.767448 -0.084384 0.635534
vn -0.769006 -0.030987 0.63849
vn -0.722558 0.212337 0.657893
vn -0.639918 0.060704 0.766042
vn -0.478728 0.107396 0.87137
vn -0.387843 -0.004482 0.921715
vn -0.742687 0.120364 0.658733
vn -0.615342 -0.040848 0.787201
vn -0.612211 0.074856 0.787143
vn -0.375965 -0.039105 0.925808
vn -0.676377 0.0151 0.736401
vn -0.65961 0.090002 0.7462
vn -0.663078 -0.184264 0.725516
vn -0.679541 -0.145397 0.719085
vn -0.64993 0.242622 0.720226
vn -0.610999 0.029877 0.791067
vn -0.641518 0.104805 0.759915
vn -0.644655 0.152706 0.749066
vn -0.633293 0.189376 0.750384
vn -0.589973 -0.359308 0.723069
vn -0.766179 0.035395 0.641652
vn -0.698709 -0.392167 0.59834
vn -0.690472 0.138874 0.709903
vn -0.680002 -0.453977 0.575763
vn -0.593474 -0.405133 0.695453
vn -0.539165 0.280425 0.794143
vn -0.477997 0.153121 0.864912
vn -0.738976 0.092246 0.667387
vn -0.660689 -0.477906 0.578875
vn -0.668799 0.026267 0.74298
vn -0.69281 0.211668 0.689355
vn -0.615987 0.107969 0.780322
vn -0.743083 0.12809 0.656826
vn -0.55113 -0.093423 0.829173
vn -0.661341 0.211982 0.719508
vn -0.767282 -0.157402 0.621694
vn -0.727463 -0.003011 0.68614
vn -0.720925 0.033328 0.692212
vn -0.967204 0.008132 0.25387
vn -0.66516 -0.083939 0.741968
vn -0.498516 0.500523 0.707784
vn -0.652093 0.032886 0.757425
vn -0.656652 0.006608 0.754164
vn -0.784102 0.002774 0.620626
vn -0.62066 0.048445 0.782582
vn -0.64488 -0.069522 0.761115
vn -0.468732 0.008262 0.883302
vn 0.088376 0.816553 0.570465
vn 0.69319 -0.147832 -0.705431
vn -0.486502 -0.007326 0.873649
vn 0.172839 0.838547 0.516687
vn 0.306303 -0.600089 -0.738967
vn -0.123282 -0.82648 -0.549302
vn -0.593986 0.300729 0.746152
vn -0.747225 0.174363 0.641289
vn -0.692016 -0.004724 0.721866
vn -0.655482 0.093678 0.749378
vn -0.727106 -0.050935 0.684633
vn -0.714053 0.087775 0.694567
vn -0.704329 -0.06221 0.707142
vn -0.699643 -0.056292 0.712272
vn -0.707045 -0.074485 0.703235
vn -0.722058 0.03147 0.691117
vn -0.650197 -0.008569 0.759717
vn -0.668806 0.027195 0.742939
vn -0.670271 0.07248 0.738569
vn -0.744066 0.032641 0.667308
vn -0.702292 -0.136072 0.698763
vn -0.901079 -0.28276 0.328791
vn -0.893609 -0.446853 0.042247
vn 0.877116 0.229177 -0.422072
vn -0.736404 0.032235 0.675774
vn -0.705457 -0.063596 0.705893
vn -0.63576 -0.003847 0.771878
vn -0.683391 0.062046 0.727411
vn -0.750857 -0.052042 0.658411
vn -0.823136 -0.007174 0.567799
vn -0.991238 0.071066 -0.111345
vn -0.915792 0.097306 0.389688
vn -0.998897 0.045437 -0.011833
vn -0.988564 0.07702 0.129648
vn -0.987009 0.098511 0.126923
vn -0.986838 0.08251 0.13908
vn -0.995607 0.066477 0.065932
vn -0.917865 0.095324 0.385276
vn -0.994437 0.071212 0.077614
vn -0.998658 0.051677 -0.003374
vn -0.943932 -0.08197 0.319802
vn -0.989215 0.081587 0.121645
vn -0.944405 -0.075502 0.319997
vn -0.946221 -0.101974 0.307029
vn -0.927215 0.103327 0.359993
vn -0.928347 0.027044 0.37073
vn -0.925531 0.015067 0.378372
vn -0.938022 0.040836 0.344161
vn -0.919482 0.039602 0.391132
vn -0.883953 0.024495 0.466933
vn -0.907469 0.124528 0.40124
vn -0.935551 -0.010012 0.353049
vn -0.905104 0.097837 0.413781
vn -0.888322 -0.089264 0.450463
vn -0.888611 0.057997 0.454981
vn -0.734383 0.478255 0.481615
vn -0.97732 0.210419 0.023879
vn -0.997235 0.029661 0.068135
vn -0.996015 0.075511 0.047457
vn -0.997359 0.024084 0.068522
vn -0.952556 -0.119811 0.27979
vn -0.999257 0.0342 0.017755
vn -0.983245 -0.095111 0.155512
vn -0.990961 -0.081122 0.106846
vn -0.985952 -0.084227 0.144237
vn -0.904444 -0.024165 0.425908
vn -0.903869 0.062232 0.423259
vn -0.987897 -0.041198 0.14954
vn -0.943613 0.07922 0.321433
vn -0.943726 0.011476 0.330528
vn -0.943924 0.03478 0.328325
vn -0.985084 0.05661 0.162495
vn -0.986437 0.061407 0.152218
vn -0.294549 -0.556876 -0.776614
vn 0.140592 0.516156 0.844877
vn -0.101191 -0.503847 -0.857845
vn -0.922529 0.121334 0.366357
vn -0.851915 0.114267 0.511062
vn -0.873664 -0.041331 0.48477
vn -0.840759 0.05765 0.538332
vn -0.861498 0.047996 0.505488
vn -0.791785 -0.010211 0.610714
vn -0.914134 0.148713 0.377151
vn -0.779806 -3.1e-05 0.626022
vn -0.710949 -0.086849 0.69786
vn -0.760134 0.067119 0.64629
vn -0.77137 0.066485 0.632904
vn -0.308378 -0.107778 0.945139
vn -0.766845 0.028608 0.641194
vn -0.642205 -0.071516 0.763189
vn -0.795068 0.008122 0.606467
vn -0.942898 0.009461 0.332947
vn -0.858444 -0.096157 0.503813
vn -0.777885 -0.06519 0.625017
vn -0.998916 0.045899 0.007791
vn -0.842688 -0.196481 0.501271
vn -0.899721 -0.248096 0.359097
vn -0.99181 -0.103672 -0.074604
vn -0.901648 -0.141907 0.408525
vn -0.988934 -0.147573 0.015229
vn -0.992483 -0.121957 -0.010237
vn -0.957187 -0.278795 0.077887
vn -0.988215 -0.143023 0.054549
vn -0.684271 -0.244683 0.686952
vn -0.822971 -0.55724 0.110462
vn -0.6771 -0.735091 -0.034295
vn -0.720447 -0.689506 0.074419
vn -0.603912 -0.79704 -0.004319
vn -0.486981 -0.81136 0.323333
vn -0.611409 -0.559245 0.559843
vn -0.653786 -0.28114 0.702513
vn -0.732791 -0.182559 0.655508
vn -0.953638 -0.165032 0.251674
vn -0.349093 -0.663577 0.661664
vn -0.642963 -0.63111 0.433933
vn -0.478731 -0.816849 0.321829
vn -0.751953 -0.353418 0.556472
vn -0.381443 -0.890312 0.248691
vn -0.663327 -0.367661 0.651784
vn -0.686716 -0.199988 0.698875
vn -0.755971 -0.114448 0.644523
vn -0.568744 -0.231489 0.789267
vn -0.350489 -0.138074 0.926333
vn -0.366497 -0.715805 0.594394
vn -0.301302 -0.900717 0.31293
vn -0.567694 -0.792248 0.223754
vn -0.599521 -0.232344 0.765892
vn -0.752943 0.264435 0.60262
vn -0.506218 -0.087747 0.85793
vn 0.161978 -0.101228 0.981589
vn -0.039748 -0.151613 0.987641
vn -0.530054 -0.130909 0.837798
vn -0.489449 0.114463 0.864487
vn -0.445977 0.166133 0.879491
vn -0.590536 -0.619208 0.517541
vn -0.181685 0.198582 0.963097
vn 0.008674 0.089113 0.995984
vn -0.366281 -0.030203 0.930014
vn -0.182446 0.252145 0.950335
vn -0.373758 -0.446216 0.813139
vn -0.141046 -0.01395 0.989905
vn -0.149547 -0.061598 0.986834
vn -0.441651 -0.109685 0.890457
vn 0.065205 -0.045112 0.996852
vn 0.768197 -0.092631 -0.633477
vn -0.302374 -0.057383 0.951461
vn -0.006425 -0.101746 0.99479
vn -0.147111 0.001709 0.989119
vn 0.171103 -0.081922 0.981841
vn 0.065137 -0.052576 0.99649
vn -0.133901 0.056641 0.989375
vn -0.442549 0.089671 0.89225
vn 0.078128 -0.102886 0.99162
vn -0.406463 0.210068 0.88919
vn -0.063822 -0.321746 0.944672
vn -0.284083 -0.255826 0.92404
vn -0.4072 0.077492 0.910046
vn -0.386069 -0.14068 0.91168
vn -0.266782 0.038719 0.962979
vn -0.376574 -0.041772 0.925444
vn -0.17608 0.016103 0.984244
vn -0.109123 0.037789 0.99331
vn -0.299998 0.005074 0.953926
vn 0.164184 -0.057754 0.984738
vn 0.054739 0.02925 0.998072
vn -0.486272 -0.007045 0.873779
vn -0.456134 -0.219532 0.862408
vn -0.412846 -0.09723 0.905596
vn -0.515814 -0.156185 0.842344
vn -0.352177 -0.215421 0.910805
vn -0.33711 -0.112769 0.934687
vn -0.360566 -0.216225 0.907325
vn -0.39373 -0.290382 0.872155
vn -0.6445 -0.028365 0.764078
vn -0.453847 -0.003868 0.891071
vn 0.248365 -0.103065 0.963168
vn -0.619586 -0.380938 0.686294
vn -0.254321 -0.522499 0.813828
vn -0.363457 -0.209763 0.907688
vn -0.504157 -0.232851 0.831629
vn -0.307903 -0.692663 0.652237
vn -0.308467 -0.700466 0.64358
vn -0.420399 0.121496 0.899168
vn -0.586336 0.051119 0.808453
vn -0.348247 0.593939 0.725231
vn -0.454183 0.064343 0.888582
vn -0.490269 -0.095247 0.866351
vn -0.490488 -0.010489 0.871385
vn -0.495315 -0.038418 0.867864
vn -0.471152 0.003535 0.882045
vn -0.366394 0.041707 0.929524
vn -0.409632 -0.057546 0.910434
vn 0.32212 -0.936961 -0.135437
vn 0.0497 0.009159 0.998722
vn -0.687123 0.52983 0.497134
vn 0.005395 -0.019174 0.999802
vn -0.540146 0.768618 0.342738
vn 0.071797 0.042081 0.996531
vn -0.308587 -0.079832 0.94784
vn -0.068429 0.04988 0.996408
vn -6.4e-05 -0.021922 0.99976
vn 0.011701 -0.084702 0.996338
vn 0.058166 -0.017356 0.998156
vn 0.032699 -0.053905 0.998011
vn 0.035309 0.047281 0.998257
vn 0.055991 -0.029528 0.997995
vn 0.022486 0.000566 0.999747
vn 0.030662 0.065306 0.997394
vn 0.094766 -0.051639 0.994159
vn 0.753404 -0.282317 -0.593869
vn 0.072746 -0.024499 0.99705
vn 0.085444 -0.093976 0.991901
vn 0.103208 -0.050678 0.993368
vn 0.161985 0.045462 0.985745
vn -0.355583 0.033248 0.934053
vn -0.402497 -0.064927 0.913116
vn -0.404912 -0.070206 0.911656
vn -0.363731 -0.042889 0.930516
vn -0.22124 0.031992 0.974694
vn 0.117189 -0.030312 0.992647
vn -0.108629 -0.027056 0.993714
vn -0.503534 0.140881 0.852412
vn -0.482682 -0.100082 0.870058
vn -0.403129 0.04461 0.914055
vn -0.514155 0.001305 0.857696
vn -0.093417 -0.056785 0.994006
vn 0.045976 0.049368 0.997722
vn -0.498552 0.047762 0.865543
vn -0.147155 0.004074 0.989105
vn 0.097094 0.028005 0.994881
vn 0.068023 -0.064081 0.995624
vn -0.047444 -0.036611 0.998203
vn -0.179643 -0.053443 0.982279
vn 0.046064 0.036017 0.998289
vn 0.205298 -0.152581 0.966733
vn 0.045355 0.007039 0.998946
vn 0.038672 0.016195 0.999121
vn 0.054656 -0.002713 0.998502
vn 0.054599 -0.044097 0.997534
vn -0.011986 -0.019256 0.999743
vn -0.411864 -0.133962 0.901345
vn -0.309165 -0.914003 0.262706
vn -0.481554 0.111495 0.869296
vn -0.557758 0.008938 0.829955
vn -0.46701 0.164618 0.868793
vn 0.020728 0.051413 0.998462
vn -0.516807 0.003517 0.856095
vn -0.582918 -0.027749 0.812057
vn -0.355345 -0.029498 0.93427
vn -0.518495 0.10621 0.848459
vn 0.045697 0.036729 0.99828
vn 0.076233 -0.038252 0.996356
vn 0.070768 0.016097 0.997363
vn -0.07235 -0.006926 0.997355
vn -0.047597 0.022272 0.998618
vn -0.309113 -0.475219 0.823782
vn -0.851267 0.524695 -0.006364
vn -0.51533 0.288422 0.806999
vn -0.384173 0.039951 0.922396
vn -0.153845 0.059627 0.986294
vn -0.527596 0.032688 -0.848866
vn 0.527596 -0.032688 0.848866
vn -0.099766 -0.436983 0.89392
vn 0.235169 0.029089 0.971519
vn -0.053511 0.162919 0.985187
vn -0.513673 -0.794326 0.324324
vn 0.309165 0.914003 -0.262706
vn 0.292192 -0.026197 0.956001
vn 0.081103 -0.005982 0.996688
vn -0.002908 -0.037605 0.999288
vn 0.099337 -0.352444 0.930546
vn -0.137854 0.057687 0.988771
vn -0.367219 0.07364 0.927215
vn -0.375078 0.065139 0.924702
vn -0.324036 0.024711 0.945722
vn -0.467318 0.111873 0.876983
vn -0.111336 -0.210523 0.971228
vn 0.164518 0.423632 0.890769
vn -0.090745 0.148902 0.984679
vn -0.181811 -0.352572 0.917953
vn -0.308176 0.113458 0.944539
vn 0.262447 -0.129952 0.956156
vn 0.111613 -0.340109 0.933739
vn -0.068579 0.103215 0.992292
vn -0.066635 0.104788 0.99226
vn -0.230148 0.017308 0.973002
vn -0.179201 0.140027 0.973796
vn -0.266477 0.005339 0.963826
vn -0.082903 0.004856 0.996546
vn 0.076969 -0.154996 0.984912
vn -0.254365 -0.062866 0.965063
vn -0.254767 -0.063959 0.964885
vn -0.109945 -0.388082 0.915043
vn 0.147558 -0.310664 0.938996
vn 0.261951 0.124677 0.956994
vn -0.010792 -0.326266 0.945216
vn -0.354843 0.017868 0.934755
vn -0.355489 0.063478 0.932523
vn -0.323319 0.051886 0.944866
vn -0.225659 -0.070035 0.971686
vn -0.358722 -2.7e-05 0.933444
vn -0.297377 0.104593 0.949014
vn -0.261738 -0.121756 0.957428
vn -0.169038 -0.053127 0.984177
vn -0.18495 0.683909 0.705735
vn -0.150517 0.024803 0.988296
vn -0.142875 0.029342 0.989306
vn -0.200542 -0.069731 0.9772
vn 0.230713 -0.137186 0.963302
vn -0.145141 -0.004173 0.989402
vn -0.138293 0.035635 0.98975
vn 0.048092 0.025887 0.998507
vn -0.094679 0.051906 0.994154
vn 0.075806 0.025553 0.996795
vn 0.075746 -0.032591 0.996594
vn 0.109795 0.046866 0.992849
vn 0.045114 0.142998 0.988694
vn 0.016802 0.092461 0.995574
vn 0.033992 0.107523 0.993621
vn -0.033648 -0.139263 0.989684
vn 0.088466 -0.045518 0.995039
vn 0.052477 0.052168 0.997259
vn 0.054436 0.053549 0.99708
vn -0.072699 0.18542 0.979966
vn 0.205336 -0.039469 0.977895
vn 0.043213 0.023198 0.998797
vn -0.084872 -0.127096 0.988253
vn -0.038471 -0.099539 0.99429
vn 0.07743 0.000279 0.996998
vn 0.339207 -0.099786 0.935404
vn 0.076743 0.072339 0.994423
vn -0.017284 0.196122 0.980427
vn -0.101417 -0.047462 0.993711
vn -0.094425 0.029036 0.995108
vn 0.077085 -0.18622 0.979479
vn 0.04217 -0.406371 0.912734
vn 0.080038 -0.063345 0.994777
vn 0.082264 -0.011229 0.996547
vn 0.210158 0.067747 0.975317
vn -0.103284 0.262357 0.959428
vn -0.104385 0.008529 0.9945
vn 0.003014 0.004344 0.999986
vn -0.075839 -0.002286 0.997117
vn -0.076139 -0.055954 0.995526
vn 0.100538 0.040765 0.994098
vn 0.174537 -0.056169 0.983047
vn -0.100345 0.263499 0.959426
vn -0.047855 0.371774 0.927089
vn 0.299611 -0.139307 0.943836
vn 0.026167 0.001183 0.999657
vn 0.060505 -0.386145 0.920452
vn 0.145596 -0.035851 0.988694
vn 0.253322 0.029561 0.96693
vn 0.203039 -0.302207 0.931368
vn 0.098022 -0.248444 0.963674
vn 0.117452 0.033815 0.992503
vn 0.090173 -0.095275 0.991358
vn 0.285735 -0.220387 0.932622
vn 0.122158 -0.08126 0.989179
vn 0.14052 0.019871 0.989878
vn -0.045857 -0.021757 0.998711
vn -0.012141 0.036243 0.999269
vn 0.159843 0.031218 0.986649
vn 0.281748 -0.068023 0.957074
vn -0.004577 0.055515 0.998447
vn 0.214626 0.012925 0.976611
vn 0.246917 -0.130473 0.960213
vn 0.709498 -0.101538 0.697354
vn -0.237875 -0.161309 0.957807
vn 0.241635 0.093689 0.965834
vn 0.524205 -0.025408 0.851213
vn 0.101473 -0.367215 0.924584
vn 0.0731 0.015295 0.997207
vn 0.148331 -0.364768 0.919207
vn 0.552378 0.175237 0.814967
vn 0.568058 0.757852 0.320889
vn 0.563807 0.074371 0.822551
vn 0.649622 -0.059036 0.757962
vn 0.357208 -0.565332 0.743507
vn 0.606789 0.059759 0.792613
vn 0.374791 -0.008003 0.927075
vn 0.105585 0.025406 0.994086
vn -0.505867 0.187711 -0.84194
vn 0.128385 -0.523837 0.842088
vn 0.673773 0.037181 0.738002
vn 0.257908 0.092815 0.961701
vn 0.448478 -0.073722 0.890748
vn -0.131357 -0.13334 0.982327
vn 0.545672 -0.012195 0.83791
vn 0.560476 -0.511283 0.651503
vn 0.363067 -0.384727 0.848627
vn 0.672366 0.219603 0.706894
vn 0.702934 -0.20938 0.679738
vn 0.616648 0.027221 0.786768
vn 0.515726 -0.070539 0.853845
vn 0.623968 0.173261 0.762
vn 0.596222 0.08594 0.798206
vn 0.601658 0.062308 0.796319
vn 0.779648 0.155744 0.606542
vn 0.830325 0.218981 0.512453
vn 0.606416 0.003569 0.79514
vn 0.817205 0.086232 0.56986
vn 0.614504 -0.033873 0.788186
vn 0.728472 0.038501 0.683993
vn 0.575179 -0.55692 0.599174
vn 0.670206 -0.273103 0.690101
vn 0.763831 0.088203 0.639361
vn 0.89541 -0.137568 0.423457
vn 0.535912 -0.089106 0.839558
vn 0.624374 -0.46142 0.630277
vn 0.739396 0.012958 0.673146
vn 0.897254 -0.131385 0.421512
vn -0.020039 -0.008067 0.999767
vn 0.544629 -0.07969 0.834882
vn 0.492145 0.072145 0.867518
vn 0.815624 -0.071349 0.574167
vn 0.746914 -0.08476 0.659496
vn 0.63322 -0.19891 0.747975
vn 0.823274 -0.100974 0.558592
vn 0.707385 -0.057833 0.704458
vn 0.63535 0.040364 0.771169
vn 0.279673 -0.025928 0.959745
vn 0.362502 -0.08453 0.928142
vn 0.304211 -0.055991 0.950958
vn 0.32299 -0.059203 0.944549
vn 0.68247 0.068467 0.727699
vn 0.245865 0.008955 0.969263
vn 0.444665 -0.16563 0.88025
vn 0.458035 -0.066988 0.886407
vn 0.326181 -0.131606 0.936101
vn 0.285551 0.029099 0.957922
vn 0.140252 0.02195 0.989872
vn -0.008559 0.052731 0.998572
vn 0.49174 -0.070825 0.867857
vn 0.149816 0.613221 0.775574
vn 0.407893 0.013032 0.912937
vn 0.701234 -0.182266 0.689238
vn 0.642522 -0.117168 0.757257
vn 0.657906 0.052196 0.751289
vn 0.469412 -0.036221 0.882236
vn 0.323437 -0.046262 0.945118
vn 0.745333 0.007327 0.666652
vn 0.754604 -0.048626 0.654376
vn 0.422163 -0.144052 0.895002
vn 0.505396 -0.00803 0.86285
vn 0.452774 -0.072537 0.88867
vn 0.54855 -0.007797 0.836082
vn 0.49336 -0.041683 0.868826
vn 0.523846 -0.129274 0.841946
vn 0.421505 0.110746 0.900038
vn 0.514909 0.004281 0.857234
vn 0.400822 0.002516 0.916153
vn 0.06325 -0.01816 0.997832
vn 0.064773 0.228247 0.971446
vn 0.123613 -0.016728 0.992189
vn 0.264702 -0.0741 0.961479
vn 0.427912 0.215987 0.877634
vn 0.366299 0.015532 0.930367
vn 0.378997 -0.177685 0.908179
vn 0.474991 0.022683 0.879698
vn 0.249235 -0.065991 0.966192
vn 0.362737 0.028121 0.931467
vn 0.075242 -0.038482 0.996423
vn 0.388283 0.061823 0.919464
vn 0.682797 -0.068524 0.727387
vn 0.489502 0.030093 0.871483
vn 0.645143 -0.000151 0.764062
vn 0.708227 -0.01356 0.705855
vn 0.668695 -0.081115 0.739099
vn 0.711531 -0.124514 0.691534
vn 0.718129 -0.022256 0.695554
vn 0.665223 -0.058546 0.744346
vn 0.477261 0.181444 0.859826
vn 0.769272 -0.00703 0.638883
vn 0.615592 -0.19474 0.763625
vn 0.650891 0.040824 0.758072
vn 0.54663 0.038105 0.836507
vn 0.470506 -0.406739 0.783063
vn 0.631836 0.086303 0.770282
vn 0.278474 -0.675707 0.682548
vn 0.515812 -0.018705 0.856498
vn 0.43396 -0.035977 0.900213
vn -0.00581 -0.004113 0.999975
vn -0.008608 -0.048752 0.998774
vn 0.119544 -0.030484 0.992361
vn 0.516008 -0.01769 0.856401
vn 0.083361 -0.536262 0.839925
vn 0.152734 -0.162309 0.974848
vn 0.301627 -0.237471 0.923379
vn 0.454903 -0.000766 0.890541
vn 0.378925 -0.039527 0.924583
vn 0.374178 -0.087846 0.923187
vn 0.709496 -0.201573 0.675266
vn 0.804913 -0.203841 0.557283
vn 0.440534 -0.190204 0.877355
vn 0.729316 -0.123555 0.672928
vn 0.347313 -0.050364 0.936396
vn -0.033385 -0.251307 0.967332
vn 0.278648 -0.163819 0.946319
vn 0.36195 -0.114149 0.925182
vn 0.058507 -0.175457 0.982747
vn 0.204242 -0.016084 0.978788
vn 0.313698 -0.347028 0.883835
vn 0.324469 -0.096184 0.940993
vn 0.14701 0.001213 0.989134
vn 0.147319 0.005368 0.989075
vn 0.310491 0.144959 0.939458
vn 0.245558 -0.074022 0.966552
vn 0.334764 0.397377 0.854415
vn -0.03426 0.201286 0.978933
vn 0.391789 0.244307 0.887026
vn 0.390566 0.048688 0.919286
vn 0.091435 -0.22923 0.969068
vn -0.059212 0.163367 0.984787
vn -0.148734 0.041724 0.987997
vn -0.06257 -0.003365 0.998035
vn -0.060708 0.043419 0.997211
vn 0.016909 -0.109084 0.993889
vn 0.092884 -0.011107 0.995615
vn 0.019532 -0.104199 0.994365
vn 0.042953 -0.184232 0.981944
vn 0.047753 -0.077933 0.995814
vn 0.156701 0.007199 0.98762
vn 0.137036 -0.059103 0.988801
vn -0.035285 -0.003266 0.999372
vn 0.157873 0.029484 0.987019
vn 0.3376 -0.095397 0.936443
vn -0.964091 0.217417 0.152506
vn -0.684549 -0.227611 0.692521
vn 0.022132 0.051503 0.998428
vn 0.322953 0.074874 0.943449
vn 0.397865 -0.555307 0.7303
vn 0.055469 -0.13305 0.989556
vn 0.964091 -0.217417 -0.152506
vn 0.096983 0.012939 0.995202
vn 0.153554 0.034213 0.987548
vn 0.038472 -0.178128 0.983255
vn 0.121294 0.036192 0.991957
vn 0.165017 -0.017835 0.986129
vn 0.299631 -0.305811 0.903715
vn 0.088821 -0.86623 0.491687
vn 0.114262 -0.898387 0.424081
vn -0.020158 -0.850304 0.525906
vn 0.054795 -0.802662 0.593911
vn 0.117531 -0.905395 0.407979
vn -0.017364 -0.604752 0.796225
vn -0.113127 -0.711742 0.693272
vn -0.013662 -0.557578 0.830012
vn 0.074913 -0.800019 0.595279
vn 0.180817 -0.488498 0.853625
vn -0.063274 0.51204 0.856628
vn 0.217201 -0.748068 0.627071
vn 0.64513 -0.450594 -0.617068
vn -0.045326 -0.690997 0.721435
vn -0.111419 -0.506523 0.854997
vn -0.070926 -0.637525 0.767158
vn 0.354125 -0.796448 0.49017
vn -0.15326 -0.584896 0.796497
vn 0.058128 -0.859173 0.508373
vn -0.0691 -0.89021 0.45028
vn 0.21103 -0.787222 0.579437
vn -0.317847 -0.83867 0.442274
vn -0.010613 -0.891906 0.452097
vn -0.348322 -0.681651 0.643446
vn 0.172044 -0.827964 0.533738
vn 0.003188 -0.88464 0.466264
vn -0.100838 -0.850122 0.516841
vn -0.062719 -0.670669 0.7391
vn -0.233714 -0.588747 0.773793
vn -0.316336 -0.861369 0.39746
vn 0.089381 -0.865514 0.492846
vn -0.196597 -0.874708 0.442986
vn -0.451835 -0.57198 0.684605
vn -0.002375 -0.71874 0.695275
vn -0.159135 -0.882642 0.442288
vn -0.089996 -0.902724 0.420703
vn 0.52071 -0.245303 0.817733
vn 0.897076 0.082435 0.434118
vn 0.737178 -0.538296 0.408419
vn 0.725445 -0.474183 0.498879
vn 0.762103 -0.498274 0.413428
vn 0.754596 0.250293 0.606579
vn 0.497375 -0.544668 0.675245
vn 0.556954 -0.587122 0.587444
vn 0.46255 -0.685305 0.562499
vn 0.645182 -0.225983 0.729844
vn 0.549716 -0.616883 0.563265
vn 0.177946 -0.190926 0.965341
vn 0.891446 0.133005 0.433166
vn 0.779698 0.07048 0.622177
vn 0.782167 0.07267 0.618817
vn 0.77894 0.024388 0.626624
vn 0.75989 0.255711 0.597645
vn 0.720341 0.047183 0.692013
vn 0.679571 0.084745 0.728699
vn 0.571714 -0.400221 0.716217
vn 0.765584 -0.053141 0.641137
vn 0.730189 0.044989 0.681762
vn 0.756031 -0.08662 0.648779
vn 0.609337 -0.311456 0.72918
vn 0.989642 0.077798 -0.12065
vn 0.552215 -0.513743 0.656603
vn 0.784224 -0.143967 0.603545
vn 0.672371 -0.370402 0.640874
vn 0.79648 -0.113001 0.594013
vn 0.786309 -0.144893 0.600603
vn 0.693126 0.016036 0.720638
vn 0.64029 0.070148 0.764923
vn 0.636558 0.065269 0.768462
vn 0.539833 -0.306009 0.784181
vn 0.022567 -0.0629 0.997765
vn 0.693948 0.173515 0.698805
vn 0.688732 -0.204221 0.695659
vn 0.452624 0.087305 0.887417
vn 0.481054 0.06821 0.874033
vn 0.224843 -0.877271 0.424077
vn 0.751037 0.280657 0.597641
vn 0.724988 0.251136 0.641345
vn 0.746237 0.146638 0.649329
vn 0.758916 0.242406 0.604389
vn 0.586676 -0.39972 0.704298
vn -0.068661 -0.493971 0.866763
vn 0.282849 -0.251345 0.925647
vn 0.340607 -0.588804 0.733005
vn -0.334083 -0.347751 0.876047
vn 0.123244 -0.992013 -0.026868
vn 0.76366 0.124412 0.633517
vn -0.233502 0.11898 0.965049
vn 0.490786 -0.443269 0.750094
vn 0.340543 -0.328449 0.880995
vn 0.265155 -0.03561 0.963548
vn 0.294867 -0.288491 0.910948
vn -0.132012 -0.320978 0.937841
vn -0.60564 0.241659 0.758156
vn 0.267472 -0.300613 0.915473
vn 0.213444 -0.069403 0.974487
vn 0.076095 -0.168186 0.982814
vn -0.414587 0.057949 0.908163
vn -0.640515 0.199512 0.741577
vn 0.112229 0.129461 0.985213
vn 0.170798 -0.303 0.93756
vn 0.015735 -0.114064 0.993349
vn -0.00075 -0.468781 0.883314
vn 0.108017 0.079896 0.990933
vn 0.099378 -0.489736 0.866189
vn 0.115294 -0.094931 0.988785
vn 0.096406 0.11773 0.988355
vn 0.107934 0.079741 0.990955
vn -0.029251 -0.273414 0.961451
vn -0.155146 -0.49961 0.852244
vn -0.336536 -0.443898 0.83048
vn -0.356465 0.026523 0.933932
vn 0.134492 -0.138017 0.981256
vn -0.025604 -0.054893 0.998164
vn -0.630742 0.119981 0.766661
vn 0.07576 -0.523589 0.848596
vn -0.133362 -0.31866 0.93844
vn 0.166798 -0.512765 0.84217
vn -0.010414 -0.6354 0.772113
vn 0.195907 -0.501252 0.842833
vn 0.162446 -0.501493 0.849774
vn 0.16965 -0.469111 0.866691
vn 0.244056 -0.38571 0.889755
vn 0.200891 -0.49275 0.846664
vn 0.315282 0.170098 0.93363
vn 0.449773 0.25192 0.856878
vn -0.194573 -0.234095 0.952545
vn 0.143744 0.10277 0.984264
vn 0.03469 -0.379946 0.924358
vn 0.293188 0.004515 0.956044
vn 0.302168 -0.074276 0.950356
vn 0.267162 -0.040669 0.962793
vn 0.061175 -0.209387 0.975917
vn 0.144162 0.021167 0.989328
vn 0.022975 -0.059648 0.997955
vn 0.026942 -0.390212 0.920331
vn 0.170068 -0.12159 0.977902
vn 0.087941 0.091136 0.991948
vn 0.031904 -0.034514 0.998895
vn 0.098547 0.11746 0.988176
vn -0.234237 0.119904 0.964757
vn 0.056 0.071041 0.9959
vn -0.359692 -0.271838 0.892595
vn 0.143501 -0.035719 0.989005
vn -0.045982 0.287142 0.956784
vn -0.02238 -0.617674 0.786116
vn 0.111711 0.142297 0.9835
vn 0.037399 0.239045 0.970288
vn -0.116092 -0.595874 0.794643
vn -0.22721 -0.644525 0.730043
vn -0.198692 0.237574 0.950831
vn -0.238591 0.005247 0.971106
vn -0.230069 0.236528 0.943993
vn -0.099552 0.101266 0.989866
vn -0.364641 0.181239 0.91334
vn -0.381813 0.264527 0.885575
vn -0.254403 0.26112 0.931179
vn -0.297018 0.158371 0.941647
vn -0.468751 0.193425 0.861893
vn -0.308666 0.16517 0.93672
vn 0.00608 0.089709 0.995949
vn -0.010735 -0.055853 0.998381
vn -0.007916 0.084866 0.996361
vn -0.297668 0.059626 0.952805
vn -0.001094 0.052869 0.998601
vn -0.221181 0.221484 0.949749
vn -0.245228 0.19645 0.949353
vn -0.163498 0.068634 0.984153
vn -0.106739 -0.593555 0.797683
vn -0.188875 -0.144744 0.971275
vn 0.066042 0.018437 0.997646
vn 0.07716 -0.367273 0.926907
vn 0.334604 -0.238982 0.911552
vn 0.09695 0.146884 0.984391
vn 0.169612 0.138711 0.9757
vn 0.363769 0.362235 0.858171
vn -0.017526 -0.289814 0.956923
vn 0.127695 -0.055378 0.990266
vn 0.155319 -0.375786 0.913598
vn 0.144236 -0.107977 0.983635
vn 0.111278 0.103273 0.988409
vn 0.09798 0.152439 0.983444
vn 0.137064 0.078449 0.987451
vn 0.126997 -0.48936 0.862785
vn 0.260423 -0.144213 0.954664
vn 0.242963 -0.172733 0.954532
vn 0.500145 -0.354862 0.789891
vn 0.407557 -0.68476 0.604153
vn 0.759683 0.011972 0.650184
vn 0.767683 -0.527455 0.363941
vn 0.657558 -0.103728 0.746229
vn 0.818567 -0.555758 0.145196
vn 0.315275 -0.305819 0.898374
vn 0.442681 -0.473513 0.761459
vn -0.188439 -0.486427 0.853158
vn 0.354872 -0.549918 0.75608
vn 0.395967 -0.438872 0.806599
vn 0.522571 -0.37262 0.76686
vn -0.273864 -0.185305 0.943748
vn 0.47808 -0.480934 0.734944
vn 0.079231 -0.098561 0.991972
vn -0.167071 -0.696197 0.698138
vn -0.172962 -0.408496 0.896223
vn -0.24593 -0.769175 0.589821
vn -0.028104 -0.813294 0.581174
vn -0.274785 -0.821332 0.499907
vn -0.250559 -0.791136 0.557965
vn -0.195795 -0.427558 0.882529
vn -0.141804 -0.508169 0.849503
vn -0.247256 -0.782651 0.571246
vn -0.147198 -0.335104 0.930611
vn -0.076905 -0.157235 0.984562
vn -0.301094 -0.307567 0.902632
vn -0.248437 -0.302728 0.920128
vn 0.226557 -0.1723 0.958637
vn -0.278176 -0.4238 0.861982
vn -0.202847 -0.540598 0.81646
vn -0.161472 -0.652303 0.740559
vn -0.117629 -0.647135 0.753246
vn 0.132876 -0.161703 0.977853
vn -0.329346 -0.383329 0.862896
vn -0.139794 -0.302168 0.942948
vn 0.454324 -0.180141 0.872433
vn -0.243409 -0.551499 0.797873
vn 0.123125 -0.736563 0.665068
vn 0.126178 -0.616553 0.777137
vn 0.09313 -0.175162 0.980125
vn 0.355626 -0.385653 0.851353
vn 0.502483 -0.448462 0.739183
vn 0.395589 -0.722967 0.566416
vn 0.37517 -0.558792 0.739594
vn -0.130474 -0.696448 0.705646
vn 0.176733 -0.788387 0.589246
vn 0.167695 -0.684223 0.709731
vn 0.085944 -0.856721 0.508569
vn -0.34359 0.159301 0.92551
vn -0.336796 -0.145486 0.93027
vn -0.674778 -0.109698 0.729822
vn -0.124952 -0.732521 0.669178
vn -0.058676 -0.788554 0.61216
vn -0.326457 -0.726758 0.604358
vn -0.339056 -0.743105 0.57692
vn -0.143081 -0.846152 0.513375
vn -0.90539 -0.139469 0.40102
vn -0.351975 -0.777882 0.520589
vn -0.301024 -0.796509 0.524365
vn -0.392397 -0.751303 0.530631
vn -0.457383 -0.621409 0.636122
vn 0.041536 -0.717044 0.695789
vn -0.015732 -0.644175 0.764716
vn -0.084173 -0.72143 0.687353
vn 0.17678 -0.788419 0.58919
vn 0.904973 -0.320183 0.280191
vn 0.956393 -0.273585 0.102289
vn 0.351927 -0.76697 0.536567
vn 0.389673 -0.707548 0.589517
vn 0.097442 -0.799671 0.592479
vn 0.322898 -0.730102 0.602235
vn 0.136426 -0.683842 0.716762
vn 0.094914 -0.747417 0.65754
vn 0.30828 -0.75694 0.576198
vn 0.381492 -0.757908 0.529187
vn 0.245044 -0.813614 0.527243
vn 0.561323 -0.566502 0.603317
vn 0.602655 -0.213551 0.768897
vn 0.8318 -0.158883 0.531851
vn 0.793786 -0.189131 0.578043
vn 0.349359 -0.249221 0.903237
vn 0.779137 -0.305631 0.547298
vn 0.495772 -0.57892 0.64735
vn 0.318852 -0.584581 0.746055
vn 0.327458 -0.563712 0.758288
vn 0.133861 -0.662942 0.736607
vn 0.496652 -0.508653 0.703285
vn 0.513399 -0.544816 0.663022
vn 0.502862 -0.48219 0.717372
vn 0.724596 -0.306632 0.617201
vn 0.929463 -0.268338 0.253166
vn 0.836347 0.349212 0.422581
vn 0.173679 0.232004 0.957084
vn 0.430688 -0.468571 0.771329
vn 0.405189 0.072021 0.911392
vn 0.474589 -0.803041 0.360402
vn 0.626043 -0.746148 0.226571
vn 0.76391 0.143162 0.629242
vn 0.632755 -0.772835 0.048454
vn 0.78466 -0.54066 0.303307
vn 0.877418 -0.281691 0.388314
vn 0.96152 -0.220163 -0.16434
vn 0.913944 -0.365737 0.175906
vn 0.889914 -0.409978 0.199926
vn 0.740972 -0.655162 0.14739
vn 0.362281 -0.90727 0.213571
vn 0.388148 -0.894271 0.222759
vn 0.518781 -0.82575 0.221366
vn -0.724086 -0.129166 0.677507
vn 0.226998 -0.931716 0.283508
vn 0.695744 -0.696007 0.177523
vn 0.807142 -0.589602 0.029864
vn 0.936442 0.107055 0.33409
vn 0.113978 -0.395112 0.911535
vn 0.299418 -0.561234 0.771599
vn 0.357024 -0.725354 0.588554
vn -0.079956 -0.38293 0.920311
vn 0.513346 -0.811276 0.279834
vn 0.603143 -0.426781 0.673852
vn 0.647825 -0.627839 0.43144
vn 0.722866 -0.626107 0.292327
vn 0.853295 -0.069673 0.516752
vn 0.824788 -0.55263 0.119688
vn 0.984635 -0.076519 0.156966
vn 0.599439 -0.590314 0.540557
vn 0.716826 -0.441504 0.539662
vn 0.607993 -0.472547 0.638
vn 0.58223 -0.002931 0.813019
vn 0.804151 0.174713 0.56817
vn -0.408331 0.100724 0.90726
vn 0.307591 0.089895 0.947263
vn -0.085404 0.02618 0.996002
vn 0.240207 -0.260803 0.935031
vn -0.14829 -0.284614 0.947103
vn -0.084734 -0.135451 0.987154
vn 0.01355 -0.365361 0.930767
vn -0.022465 -0.58115 0.813487
vn -0.896543 0.054884 0.439544
vn 0.430855 0.157641 0.888545
vn 0.361061 -0.303682 0.88171
vn 0.318927 0.094726 0.943034
vn 0.158643 -0.091639 0.983074
vn 0.173586 -0.132498 0.975865
vn 0.230241 0.023932 0.972839
vn 0.129647 -0.289399 0.948388
vn -0.047723 0.013682 0.998767
vn 0.297732 -0.562315 0.771464
vn -0.060599 -0.367988 0.927854
vn -0.021551 -0.293936 0.955582
vn 0.217682 -0.052962 0.974582
vn -0.241602 -0.465113 0.851644
vn -0.022414 0.266885 0.963468
vn -0.666098 0.468738 0.580171
vn -0.864062 -0.146469 0.481606
vn -0.065869 -0.394138 0.916688
vn -0.454461 -0.410041 0.790779
vn -0.456525 -0.397154 0.796149
vn -0.107179 -0.091035 0.990063
vn -0.746178 -0.357106 0.561867
vn -0.269152 0.163181 0.949173
vn -0.46511 -0.420447 0.779036
vn -0.529484 -0.43557 0.72796
vn -0.674625 -0.498237 0.544647
vn -0.655791 0.100514 0.748221
vn -0.405538 0.027578 0.913662
vn -0.494221 -0.181142 0.850255
vn -0.649403 -0.485583 0.585222
vn -0.905434 0.003964 0.424468
vn -0.501743 -0.040265 0.864079
vn -0.370135 0.092881 0.924323
vn -0.21983 -0.265894 0.938603
vn -0.551116 0.079151 0.830666
vn -0.646302 -0.011528 0.762994
vn -0.630229 -0.359218 0.688313
vn -0.490843 -0.314052 0.812677
vn -0.507061 -0.403208 0.761782
vn -0.834997 -0.165035 0.524922
vn -0.92769 0.08654 0.363184
vn -0.378835 -0.416897 0.826245
vn -0.527512 -0.192785 0.827385
vn -0.473472 0.056732 0.87898
vn 0.359443 -0.057172 0.931414
vn 0.724107 -0.431089 0.53836
vn -0.701806 -0.536959 0.468128
vn -0.828869 -0.112182 0.54808
vn -0.065108 -0.564241 0.823039
vn -0.948884 -0.039845 0.313101
vn -0.943986 -0.190547 0.26941
vn -0.899112 -0.072687 0.431642
vn -0.782603 -0.490287 0.383603
vn -0.887073 -0.150877 0.436277
vn -0.918858 0.112878 0.378098
vn -0.593284 -0.49795 0.632504
vn -0.518744 0.001004 0.854929
vn -0.98828 -0.011129 0.152248
vn 0.939017 0.094511 0.330629
vn -0.74816 0.060225 0.660779
vn -0.852459 0.101456 0.512855
vn -0.671094 0.25184 0.697287
vn -0.84206 0.267758 0.468232
vn -0.839034 0.207758 0.502851
vn -0.69365 -0.354717 0.626917
vn -0.886392 -0.177799 0.427431
vn -0.908997 0.066514 0.411461
vn -0.909579 -0.157051 0.384709
vn -0.890536 -0.25361 0.37766
vn -0.609272 -0.047849 0.791517
vn -0.817355 -0.088863 0.56924
vn -0.814616 -0.067648 0.576042
vn -0.712995 -0.172773 0.67955
vn -0.891759 -0.388573 0.231899
vn -0.834872 -0.147001 0.530452
vn 0.755058 -0.583524 0.298978
vn -0.510275 -0.167011 0.843639
vn -0.285656 -0.321915 0.902647
vn -0.907885 -0.289457 0.303248
vn 0.165983 0.93464 0.314478
vn 0.934212 -0.099779 0.34248
vn 0.511682 -0.073755 0.856003
vn -0.217188 -0.237992 0.946673
vn -0.062498 -0.091877 0.993807
vn -0.201615 -0.230174 0.952035
vn -0.613974 -0.034798 0.788559
vn -0.587589 0.102275 0.80267
vn -0.722502 -0.070789 0.687736
vn -0.290152 -0.147528 0.945541
vn -0.658917 -0.019311 0.751968
vn 0.070278 -0.310067 0.948114
vn -0.28429 -0.342833 0.895346
vn -0.135269 -0.288646 0.947832
vn -0.565991 -0.262577 0.781478
vn -0.385395 0.018165 0.922573
vn -0.129531 -0.05842 0.989853
vn -0.411703 0.037844 0.910532
vn 0.258699 -0.080503 0.962598
vn 0.191226 -0.121699 0.973972
vn -0.788925 0.021028 0.614129
vn -0.840354 0.451817 0.299443
vn -0.823461 -0.026663 0.566746
vn 0.617282 -0.348517 0.705336
vn -0.934714 -0.051818 0.351604
vn 0.36295 0.535296 -0.762709
vn -0.426943 -0.247714 0.869688
vn 0.70746 -0.279346 0.649205
vn 0.810715 -0.276444 0.516062
vn -0.411472 -0.008232 0.911385
vn 0.95263 -0.180505 0.244775
vn -0.294746 -0.359612 0.885327
vn 0.821094 -0.37072 0.434017
vn 0.448418 -0.681879 0.577895
vn -0.249135 0.885261 0.39274
vn -0.719826 -0.21469 0.66012
vn -0.900605 -0.109188 0.420699
vn -0.96197 0.102858 0.253048
vn 0.936151 0.340608 -0.087219
vn 0.63285 -0.338983 0.696126
vn 0.679941 -0.150527 0.71765
vn 0.622346 -0.350725 0.69977
vn 0.988804 0.016262 0.148334
vn 0.0188 -0.580808 0.813823
vn 0.062946 -0.375412 0.924718
vn 0.877628 0.003274 0.479331
vn 0.917549 -0.057253 0.393479
vn 0.622013 -0.401724 0.672099
vn 0.661383 -0.282462 0.694829
vn 0.827935 -0.275392 0.488553
vn 0.646095 -0.155657 0.747217
vn 0.748887 -0.355661 0.559173
vn 0.01819 -0.371213 0.92837
vn 0.479257 0.090538 0.872992
vn 0.761288 -0.561348 0.324545
vn 0.97937 -0.130127 0.154601
vn 0.723298 -0.217794 0.655291
vn 0.394274 -0.426764 0.813892
vn 0.713881 -0.16438 0.680701
vn 0.534054 -0.345384 0.771684
vn 0.518949 -0.453225 0.724761
vn 0.688984 0.251592 0.679708
vn 0.859768 0.302469 0.411475
vn 0.656442 -0.419301 0.627113
vn 0.814963 -0.306114 0.492067
vn 0.503699 -0.688285 0.522064
vn 0.759938 -0.563151 0.324586
vn 0.601547 -0.522005 0.604691
vn 0.945008 -0.159175 0.285697
vn 0.630999 -0.508608 0.585798
vn 0.576636 0.033861 0.816299
vn 0.632708 0.012556 0.774289
vn 0.575153 0.029427 0.817516
vn 0.440299 -0.700984 -0.561033
vn 0.786281 -0.607464 0.112913
vn 0.821854 -0.475938 0.313111
vn 0.85527 -0.027504 0.517452
vn 0.434285 -0.634581 0.639299
vn 0.97546 -0.134796 0.174093
vn 0.876739 -0.021531 0.480485
vn 0.717039 -0.286183 0.635574
vn 0.856187 0.248805 0.452813
vn 0.894176 -0.411577 0.17622
vn 0.965228 0.118996 0.232755
vn 0.757503 -0.62449 0.190266
vn 0.312012 -0.949127 -0.0425
vn 0.635133 -0.754289 0.166296
vn 0.628919 -0.765963 0.133276
vn 0.725003 -0.658237 0.202718
vn 0.790539 -0.601805 0.11348
vn 0.534063 -0.714509 0.451945
vn 0.707214 -0.706527 0.025852
vn 0.831662 -0.538321 0.136198
vn 0.821623 -0.503483 0.267285
vn 0.56292 -0.82522 -0.046177
vn 0.910893 -0.320795 0.259549
vn 0.882637 -0.381296 0.27489
vn 0.880269 -0.447893 0.156582
vn 0.838942 -0.472659 0.269759
vn 0.915024 -0.310861 0.257092
vn 0.790701 -0.524116 0.316377
vn 0.51758 -0.780787 0.349975
vn 0.076593 -0.939372 -0.334237
vn 0.689186 -0.662612 0.293202
vn 0.735929 -0.645874 0.203115
vn 0.722681 -0.620783 0.303909
vn 0.788733 -0.553356 0.267762
vn 0.999999 -0.001534 0.000614
vn 0.852774 -0.403369 0.331766
vn 0.803966 -0.527297 0.274948
vn 0.755902 -0.184281 0.628214
vn 0.865513 0.500634 -0.015873
vn 0.847181 0.523929 0.088221
vn 0.887718 -0.024063 0.459758
vn 0.933996 -0.160756 0.319074
vn -0.208846 0.281802 -0.936467
vn 0.767782 0.113986 0.63049
vn 0.440769 0.123018 0.889151
vn 0.015494 -0.384985 0.922793
vn 0.760584 -0.056872 0.646744
vn 0.477783 0.114189 0.871025
vn 0.920925 -0.131204 0.366991
vn 0.779637 0.620914 -0.081442
vn 0.958614 -0.125039 0.255781
vn 0.99655 -0.064654 -0.05203
vn 0.997802 0.017385 -0.063948
vn 0.998615 -0.049151 0.018752
vn 0.943139 -0.010394 0.332235
vn 0.923293 0.039074 0.382105
vn 0.99689 -0.078762 0.002576
vn 0.975652 -0.202668 -0.083834
vn 0.999429 -0.021002 -0.026477
vn 0.593456 -0.054839 -0.802996
vn 0.958652 -0.085578 -0.27141
vn 0.680212 -0.01414 -0.732879
vn 0.623993 0.028554 -0.780908
vn 0.631864 0.056494 -0.773017
vn 0.612674 0.061799 -0.787916
vn 0.637888 0.072575 -0.766701
vn 0.988951 -0.093155 0.115319
vn 0.991335 -0.066332 -0.113383
vn 0.998012 -0.022921 -0.058716
vn 0.999392 0.007456 0.034069
vn 0.991343 0.022484 -0.129361
vn 0.932912 -0.10522 0.34439
vn 0.991913 -0.026338 -0.124155
vn 0.995508 -0.036541 -0.087341
vn 0.907366 0.336538 0.251852
vn 0.967262 0.022533 0.252778
vn 0.986908 -0.157711 -0.033765
vn 0.990184 -0.054058 -0.128889
vn 0.661221 -0.605709 -0.442609
vn 0.386416 0.807372 -0.445907
vn 0.900729 0.007781 0.434313
vn 0.933604 -0.039042 0.356173
vn 0.665498 -0.622249 0.412212
vn 0.878031 -0.019525 0.478206
vn 0.963319 0.165057 0.211595
vn 0.979327 -0.179163 -0.093907
vn 0.689521 -0.721585 -0.062252
vn 0.929891 0.255003 0.265097
vn 0.662318 -0.747528 -0.050363
vn 0.761154 0.040292 0.647319
vn 0.775812 0.145495 0.613961
vn 0.727806 0.038543 0.6847
vn 0.721584 -0.200049 0.662795
vn 0.754695 -0.065773 0.65277
vn 0.756603 0.155242 0.635178
vn 0.840122 -0.247638 0.482567
vn 0.800673 0.16324 0.576433
vn 0.749488 -0.661871 -0.013953
vn 0.990534 -0.110425 -0.081539
vn 0.987941 -0.09642 -0.121145
vn 0.610135 0.331347 0.719684
vn 0.974956 -0.07715 0.208586
vn 0.988209 -0.11255 -0.103802
vn 0.85499 -0.094962 0.509876
vn 0.990476 -0.047271 -0.129318
vn 0.999803 0.011059 -0.016509
vn 0.989716 -0.098899 -0.103352
vn 0.932247 -0.112153 0.344003
vn 0.980138 -0.144385 0.13595
vn 0.922181 -0.058132 0.382365
vn 0.819505 -0.104005 0.563556
vn 0.689297 -0.126065 0.713426
vn 0.981614 -0.127014 -0.142483
vn 0.764065 -0.078187 0.640384
vn 0.797382 0.002487 0.60347
vn 0.770628 -0.006022 0.637257
vn 0.613395 0.084827 0.785208
vn 0.975846 -0.048703 0.212963
vn 0.772744 -0.005832 0.634691
vn 0.771497 0.012281 0.636114
vn 0.791978 0.062023 0.607391
vn 0.983192 -0.044125 0.177162
vn 0.805038 0.054829 0.590684
vn 0.805102 -0.044662 0.591452
vn 0.902473 -0.024491 0.43005
vn 0.989506 -0.118327 -0.082924
vn 0.746757 -0.036921 0.664072
vn 0.771388 -0.042706 0.63493
vn 0.653121 -0.008526 0.757206
vn 0.929532 -0.101473 0.354504
vn 0.924015 -0.127323 0.360534
vn 0.68222 -0.204836 0.701868
vn 0.828427 0.054375 0.557452
vn 0.950047 -0.207526 -0.233118
vn 0.951497 -0.201432 -0.232549
vn 0.984021 -0.048735 0.171253
vn 0.919401 -0.136284 0.368956
vn 0.961351 -0.066224 -0.267244
vn 0.977086 -0.210976 0.028146
vn 0.944756 -0.324478 0.046367
vn 0.996303 0.033394 -0.079153
vn 0.992007 0.043362 -0.118499
vn 0.981741 -0.074715 -0.174936
vn 0.979311 0.097014 -0.177589
vn 0.990095 0.030638 -0.137015
vn 0.99085 -0.006176 -0.134828
vn 0.728316 -0.028672 0.684641
vn 0.77184 -0.021903 0.63544
vn 0.977806 -0.208259 0.022889
vn 0.990184 -0.061375 0.125575
vn 0.916217 0.021074 0.400128
vn 0.884832 -0.043117 0.463911
vn 0.793285 0.220217 0.56763
vn 0.748526 -0.382455 0.541697
vn 0.611086 -0.006287 0.791539
vn 0.797215 -0.391007 0.459959
vn 0.551797 -0.441482 0.70754
vn 0.549591 -0.710376 0.439677
vn 0.795312 0.012121 0.606079
vn 0.925393 -0.050942 0.375571
vn 0.980856 0.084267 0.175557
vn 0.6287 -0.710608 0.31587
vn 0.639201 -0.691633 0.336252
vn 0.981697 0.056566 0.181854
vn 0.669775 -0.682277 0.293085
vn 0.635908 -0.739549 0.220652
vn 0.947293 0.082842 0.309472
vn 0.905626 -0.198859 0.374561
vn 0.764366 -0.040289 0.643522
vn 0.813041 -0.041099 0.580755
vn 0.997376 0.066018 0.029699
vn 0.984423 0.174749 -0.019352
vn 0.991455 0.089302 -0.095092
vn 0.998524 0.053692 0.008205
vn 0.991856 0.084795 0.095031
vn 0.995439 0.072574 0.061921
vn 0.997848 0.06302 0.018097
vn 0.928068 -0.054712 0.36837
vn 0.994244 0.0584 0.089826
vn 0.819323 -0.172335 0.546818
vn 0.818166 -0.506339 0.272444
vn 0.964006 -0.211101 -0.161644
vn 0.664876 -0.746886 0.010049
vn 0.740113 -0.661194 -0.1227
vn 0.761927 -0.131852 0.6341
vn 0.644565 -0.14293 0.75107
vn 0.738317 -0.11402 0.664746
vn 0.874677 0.002962 0.484696
vn 0.855653 -0.034339 0.51641
vn 0.944656 -0.05407 0.323575
vn 0.746441 -0.499726 0.439432
vn 0.637349 -0.526231 0.562909
vn 0.996436 -0.054356 -0.064509
vn 0.882999 -0.136034 0.44923
vn 0.917195 -0.118428 0.380432
vn 0.628425 0.103832 0.770909
vn 0.772255 -0.032346 0.634489
vn 0.709136 0.107669 0.696802
vn 0.743324 -0.018594 0.668673
vn 0.967553 0.017526 0.25206
vn 0.73863 -0.13135 0.661191
vn 0.828019 0.041239 0.559181
vn 0.750946 -0.035211 0.659425
vn 0.786366 -0.051193 0.615636
vn 0.761004 0.009744 0.648673
vn 0.774694 -0.075114 0.627859
vn 0.765248 -0.093999 0.636835
vn 0.670469 -0.062008 0.739342
vn 0.891114 -0.122783 0.436852
vn 0.867194 -0.068374 0.493255
vn 0.840563 0.009312 0.541634
vn 0.7425 -0.088674 0.663951
vn 0.752055 -0.141542 0.643723
vn 0.054922 0.056043 0.996917
vn 0.987108 -0.034626 -0.156267
vn 0.861891 -0.046993 0.504911
vn 0.813608 -0.115843 0.569756
vn 0.733436 -0.000745 0.679758
vn 0.759948 -0.010592 0.649897
vn 0.696287 -0.197943 0.68993
vn 0.726843 0.021184 0.686477
vn 0.712182 -0.011607 0.701899
vn 0.775898 -0.003231 0.630851
vn 0.863407 0.075164 0.498878
vn 0.7346 -0.162016 0.658873
vn 0.94541 -0.100112 0.310123
vn 0.953219 -0.008234 0.302168
vn 0.902496 -0.014766 0.430445
vn 0.995509 -0.083603 0.044404
vn 0.994252 -0.069031 0.08184
vn 0.992663 -0.057991 -0.106098
vn 0.994685 -0.09984 0.025167
vn 0.989735 -0.0822 -0.116912
vn 0.986028 -0.090429 -0.139895
vn 0.988884 -0.103282 -0.106964
vn 0.994583 -0.055099 -0.088141
vn 0.725991 -0.000266 0.687704
vn 0.748249 -0.162124 0.643303
vn 0.758274 0.197311 0.621361
vn 0.978853 -0.183209 -0.091006
vn 0.766196 0.341231 0.544523
vn 0.732738 -0.544406 0.40831
vn 0.713221 -0.548855 0.435974
vn 0.766216 0.006783 0.642547
vn 0.980831 -0.044634 0.189678
vn 0.968089 0.24798 -0.036195
vn 0.98941 0.082222 0.11961
vn 0.983383 0.10007 -0.151473
vn 0.968132 0.241523 -0.066243
vn 0.99462 0.074938 -0.071525
vn 0.968478 0.203886 -0.143108
vn 0.78304 0.259864 0.565084
vn 0.947903 0.304977 0.092031
vn 0.929352 0.310367 0.199941
vn 0.963841 0.266453 -0.003753
vn 0.982684 0.16098 -0.091752
vn 0.980053 0.085489 0.179412
vn 0.904775 -0.047653 -0.423215
vn 0.993468 -0.017203 -0.112809
vn 0.828777 0.150239 0.539034
vn 0.739063 -0.672554 -0.038176
vn 0.485973 -0.552739 0.676986
vn 0.500568 -0.863042 0.067758
vn 0.763972 0.011124 0.645153
vn 0.967486 -0.236571 -0.089469
vn 0.917605 -0.309027 0.250008
vn 0.953174 -0.259661 0.155035
vn 0.734282 -0.677636 0.040491
vn 0.984679 0.098479 0.143909
vn 0.906063 -0.418883 0.059892
vn 0.437562 -0.879812 0.185662
vn 0.989012 0.127244 0.075267
vn 0.992336 0.103723 0.067156
vn 0.804809 0.122483 0.580759
vn 0.939999 0.134902 0.313373
vn 0.991987 0.008896 0.126024
vn 0.646102 0.13173 0.751797
vn 0.816219 0.282327 0.504061
vn 0.78686 0.047808 0.615277
vn 0.648673 -0.73095 0.211979
vn 0.660805 -0.720607 0.20991
vn 0.867392 -0.32238 -0.37908
vn 0.972719 0.170709 -0.157084
vn 0.610674 0.112887 -0.783794
vn 0.584101 0.115034 -0.803488
vn 0.612701 0.00151 -0.790313
vn 0.595634 0.115533 -0.794904
vn 0.642344 -0.294785 -0.707458
vn 0.623102 -0.075102 -0.778527
vn 0.631688 0.058828 -0.772987
vn 0.620235 -0.002228 -0.784413
vn 0.996757 -0.059441 -0.054243
vn 0.991489 -0.115997 -0.059118
vn 0.619046 -0.071074 -0.782132
vn 0.998496 -0.012431 -0.053392
vn 0.98753 -0.05394 -0.147901
vn 0.991596 -0.11434 -0.060534
vn 0.995926 0.046332 -0.077355
vn 0.610803 0.12747 -0.781454
vn 0.848422 -0.519946 -0.09918
vn 0.804819 -0.582175 0.115493
vn 0.680374 -0.709082 0.185188
vn 0.733505 -0.668862 -0.120806
vn 0.803463 -0.546514 -0.236155
vn 0.946829 -0.164261 -0.276647
vn 0.978622 0.061335 -0.196306
vn 0.97894 0.061321 -0.19472
vn 0.945413 -0.175249 -0.274739
vn 0.994746 0.042146 -0.093296
vn 0.915517 -0.088523 -0.392419
vn 0.999243 -0.035297 -0.016378
vn 0.761294 -0.647536 -0.033594
vn 0.999631 -0.013922 -0.023315
vn 0.98719 0.105402 -0.119774
vn 0.996577 -0.053272 0.063224
vn 0.948239 -0.10163 0.300856
vn 0.852289 -0.522807 0.016642
vn 0.981606 0.163064 -0.099298
vn 0.982155 0.164831 -0.090569
vn 0.983221 0.154053 -0.097688
vn 0.987653 0.094568 -0.124892
vn 0.962683 0.21033 -0.170301
vn 0.953166 0.094604 -0.287271
vn 0.987968 0.119825 -0.097786
vn 0.650107 0.031032 -0.759208
vn 0.631284 -0.396092 -0.666777
vn 0.810282 -0.559389 -0.174723
vn 0.656968 -0.753918 0.000214
vn 0.936463 0.346646 -0.053609
vn 0.964387 0.217565 -0.150408
vn 0.813097 0.229311 -0.53506
vn 0.835517 0.394706 -0.382255
vn 0.658131 0.022943 -0.752554
vn 0.897523 0.369876 -0.240094
vn 0.55312 -0.623752 -0.552261
vn 0.40159 -0.780263 -0.479494
vn 0.49056 -0.865145 -0.104279
vn 0.662665 -0.713904 -0.226311
vn 0.617392 -0.782307 -0.082599
vn 0.961325 0.166557 -0.219345
vn 0.457723 0.023382 -0.888787
vn 0.990484 0.08693 -0.106696
vn 0.992568 -0.022113 -0.11967
vn 0.53534 0.459156 -0.708933
vn 0.904855 0.071057 -0.419749
vn 0.965765 -0.06384 -0.251442
vn 0.972017 -0.169996 0.162127
vn 0.872651 0.090176 -0.479947
vn 0.618331 0.069438 -0.782844
vn 0.85229 0.097051 -0.513987
vn 0.811732 0.045842 -0.582228
vn 0.812044 -0.048124 -0.581609
vn 0.973831 0.018758 -0.226498
vn 0.969836 0.076051 -0.231591
vn 0.958387 0.092546 -0.270054
vn 0.906927 0.049973 -0.418313
vn 0.691772 -0.200239 -0.693798
vn 0.664275 0.019451 -0.747235
vn 0.710662 -0.011435 -0.703441
vn 0.677602 0.078348 -0.731243
vn 0.506139 -0.600167 -0.619373
vn 0.746953 -0.292569 -0.597046
vn 0.984868 -0.070535 -0.1583
vn 0.587243 -0.319304 -0.743768
vn 0.487408 -0.748974 -0.448855
vn 0.672814 -0.564521 -0.478162
vn 0.954569 -0.025578 -0.296889
vn 0.831561 -0.02346 -0.554937
vn 0.955454 -0.030937 -0.293514
vn 0.824189 -0.035381 -0.565209
vn 0.816803 -0.484827 -0.312691
vn 0.38052 -0.81549 -0.436097
vn 0.981843 -0.130138 -0.138014
vn 0.691859 0.02195 -0.721699
vn 0.982165 0.168657 -0.083101
vn 0.995075 0.080168 -0.058294
vn 0.955213 -0.087088 -0.282815
vn 0.644297 -0.024496 -0.764383
vn 0.383365 -0.082095 -0.919941
vn 0.679044 -0.057558 -0.731838
vn 0.587851 -0.030391 -0.808398
vn 0.58224 0.003641 -0.813009
vn 0.991277 -0.098835 -0.087188
vn 0.988705 -0.056345 -0.13888
vn 0.582096 -0.184237 -0.791973
vn 0.611232 -0.087572 -0.786592
vn 0.681182 -0.040103 -0.731015
vn 0.557954 -0.003044 -0.829866
vn 0.587081 -0.043183 -0.808375
vn 0.668342 -0.075893 -0.739972
vn 0.610077 -0.038747 -0.791394
vn 0.594586 0.024163 -0.803669
vn 0.604593 -0.387477 -0.695938
vn 0.55172 -0.00668 -0.834002
vn 0.558814 -0.085409 -0.824883
vn 0.609871 -0.041634 -0.791407
vn 0.64522 -0.074262 -0.760379
vn 0.713691 -6.8e-05 -0.70046
vn 0.680517 -0.024997 -0.732306
vn 0.763966 -0.061203 -0.642347
vn 0.788846 -0.000945 -0.61459
vn 0.619981 0.008133 -0.784574
vn 0.839951 -0.060975 -0.539225
vn 0.766668 0.000173 -0.642043
vn 0.993177 0.073498 -0.090545
vn 0.828681 -0.472099 -0.300683
vn 0.790244 -0.066156 -0.609211
vn 0.792443 -0.190863 -0.579314
vn 0.926728 0.12582 -0.35404
vn 0.659233 -0.622663 -0.421549
vn 0.715712 -0.670327 0.196005
vn 0.299026 -0.711333 -0.636073
vn 0.768732 -0.628013 -0.12104
vn 0.992867 -0.074934 -0.092736
vn 0.988721 -0.112578 -0.098782
vn 0.662844 -0.747868 -0.036502
vn 0.709513 -0.692188 -0.132164
vn 0.667717 -0.740893 -0.072331
vn 0.999667 -0.025136 0.005891
vn 0.961099 -0.212543 -0.17639
vn 0.749731 0.062363 -0.658798
vn 0.776755 -0.054426 -0.627446
vn 0.791625 -0.043342 -0.609468
vn 0.94038 -0.115939 -0.319757
vn 0.837022 -0.202221 -0.508431
vn 0.790114 -0.231812 -0.567436
vn 0.782954 -0.209058 -0.585899
vn 0.923565 -0.169947 -0.343723
vn 0.96529 -0.211967 -0.152596
vn 0.915092 -0.186983 -0.357274
vn 0.905572 -0.203754 -0.372055
vn 0.921837 -0.115767 -0.369884
vn 0.795544 -0.031845 -0.605058
vn 0.963415 -0.228779 -0.139613
vn 0.989299 0.141929 -0.033822
vn 0.950695 0.041337 0.30736
vn 0.945275 -0.286248 0.156577
vn 0.674303 0.007491 -0.738417
vn 0.968162 -0.165071 -0.188184
vn 0.984689 -0.033432 -0.171083
vn 0.991849 -0.098273 -0.081103
vn 0.712296 -0.001818 -0.701876
vn 0.744511 -0.055455 -0.665303
vn 0.928307 -0.008592 -0.371716
vn 0.909681 0.017384 -0.414943
vn 0.963264 -0.025047 -0.267387
vn 0.791789 -0.11099 -0.600626
vn 0.94136 -0.044838 -0.334411
vn 0.890768 0.001399 -0.454455
vn 0.811753 -0.077174 -0.578879
vn 0.676636 -0.028031 -0.735784
vn 0.794006 -0.033686 -0.606976
vn 0.58381 -0.04957 -0.810376
vn 0.758248 -0.024185 -0.651517
vn 0.635888 -0.013711 -0.771659
vn 0.721271 -0.036101 -0.691712
vn 0.826577 0.017201 -0.562561
vn 0.748317 -0.079713 -0.658535
vn 0.898453 -0.084548 -0.430852
vn 0.9476 -0.173811 -0.268036
vn 0.996131 0.012465 -0.086989
vn 0.906608 -0.084955 -0.413333
vn 0.943141 -0.017695 -0.331921
vn 0.985137 0.106641 -0.13466
vn 0.983738 -0.032816 -0.176587
vn 0.983184 -0.042453 -0.177616
vn 0.926828 -0.041392 -0.373198
vn 0.97584 -0.046247 -0.213535
vn 0.971205 -0.146243 -0.188077
vn 0.99035 -0.100701 -0.095217
vn 0.997996 -0.003817 -0.063166
vn 0.995507 -0.072311 -0.061128
vn 0.944039 -0.021032 -0.329162
vn 0.961117 -0.122638 -0.247415
vn 0.997133 -0.068821 -0.031448
vn 0.995626 -0.042363 -0.083274
vn 0.989494 -0.096684 -0.107488
vn 0.97647 -0.197415 -0.086802
vn 0.996435 -0.010555 -0.083702
vn 0.999137 0.020964 -0.035856
vn 0.98721 -0.114337 -0.111102
vn 0.994667 -0.005773 -0.102977
vn 0.997404 -0.048705 -0.05303
vn 0.997513 -0.052423 -0.047112
vn 0.986301 -0.051089 -0.156845
vn 0.995 -0.040117 -0.091462
vn 0.998473 -0.032486 -0.044681
vn 0.997734 -0.044465 -0.050497
vn 0.996951 -0.048215 -0.061355
vn 0.913331 0.00329 -0.407205
vn 0.99702 -0.040434 -0.065698
vn 0.997053 -0.034953 -0.068285
vn 0.990115 -0.057519 -0.127923
vn 0.994139 -0.017901 -0.106614
vn 0.997011 -0.0002 -0.077259
vn 0.968339 -0.24021 -0.067963
vn 0.941281 -0.231998 -0.245291
vn 0.995084 -0.095916 -0.024671
vn 0.990534 -0.137238 -0.00269
vn 0.981611 -0.187867 -0.033844
vn 0.985738 -0.075916 -0.150193
vn 0.997621 -0.013107 -0.067688
vn 0.911671 0.023118 -0.410269
vn 0.997597 -0.017403 -0.067064
vn 0.988413 -0.026219 -0.149505
vn 0.987817 -0.076157 -0.135714
vn 0.94856 -0.025965 -0.315532
vn 0.681886 0.019685 -0.731194
vn 0.89641 -0.11201 -0.428839
vn 0.536883 -0.833866 -0.128154
vn 0.772992 -0.625553 0.105672
vn 0.886665 -0.018902 -0.462026
vn 0.923167 0.126499 -0.362989
vn 0.699458 0.051816 -0.712793
vn 0.935272 -0.048273 -0.350623
vn 0.979519 -0.167294 -0.112049
vn 0.992809 -0.033755 -0.114855
vn 0.976772 0.039354 -0.210635
vn 0.992549 -0.021584 -0.119917
vn 0.949287 -0.077262 0.304771
vn 0.977671 -0.187543 -0.094804
vn 0.984712 0.069845 -0.159574
vn -0.158815 0.339947 0.926938
vn 0.158815 -0.339947 -0.926938
vn 0.986716 0.064774 -0.148983
vn 0.977086 0.04357 -0.208336
vn 0.996698 -0.077722 -0.023503
vn 0.966354 0.108442 -0.23324
vn 0.995106 0.084982 0.050414
vn 0.994008 0.080229 -0.074239
vn 0.987039 0.159599 -0.016782
vn 0.989511 0.14142 -0.029476
vn 0.974646 0.035033 -0.220992
vn 0.976358 0.191912 -0.099473
vn 0.998231 0.042987 0.041081
vn 0.981815 -0.181528 -0.055565
vn 0.984207 -0.152182 0.090433
vn -0.386416 -0.807372 0.445907
vn 0.679698 -0.721166 -0.133907
vn 0.752038 -0.651269 -0.101421
vn 0.749501 -0.661852 -0.014189
vn 0.805945 -0.573501 0.146799
vn 0.988093 0.109364 0.108216
vn 0.8827 0.223761 -0.413245
vn 0.691404 -0.453471 -0.562428
vn 0.875608 -0.481751 0.035025
vn 0.853188 -0.261062 -0.451572
vn 0.96089 -0.261494 -0.091168
vn 0.3953 -0.776715 -0.490359
vn 0.991323 -0.019294 -0.130026
vn 0.97663 -0.097217 0.191684
vn 0.985983 -0.080105 -0.14636
vn 0.993613 -0.086998 -0.07186
vn 0.997467 -0.063757 -0.031523
vn 0.994895 -0.057589 -0.082872
vn 0.995652 -0.033672 -0.086855
vn 0.997698 -0.003762 0.067706
vn 0.997463 -0.021185 -0.067968
vn 0.997769 -0.025966 -0.061505
vn 0.993162 -0.012106 -0.116114
vn 0.990653 -0.084146 -0.107359
vn 0.998651 0.047569 -0.02081
vn 0.644626 -0.016531 -0.764319
vn 0.945795 -0.25321 -0.20336
vn 0.922338 -0.15462 -0.354097
vn 0.999039 -0.007663 -0.043161
vn 0.953452 0.262593 -0.148236
vn 0.978132 -0.164823 -0.126851
vn 0.985236 -0.017097 -0.170348
vn 0.988641 0.013096 -0.149727
vn 0.975433 -0.120764 -0.184249
vn 0.972066 0.231462 0.038895
vn 0.97971 -0.080903 -0.183365
vn 0.994986 -0.08613 -0.050838
vn 0.846763 -0.517724 0.12229
vn 0.994925 -0.077454 0.064225
vn 0.994025 -0.068055 0.085342
vn 0.992583 -0.078271 0.09302
vn 0.978464 0.022549 0.20518
vn 0.897052 -0.196196 0.395987
vn 0.996263 -0.063867 0.058141
vn 0.926707 -0.205475 0.314633
vn 0.926238 0.347679 -0.145613
vn 0.992158 -0.10497 -0.067851
vn 0.901223 0.281513 -0.329467
vn 0.980959 0.020793 -0.193098
vn 0.994286 -0.068039 -0.082251
vn 0.994246 -0.078429 -0.072964
vn 0.87067 0.358642 0.336616
vn 0.312799 -0.849694 0.424472
vn 0.773864 0.076142 -0.628759
vn 0.993135 -0.054039 -0.103748
vn 0.988971 -0.131726 0.067714
vn 0.994437 -0.003264 0.105285
vn 0.922475 0.358377 -0.143552
vn 0.989572 0.101476 0.102223
vn 0.993145 -0.082224 -0.083085
vn 0.995083 -0.085094 -0.050677
vn 0.993188 -0.040864 -0.109126
vn 0.994855 -0.036111 -0.094657
vn 0.994605 -0.080111 -0.065896
vn 0.997362 -0.068613 -0.023676
vn 0.91785 -0.068679 -0.39094
vn 0.992285 -0.077907 -0.096437
vn 0.94477 -0.037621 -0.325567
vn 0.432875 -0.078386 -0.898039
vn 0.996477 -0.061365 -0.057175
vn 0.997332 -0.00101 -0.072991
vn 0.842825 -0.072261 -0.533314
vn 0.672129 -0.070999 -0.737022
vn 0.677901 -0.059078 -0.732776
vn 0.635529 0.006871 -0.772046
vn 0.688347 -0.357705 -0.631051
vn 0.653952 -0.150419 -0.741432
vn 0.659698 -0.039464 -0.750494
vn 0.582394 -0.035591 -0.812127
vn 0.920849 0.040077 -0.387854
vn 0.615223 -0.062869 -0.785843
vn 0.769432 0.568414 -0.291341
vn 0.601583 0.025349 -0.798408
vn 0.908564 -0.072204 -0.411459
vn 0.970192 -0.150317 -0.190087
vn 0.992389 -0.109359 0.056611
vn 0.712127 0.000532 -0.70205
vn 0.897339 0.060247 -0.43721
vn 0.788167 0.599775 0.138067
vn 0.725785 -0.168255 0.667028
vn 0.755597 -0.015491 -0.654854
vn 0.661942 0.057943 -0.747312
vn 0.769973 -0.0963 -0.630767
vn 0.885787 0.09186 -0.45491
vn 0.99484 -0.093076 0.040368
vn 0.985163 -0.126905 0.115535
vn 0.18352 -0.25878 -0.948342
vn 0.984036 0.118889 -0.13243
vn 0.949166 0.242184 -0.201074
vn 0.993632 -0.087079 -0.071504
vn 0.522872 0.254207 -0.813624
vn 0.593328 0.046657 -0.803608
vn 0.702875 -0.030247 -0.71067
vn 0.802912 -0.113536 -0.585185
vn 0.598055 -0.801259 -0.017731
vn 0.888493 0.311645 0.336835
vn 0.756775 -0.236787 -0.609281
vn 0.652096 0.597056 -0.467221
vn 0.602277 -0.012574 -0.798188
vn 0.565789 -0.105739 -0.817742
vn 0.671173 -0.085279 -0.736379
vn 0.675004 -0.112793 -0.729141
vn 0.680645 -0.066176 -0.729619
vn 0.956678 -0.189787 -0.220788
vn 0.625112 -0.0279 -0.780036
vn 0.737471 -0.099015 -0.668081
vn 0.683806 -0.057636 -0.727383
vn 0.796446 0.154112 -0.584742
vn 0.637152 -0.027417 -0.77025
vn 0.70416 -0.199878 -0.681327
vn 0.990283 0.003127 -0.139031
vn 0.624283 -0.072888 -0.77779
vn 0.681593 0.012324 -0.731628
vn 0.699594 0.175552 -0.69264
vn 0.696227 -0.025861 -0.717356
vn 0.630799 -0.062546 -0.773421
vn 0.341099 -0.14743 -0.928394
vn 0.706791 -0.025431 -0.706965
vn 0.95038 -0.300765 0.079481
vn 0.798102 0.000119 -0.602522
vn 0.706902 -0.12519 -0.696144
vn 0.734617 -0.012952 -0.678359
vn 0.765599 0.057609 -0.640733
vn 0.638344 -0.104604 -0.76261
vn 0.760702 -0.129215 -0.636111
vn 0.641525 -0.056247 -0.765037
vn 0.822453 -0.529864 -0.20692
vn 0.79794 0.001331 -0.602735
vn 0.919939 -0.179764 -0.348422
vn 0.740003 -0.092431 -0.666223
vn 0.957464 -0.041077 0.285613
vn 0.927204 -0.219917 0.303198
vn 0.995835 -0.088893 -0.020243
vn 0.993212 -0.069971 -0.092924
vn 0.996046 -0.087418 -0.015818
vn 0.909943 -0.362119 -0.202171
vn 0.998296 0.047192 -0.034332
vn 0.930214 0.092291 -0.355224
vn 0.715486 -0.118299 -0.688539
vn 0.990823 -0.063042 -0.119562
vn 0.999805 0.00809 -0.018014
vn 0.998904 0.000126 -0.046812
vn 0.984552 -0.049824 -0.167853
vn 0.992448 -0.020316 -0.12097
vn 0.986296 -0.124503 -0.108259
vn 0.976379 -0.147523 -0.157863
vn 0.998663 0.00211 -0.051659
vn 0.934049 -0.151613 -0.323368
vn 0.952879 0.165704 -0.254094
vn 0.955976 -0.199427 -0.215264
vn 0.999983 0.001747 -0.005588
vn 0.938499 0.332626 -0.092629
vn 0.745737 0.032137 -0.665465
vn 0.72136 -0.104866 -0.684575
vn 0.957166 -0.130006 -0.258713
vn 0.938921 -0.2554 -0.230648
vn 0.941827 -0.167996 -0.291101
vn 0.909671 -0.299723 -0.287514
vn 0.842376 -0.534442 0.0691
vn 0.736916 -0.080005 0.671233
vn 0.700703 -0.173522 0.69203
vn 0.810836 -0.083508 0.579285
vn 0.770367 -0.065926 0.634184
vn 0.738463 0.00097 0.674293
vn 0.773907 -0.036087 0.63227
vn 0.666914 -0.087717 0.739954
vn 0.758392 -0.007207 0.651758
vn 0.724454 -0.026156 0.688826
vn 0.758442 -0.051702 0.649687
vn 0.752518 -0.074847 0.654305
vn 0.782412 -0.095444 0.615404
vn 0.637541 -0.260775 0.72494
vn 0.721566 0.084196 0.687207
vn 0.548491 -0.113521 0.828415
vn 0.856073 -0.097322 0.507609
vn 0.828553 -0.024877 0.559357
vn 0.820089 -0.044348 0.570514
vn 0.792625 -0.034694 0.608721
vn 0.816859 -0.161281 0.553832
vn 0.828453 -0.023815 0.559552
vn 0.831904 -0.07867 0.549315
vn 0.954097 -0.201094 0.221945
vn 0.849054 -0.099161 0.518916
vn 0.650909 0.028399 0.758624
vn 0.812551 -0.209353 0.543997
vn 0.83741 -0.06177 0.543074
vn 0.782913 -0.080432 0.61691
vn 0.7729 -0.105241 0.62574
vn 0.816177 -0.040634 0.576371
vn 0.688336 -0.017218 0.725188
vn 0.786911 -0.090365 0.610414
vn 0.715122 0.024773 0.69856
vn 0.831753 -0.193385 0.520374
vn 0.714323 0.026859 0.699301
vn 0.803989 -0.296769 0.515296
vn 0.805814 -0.279711 0.521945
vn 0.590445 0.253675 0.766175
vn 0.783095 -0.097752 0.614172
vn 0.751483 -0.211755 0.624846
vn 0.704093 -0.239083 0.66865
vn 0.6535 0.108975 0.74904
vn 0.780149 -0.040366 0.624291
vn 0.844558 -0.080723 0.529344
vn 0.614797 0.176175 0.768757
vn 0.654933 -0.128881 0.744616
vn 0.62223 -0.139652 0.770278
vn 0.762615 0.003746 0.646842
vn 0.779804 -0.125921 0.613229
vn 0.735233 -0.259957 0.625983
vn 0.69354 -0.193698 0.69389
vn 0.671486 -0.097875 0.734525
vn 0.760597 -0.139517 0.634056
vn 0.746795 -0.113228 0.655345
vn 0.744612 -0.32518 0.582933
vn 0.75407 -0.140978 0.641486
vn 0.749439 0.03899 0.660924
vn 0.672342 0.003959 0.74023
vn 0.798474 -0.005079 0.602008
vn 0.791625 -0.011847 0.610892
vn 0.978695 -0.030504 0.203042
vn 0.923265 -0.042527 0.381802
vn 0.916491 0.07858 0.392262
vn 0.882099 -0.061141 0.467079
vn 0.904212 -0.071403 0.421072
vn 0.79011 -0.064374 0.609576
vn 0.788604 0.010561 0.61481
vn 0.795369 -0.012207 0.606003
vn 0.757722 0.012782 0.652452
vn 0.794684 -0.074769 0.602401
vn 0.97884 0.025814 0.202995
vn 0.922911 -0.045037 0.382369
vn 0.765342 -0.079925 0.638642
vn 0.728372 -0.065218 0.682071
vn 0.659595 0.050802 0.749903
vn 0.864628 -0.077717 0.496366
vn 0.577484 -0.304095 0.757653
vn 0.710392 -0.073213 0.699988
vn 0.878417 -0.026843 0.47714
vn 0.153384 0.957187 -0.245492
vn -0.753458 -0.433011 0.494775
vn 0.753458 0.433011 -0.494775
vn 0.167806 -0.388051 0.906233
vn 0.452356 -0.878991 -0.150829
vn -0.326764 -0.831463 -0.449327
vn 0.320212 0.155998 0.934414
vn 0.407903 -0.898988 0.159487
vn 0.588769 -0.802021 0.10056
vn 0.427431 -0.889412 -0.162014
vn 0.456275 -0.887992 -0.057294
vn 0.640338 -0.768028 0.009975
vn 0.973168 -0.225288 -0.04678
vn 0.972265 -0.232591 -0.024547
vn 0.955598 -0.288792 -0.058578
vn 0.957409 -0.251592 -0.14167
vn 0.948216 -0.283917 -0.142398
vn 0.827186 -0.156169 0.539791
vn 0.974468 -0.221193 -0.038536
vn 0.84249 -0.095542 -0.530171
vn 0.485196 -0.861012 -0.152459
vn 0.329347 -0.940799 -0.080178
vn 0.392572 -0.911066 0.125883
vn 0.488226 -0.865095 -0.115092
vn 0.644279 -0.263142 -0.718095
vn 0.430217 -0.895728 -0.112181
vn 0.38233 -0.824886 -0.416397
vn 0.659757 -0.064456 -0.748709
vn 0.630999 -0.116828 -0.766936
vn 0.895409 -0.010329 -0.445124
vn 0.488814 -0.770804 -0.408561
vn 0.779832 -0.619598 0.089218
vn 0.685351 -0.723251 -0.084862
vn 0.368313 -0.220308 -0.903222
vn 0.810696 -0.584919 0.025307
vn 0.376801 -0.81715 -0.436218
vn 0.784087 -0.620515 0.013017
vn 0.596416 -0.72449 0.345547
vn 0.738907 -0.434541 -0.514966
vn 0.658115 -0.752027 -0.036618
vn 0.307903 -0.913879 -0.264613
vn 0.477066 -0.787685 -0.38982
vn 0.585977 -0.178107 -0.790512
vn -0.512921 -0.349536 -0.784051
vn 0.264771 -0.923502 -0.27756
vn 0.695028 -0.064368 -0.716096
vn 0.409145 -0.817162 -0.406014
vn 0.493122 -0.495776 -0.714868
vn 0.855613 -0.23252 -0.462451
vn 0.642088 -0.307674 -0.702182
vn 0.675011 -0.210027 -0.707283
vn 0.218288 -0.919327 -0.327396
vn 0.50083 -0.838723 -0.213806
vn 0.282065 -0.959038 0.026175
vn 0.25239 -0.86485 -0.433974
vn 0.237142 -0.970329 0.047182
vn 0.32458 -0.601368 0.730072
vn 0.425065 -0.629259 -0.650656
vn 0.331122 -0.868928 -0.367863
vn -0.043934 -0.867787 -0.49499
vn 0.087967 -0.93622 -0.340226
vn 0.903008 -0.136496 -0.407365
vn 0.492006 -0.625382 -0.605663
vn 0.365777 -0.924625 -0.106187
vn 0.398344 -0.610544 -0.684513
vn -0.000495 -0.964015 -0.265849
vn -0.003279 -0.99868 -0.05126
vn -0.060101 -0.997038 -0.047999
vn -0.031965 -0.998178 -0.05117
vn -0.043787 -0.988847 -0.14235
vn 0.032159 -0.99751 0.062762
vn -0.006162 -0.999049 0.043162
vn -0.079123 -0.993927 -0.076476
vn -0.020077 -0.996537 -0.080688
vn 0.083334 -0.995418 0.046887
vn -0.042704 -0.997621 -0.054124
vn -0.638163 -0.259829 0.724732
vn -0.162987 -0.983256 -0.081511
vn 0.071478 -0.704576 0.70602
vn 0.120292 -0.990121 -0.072047
vn -0.015822 -0.975469 -0.219567
vn -0.061189 -0.997284 0.041003
vn -0.084839 -0.994334 -0.064052
vn -0.11049 -0.993772 0.014485
vn -0.202022 -0.978716 0.036079
vn 0.211933 -0.832956 -0.511145
vn -0.139505 -0.97714 0.160421
vn -0.087916 -0.996127 -0.001295
vn -0.256369 -0.966034 0.032451
vn -0.076873 -0.997029 -0.00488
vn 0.11603 -0.97708 0.17847
vn -0.069058 -0.997096 0.03211
vn -0.074323 -0.997018 0.020773
vn -0.098962 -0.994965 0.01583
vn -0.080597 -0.996237 0.031876
vn -0.111808 -0.992159 0.055858
vn 0.037314 -0.952091 0.303529
vn -0.127642 -0.98695 0.09817
vn -0.108381 -0.990628 -0.083128
vn -0.074195 -0.995776 0.054077
vn -0.117165 -0.991339 -0.059326
vn -0.08868 -0.990515 0.10496
vn 0.218214 -0.824141 0.522661
vn 0.215582 -0.96855 0.124242
vn 0.345729 -0.89897 -0.268933
vn 0.010478 -0.999896 0.009927
vn -0.100619 -0.993273 0.057312
vn 0.04484 -0.998922 -0.01199
vn 0.084411 -0.990558 0.108025
vn -0.089438 -0.995734 0.022677
vn -0.086228 -0.996242 0.008176
vn -0.092637 -0.995683 -0.005875
vn -0.050802 -0.996758 0.062389
vn -0.190792 -0.981613 -0.005796
vn 0.019239 -0.999386 -0.029274
vn 0.06831 -0.994551 0.078753
vn -0.073855 -0.989318 0.12568
vn 0.034941 -0.99627 0.078895
vn -0.192111 -0.98135 0.006706
vn 0.090227 -0.988689 -0.119808
vn 0.168317 -0.9254 -0.339565
vn 0.397946 -0.917335 0.011669
vn -0.074723 -0.996679 0.032362
vn 0.667605 -0.720251 -0.188528
vn 0.3738 -0.753781 -0.540451
vn -0.041194 -0.986497 -0.158512
vn -0.076955 -0.964217 -0.253699
vn 0.011717 -0.960436 -0.278255
vn -0.066315 -0.997753 -0.009547
vn -0.150376 -0.985736 -0.075573
vn 0.00841 -0.958558 -0.284773
vn -0.268407 -0.957898 0.101924
vn 0.216867 -0.971983 -0.090656
vn -0.373851 -0.924133 0.078831
vn 0.493895 -0.820841 -0.286858
vn -0.018394 -0.98724 -0.158174
vn 0.012845 -0.997717 0.066297
vn -0.084326 -0.994341 -0.064621
vn -0.010103 -0.996899 0.078041
vn 0.200618 -0.946247 -0.25371
vn -0.0929 -0.988727 -0.117425
vn -0.059735 -0.968808 -0.240503
vn -0.056906 -0.997944 -0.029482
vn -0.285547 -0.955096 0.079089
vn 0.000249 -0.998271 0.058787
vn -0.108367 -0.992223 -0.061232
vn 0.168206 -0.981161 -0.095029
vn 0.711305 -0.691224 0.127491
vn 0.061975 -0.993266 0.097885
vn -0.154295 -0.958545 -0.239552
vn -0.039802 -0.981105 -0.189339
vn 0.713157 -0.630363 -0.306674
vn 0.407968 -0.616206 -0.673685
vn 0.595627 -0.798003 -0.091752
vn -0.015215 -0.842251 -0.538872
vn 0.502213 -0.815914 -0.286472
vn 0.122986 -0.987725 -0.0963
vn 0.51637 -0.772782 -0.369012
vn 0.081278 -0.996176 -0.032036
vn -0.076554 -0.991164 -0.108318
vn 0.163535 -0.972725 -0.164508
vn -0.159186 -0.986613 0.035431
vn -0.104145 -0.994562 -0.000418
vn 0.602443 -0.676765 -0.423144
vn 0.155618 -0.949247 -0.273337
vn -0.177144 -0.983743 -0.029507
vn -0.074952 -0.968876 -0.235927
vn 0.429147 -0.891577 -0.144651
vn 0.163107 -0.972441 -0.166595
vn 0.437416 -0.680596 -0.587755
vn 0.528438 -0.844791 -0.084154
vn 0.439991 -0.825326 -0.353899
vn 0.413054 -0.804768 -0.426304
vn -0.087886 0.614301 -0.784162
vn 0.514152 -0.808079 -0.287502
vn 0.16876 -0.971363 -0.167254
vn 0.519827 -0.77076 -0.368387
vn 0.398278 -0.868489 -0.295131
vn 0.600404 -0.791736 -0.112554
vn 0.577282 -0.692818 -0.432144
vn -0.237377 -0.954102 0.182597
vn 0.325242 -0.640692 -0.695508
vn 0.499028 -0.679748 -0.537508
vn 0.456159 -0.720075 -0.522887
vn 0.54557 -0.672313 -0.500348
vn -0.093656 -0.57503 0.812754
vn 0.14836 -0.918812 -0.365751
vn 0.465613 -0.681222 -0.564926
vn 0.434261 -0.692402 -0.576191
vn 0.89987 -0.321011 -0.295274
vn 0.262263 -0.92448 -0.276687
vn 0.098317 0.407528 -0.907885
vn 0.560567 -0.807246 -0.184713
vn 0.574796 -0.80815 -0.128462
vn 0.189957 -0.981092 -0.03707
vn 0.424528 -0.90541 -0.002903
vn 0.408656 -0.77617 -0.480166
vn 0.53007 -0.832508 -0.161112
vn 0.454411 -0.890755 0.008189
vn 0.661303 -0.748765 -0.045042
vn 0.660455 -0.747707 -0.068798
vn 0.030372 -0.997496 -0.06387
vn 0.096999 -0.980406 0.171452
vn 0.220546 -0.901435 -0.372524
vn -0.041671 -0.998257 -0.041802
vn 0.052894 -0.998423 -0.018796
vn 0.021604 -0.995113 0.096348
vn -0.03089 -0.994334 0.101713
vn -0.035438 -0.995517 0.087697
vn -0.13996 -0.989755 -0.02823
vn -0.054231 -0.998528 -0.000433
vn -0.082015 -0.996612 0.006193
vn 0.058087 -0.998192 0.015479
vn -0.202988 -0.975588 0.083812
vn 0.062837 -0.998021 -0.002182
vn 0.011152 -0.999852 0.013126
vn 0.035468 -0.992486 -0.117107
vn 0.438903 -0.897368 -0.045778
vn 0.062984 -0.997328 -0.037002
vn 0.17362 -0.979541 -0.101764
vn 0.253745 -0.966775 0.030978
vn -0.0995 -0.989226 0.10739
vn 0.464143 -0.885749 0.004434
vn 0.252522 -0.967074 0.031643
vn 0.629229 -0.757117 -0.175623
vn 0.470448 -0.879902 0.066715
vn 0.585063 -0.810882 -0.013078
vn 0.213215 -0.976231 0.03888
vn -0.180509 -0.964731 -0.191599
vn -0.007964 -0.996327 -0.085256
vn -0.055719 -0.989972 -0.129812
vn 0.250086 -0.966886 0.050873
vn -0.094135 -0.974093 0.205626
vn -0.020719 -0.998357 0.053422
vn -0.040006 -0.997326 -0.061162
vn -0.056631 -0.993304 0.100695
vn -0.047603 -0.998609 0.022664
vn -0.021922 -0.999681 0.012553
vn -0.059583 -0.997481 0.038497
vn -0.086267 -0.996047 -0.021178
vn -0.136391 -0.990375 0.023561
vn 0.077028 -0.976652 -0.200541
vn -0.283729 -0.956123 -0.072987
vn -0.030999 -0.998706 0.040324
vn 0.110502 -0.993858 -0.005948
vn -0.170227 -0.958269 -0.229658
vn -0.003333 -0.997834 -0.065698
vn -0.101389 -0.992551 -0.067552
vn -0.05599 -0.993267 0.101416
vn -0.038914 -0.993642 0.105642
vn -0.116994 -0.992911 0.020999
vn -0.082956 -0.996191 0.026849
vn -0.015766 -0.999479 -0.028172
vn -0.160441 -0.986479 0.03343
vn -0.208199 -0.977656 -0.029021
vn -0.193031 -0.981092 0.014057
vn -0.042588 -0.998663 0.029303
vn -0.119514 -0.992579 -0.022447
vn -0.074903 -0.989937 0.120059
vn -0.071058 -0.997158 0.025021
vn -0.036425 -0.99932 -0.005729
vn 0.000971 -0.999993 0.003503
vn -0.188828 -0.976911 0.099943
vn -0.036628 -0.99494 0.093552
vn -0.385987 -0.872047 0.300913
vn -0.089402 -0.995519 0.030801
vn -0.003642 -0.999893 0.014161
vn -0.023573 -0.999614 0.014731
vn 0.093298 -0.995345 -0.024161
vn 0.662984 -0.532131 0.526583
vn -0.123635 -0.992323 0.003191
vn -0.050297 -0.996464 -0.067307
vn -0.071911 -0.990624 -0.116162
vn -0.077685 -0.994495 -0.070315
vn -0.104859 -0.994364 0.015663
vn -0.022928 -0.999502 -0.021671
vn -0.051983 -0.998136 0.031976
vn 0.044884 -0.997121 0.06112
vn 0.813282 -0.164315 0.558188
vn 0.463284 -0.883055 0.074713
vn 0.411296 -0.861809 0.296851
vn 0.237429 -0.907171 0.347373
vn 0.603961 -0.305401 0.73618
vn 0.204182 -0.916208 0.34478
vn 0.514403 -0.824127 0.237076
vn 0.45716 -0.670521 0.5843
vn 0.754793 -0.632924 0.172321
vn 0.46222 -0.674986 0.575106
vn 0.516492 -0.708521 0.480868
vn 0.781541 -0.091298 0.617137
vn 0.826984 -0.304174 0.472837
vn 0.720876 -0.455202 0.522617
vn 0.760123 -0.430618 0.486602
vn 0.79826 -0.06791 0.598472
vn -0.035631 -0.999211 -0.017548
vn 0.49541 -0.697535 -0.517699
vn 0.49711 -0.837509 0.226849
vn 0.480667 -0.857682 0.182595
vn 0.123988 -0.923745 0.362383
vn 0.225597 -0.90944 0.349321
vn 0.487844 -0.858242 0.159465
vn 0.358466 -0.864079 0.353368
vn 0.359217 -0.708361 0.607608
vn 0.408264 -0.717264 0.564671
vn 0.69886 -0.526846 0.483763
vn 0.08204 -0.922376 0.377481
vn -0.028476 -0.92196 0.386237
vn 0.212465 -0.910114 0.355739
vn 0.360344 -0.830674 0.42442
vn 0.38208 -0.880366 0.281018
vn 0.425089 -0.883701 0.195886
vn 0.428463 -0.898519 0.09531
vn -0.992375 -0.122924 0.008981
vn 0.992375 0.122924 -0.008981
vn 0.333014 -0.879022 0.341207
vn 0.316826 -0.829893 0.459238
vn 0.313842 -0.832307 0.456912
vn 0.165107 -0.910584 0.378914
vn 0.197348 -0.943293 0.26693
vn 0.536439 0.682689 0.496154
vn -0.536439 -0.682689 -0.496154
vn 0.359041 -0.851322 0.382546
vn 0.42498 -0.851429 0.307344
vn 0.285257 -0.921215 0.264558
vn 0.459211 -0.880033 -0.121103
vn 0.37892 -0.851456 0.36255
vn 0.321797 -0.796238 0.512301
vn 0.382422 -0.90138 0.203145
vn 0.359132 -0.887903 0.287494
vn -0.019737 -0.910745 0.412497
vn 0.440107 -0.819315 0.367463
vn 0.22639 -0.935903 0.269875
vn 0.065515 -0.994856 0.077258
vn 0.271555 -0.926783 0.259483
vn -0.17563 -0.983966 -0.031058
vn -0.039835 -0.86001 0.508721
vn 0.221755 -0.947334 0.231046
vn 0.476559 -0.856571 0.197934
vn 0.229776 -0.824277 0.517465
vn 0.334703 -0.886818 0.318635
vn 0.284606 -0.921204 0.265296
vn 0.083361 -0.995655 0.041498
vn 0.036576 -0.983644 0.176369
vn 0.060398 -0.994995 0.079606
vn 0.054205 -0.998183 0.026308
vn -0.062511 -0.996143 -0.061576
vn -0.278111 -0.959316 -0.048659
vn 0.467318 -0.876374 0.116541
vn -0.117185 -0.992977 0.01626
vn 0.459099 -0.846704 0.268923
vn -0.278847 -0.944986 0.171015
vn 0.214379 -0.966561 0.14072
vn 0.23013 -0.962499 0.143648
vn 0.327388 -0.895883 0.300351
vn -0.002124 -0.999604 0.02805
vn 0.366017 -0.870461 0.329136
vn 0.015472 -0.99971 -0.018461
vn 0.166406 -0.948546 0.269388
vn -0.065033 -0.990718 -0.119363
vn -0.099409 -0.98336 -0.152055
vn -0.114912 -0.987983 -0.103364
vn 0.103386 -0.985526 0.134352
vn 0.017146 -0.999707 -0.017095
vn -0.001584 -0.995636 0.09331
vn -0.089072 -0.995961 -0.011344
vn -0.171496 -0.983079 -0.064386
vn 0.301148 -0.896883 0.3239
vn 0.218014 -0.927155 0.304718
vn 0.070066 -0.993273 -0.09219
vn 0.015693 -0.999599 0.023576
vn 0.096054 -0.969198 0.226779
vn 0.294355 -0.263931 0.918529
vn -0.08089 -0.996723 -0.000808
vn -0.377356 -0.643387 0.666075
vn -0.144763 -0.984349 -0.100502
vn 0.158985 -0.898484 0.409207
vn -0.105546 -0.993935 0.030874
vn -0.087057 -0.993871 -0.06813
vn 0.481685 -0.837966 0.256501
vn -0.157028 -0.984087 -0.083162
vn -0.171739 -0.983453 -0.057673
vn -0.100073 -0.994899 0.012708
vn 0.024406 -0.991887 0.124759
vn 0.062605 -0.997774 -0.022975
vn -0.043104 -0.991578 -0.122126
vn -0.157632 -0.964395 -0.212354
vn 0.1276 -0.988675 -0.078995
vn 0.272367 -0.764399 -0.584389
vn -0.085438 -0.996127 -0.020764
vn 0.379234 -0.924329 0.042401
vn -0.675476 -0.70724 -0.208671
vn 0.208932 -0.94248 0.26092
vn 0.185299 -0.925275 0.330954
vn -0.046465 -0.902385 0.428418
vn 0.127477 -0.989607 -0.066537
vn 0.189122 -0.935746 0.297677
vn 0.621748 -0.780501 0.065178
vn -0.191622 -0.980989 -0.030698
vn 0.234783 -0.966356 0.10504
vn -0.114635 -0.992278 -0.047363
vn 0.090125 -0.992632 -0.080989
vn -0.094629 -0.994552 -0.043713
vn 0.3559 -0.76344 0.538975
vn 0.297528 -0.90209 0.312586
vn 0.239506 -0.909107 0.340826
vn -0.16228 -0.984631 -0.064557
vn -0.087538 -0.993861 -0.067657
vn 0.124249 -0.992245 -0.00346
vn 0.036275 -0.998891 -0.030024
vn 0.005557 -0.999271 0.037758
vn -0.070597 -0.994503 0.077325
vn 0.015527 -0.999477 -0.028359
vn -0.047757 -0.998221 -0.035683
vn -0.196416 -0.97844 -0.063841
vn -0.095831 -0.983104 -0.155956
vn 0.018104 -0.999206 0.035501
vn 0.03497 -0.998464 -0.042972
vn -0.065865 -0.995973 -0.060821
vn -0.148571 -0.986484 -0.069113
vn -0.073519 -0.996864 -0.02927
vn -0.097467 -0.977654 -0.186258
vn -0.065396 -0.990728 -0.119086
vn 0.046283 -0.97075 0.235589
vn -0.068684 -0.921474 0.382318
vn 0.048162 -0.994148 0.096698
vn -0.070508 -0.997508 -0.002566
vn 0.040874 -0.997988 -0.048474
vn 0.013371 -0.999419 -0.031335
vn 0.51509 -0.854664 0.065051
vn -0.021367 -0.997957 0.060207
vn -0.510507 -0.793179 0.332039
vn -0.037196 -0.999211 0.013901
vn 0.07243 -0.9949 -0.070195
vn -0.074603 -0.996326 -0.042063
vn -0.019199 -0.996076 -0.08639
vn 0.206957 -0.966044 0.154685
vn -0.130313 -0.988224 -0.080199
vn -0.030995 -0.998176 0.051816
vn 0.031863 -0.995435 0.089961
vn 0.024457 -0.999521 0.018973
vn -0.121244 -0.992141 -0.030924
vn -0.035884 -0.948948 -0.313384
vn -0.069732 -0.989906 -0.123382
vn -0.105401 -0.994345 -0.012945
vn -0.108561 -0.993981 -0.014688
vn -0.078619 -0.988631 -0.128172
vn 0.031762 -0.995657 0.087515
vn -0.275905 0.669297 0.689867
f 45//1 47//1 46//1 
f 75//2 77//2 76//2 
f 119//3 121//3 120//3 
f 120//4 121//4 122//4 
f 122//5 119//5 120//5 
f 879//6 19//6 903//6 
f 153//7 155//7 154//7 
f 167//8 171//8 132//8 
f 894//9 979//9 905//9 
f 181//10 183//10 182//10 
f 182//11 1145//11 181//11 
f 1093//12 203//12 202//12 
f 207//13 209//13 208//13 
f 232//14 1254//14 233//14 
f 1883//15 240//15 241//15 
f 378//16 2291//16 379//16 
f 3194//17 437//17 436//17 
f 436//18 437//18 3194//18 
f 494//19 496//19 495//19 
f 507//20 509//20 508//20 
f 237//21 1258//21 1331//21 
f 560//22 562//22 561//22 
f 73//23 596//23 2783//23 
f 643//24 645//24 644//24 
f 651//25 653//25 652//25 
f 2867//26 655//26 654//26 
f 670//27 490//27 491//27 
f 704//28 706//28 705//28 
f 706//29 704//29 707//29 
f 707//30 704//30 705//30 
f 5//31 3363//31 3344//31 
f 778//32 780//32 779//32 
f 993//33 128//33 152//33 
f 38//34 39//34 962//34 
f 1123//35 816//35 815//35 
f 817//36 819//36 818//36 
f 312//37 1123//37 1107//37 
f 851//38 853//38 852//38 
f 2714//39 867//39 2729//39 
f 148//40 114//40 911//40 
f 164//41 875//41 921//41 
f 905//42 878//42 129//42 
f 884//43 886//43 885//43 
f 128//44 136//44 932//44 
f 163//45 875//45 164//45 
f 901//46 114//46 116//46 
f 921//47 163//47 164//47 
f 117//48 873//48 868//48 
f 901//49 889//49 114//49 
f 911//50 30//50 148//50 
f 878//51 894//51 129//51 
f 905//52 979//52 559//52 
f 906//53 908//53 907//53 
f 907//54 908//54 909//54 
f 909//55 906//55 907//55 
f 908//56 906//56 910//56 
f 910//57 906//57 909//57 
f 909//58 908//58 910//58 
f 149//59 905//59 19//59 
f 887//60 904//60 138//60 
f 19//61 905//61 559//61 
f 19//62 559//62 903//62 
f 150//63 143//63 127//63 
f 921//64 1067//64 169//64 
f 150//65 134//65 143//65 
f 911//66 114//66 113//66 
f 19//67 879//67 896//67 
f 113//68 114//68 889//68 
f 117//69 877//69 873//69 
f 888//70 913//70 22//70 
f 912//71 22//71 913//71 
f 896//72 149//72 19//72 
f 22//73 912//73 888//73 
f 914//74 916//74 915//74 
f 1067//75 893//75 169//75 
f 893//76 1067//76 875//76 
f 143//77 134//77 137//77 
f 919//78 127//78 143//78 
f 920//79 1071//79 917//79 
f 143//80 137//80 115//80 
f 875//81 1067//81 921//81 
f 994//82 138//82 904//82 
f 919//83 143//83 115//83 
f 134//84 125//84 137//84 
f 137//85 125//85 115//85 
f 126//86 918//86 922//86 
f 161//87 926//87 158//87 
f 161//88 158//88 170//88 
f 935//89 155//89 936//89 
f 154//90 935//90 153//90 
f 178//91 940//91 177//91 
f 177//92 940//92 178//92 
f 905//93 129//93 894//93 
f 946//94 204//94 151//94 
f 131//95 974//95 947//95 
f 806//96 941//96 159//96 
f 940//97 178//97 930//97 
f 178//98 940//98 930//98 
f 951//99 984//99 156//99 
f 952//100 152//100 128//100 
f 953//101 955//101 954//101 
f 196//102 974//102 956//102 
f 956//103 197//103 196//103 
f 166//104 197//104 956//104 
f 947//105 806//105 159//105 
f 159//106 131//106 947//106 
f 952//107 128//107 932//107 
f 131//108 159//108 974//108 
f 950//109 949//109 565//109 
f 176//110 959//110 949//110 
f 176//111 949//111 950//111 
f 41//112 1066//112 957//112 
f 958//113 880//113 157//113 
f 926//114 161//114 170//114 
f 38//115 962//115 961//115 
f 39//116 38//116 961//116 
f 936//117 153//117 935//117 
f 154//118 155//118 935//118 
f 1066//119 931//119 948//119 
f 934//120 226//120 102//120 
f 1071//121 967//121 923//121 
f 1071//122 939//122 133//122 
f 923//123 937//123 1071//123 
f 980//124 934//124 102//124 
f 895//125 979//125 894//125 
f 968//126 970//126 969//126 
f 971//127 973//127 972//127 
f 887//128 892//128 165//128 
f 942//129 165//129 964//129 
f 964//130 165//130 892//130 
f 944//131 938//131 26//131 
f 974//132 196//132 197//132 
f 942//133 162//133 165//133 
f 917//134 1071//134 937//134 
f 994//135 162//135 942//135 
f 162//136 994//136 904//136 
f 943//137 166//137 956//137 
f 975//138 977//138 976//138 
f 1056//139 559//139 882//139 
f 559//140 979//140 978//140 
f 980//141 102//141 226//141 
f 146//142 942//142 964//142 
f 904//143 887//143 162//143 
f 165//144 162//144 887//144 
f 925//145 924//145 1071//145 
f 160//146 1071//146 920//146 
f 967//147 1071//147 133//147 
f 965//148 944//148 26//148 
f 943//149 197//149 166//149 
f 938//150 944//150 963//150 
f 966//151 957//151 1066//151 
f 944//152 965//152 963//152 
f 948//153 966//153 1066//153 
f 1066//154 41//154 1207//154 
f 1207//155 931//155 1066//155 
f 167//156 132//156 123//156 
f 123//157 171//157 167//157 
f 173//158 984//158 982//158 
f 983//159 951//159 156//159 
f 984//160 983//160 156//160 
f 947//161 941//161 806//161 
f 986//162 916//162 914//162 
f 989//163 890//163 990//163 
f 1059//164 903//164 559//164 
f 559//165 978//165 882//165 
f 128//166 993//166 136//166 
f 151//167 226//167 946//167 
f 895//168 945//168 979//168 
f 979//169 945//169 882//169 
f 152//170 985//170 993//170 
f 992//171 204//171 946//171 
f 979//172 882//172 978//172 
f 995//173 997//173 996//173 
f 30//174 1043//174 23//174 
f 911//175 118//175 30//175 
f 1000//176 1002//176 1001//176 
f 140//177 998//177 139//177 
f 23//178 999//178 1003//178 
f 1003//179 1006//179 23//179 
f 148//180 30//180 23//180 
f 617//181 140//181 1026//181 
f 1009//182 1011//182 1010//182 
f 148//183 23//183 876//183 
f 114//184 148//184 116//184 
f 901//185 148//185 1012//185 
f 23//186 1006//186 1017//186 
f 876//187 1012//187 148//187 
f 4//188 874//188 1014//188 
f 874//189 881//189 18//189 
f 4//190 881//190 874//190 
f 116//191 148//191 901//191 
f 881//192 1016//192 1015//192 
f 617//193 872//193 616//193 
f 897//194 3770//194 566//194 
f 881//195 1015//195 555//195 
f 3770//196 897//196 869//196 
f 1006//197 1021//197 1017//197 
f 566//198 3770//198 870//198 
f 566//199 870//199 1018//199 
f 555//200 898//200 881//200 
f 898//201 18//201 881//201 
f 1016//202 881//202 1014//202 
f 876//203 23//203 1017//203 
f 1014//204 881//204 4//204 
f 1011//205 1009//205 1020//205 
f 1039//206 869//206 897//206 
f 566//207 1018//207 897//207 
f 1021//208 1006//208 1003//208 
f 1023//209 1025//209 1024//209 
f 1027//210 1023//210 1024//210 
f 617//211 1019//211 140//211 
f 616//212 872//212 1028//212 
f 872//213 617//213 139//213 
f 1031//214 872//214 139//214 
f 144//215 3762//215 1007//215 
f 871//216 1007//216 3762//216 
f 139//217 617//217 1026//217 
f 2950//218 1032//218 1033//218 
f 1013//219 1022//219 1008//219 
f 140//220 1019//220 998//220 
f 121//221 119//221 1034//221 
f 1034//222 119//222 122//222 
f 122//223 121//223 1034//223 
f 1026//224 140//224 139//224 
f 1019//225 616//225 1028//225 
f 869//226 1039//226 899//226 
f 897//227 1018//227 1039//227 
f 617//228 616//228 1019//228 
f 1055//229 1047//229 1036//229 
f 30//230 118//230 553//230 
f 147//231 30//231 553//231 
f 1043//232 30//232 147//232 
f 147//233 2955//233 1043//233 
f 618//234 3762//234 144//234 
f 1//235 1049//235 108//235 
f 890//236 989//236 891//236 
f 990//237 890//237 891//237 
f 2955//238 23//238 1043//238 
f 2955//239 999//239 23//239 
f 1049//240 1055//240 108//240 
f 1055//241 1049//241 1047//241 
f 882//242 945//242 1056//242 
f 994//243 942//243 1057//243 
f 1057//244 942//244 991//244 
f 981//245 942//245 146//245 
f 942//246 981//246 991//246 
f 151//247 1058//247 141//247 
f 141//248 226//248 151//248 
f 1060//249 1062//249 1061//249 
f 1063//250 151//250 204//250 
f 982//251 927//251 173//251 
f 141//252 1058//252 1063//252 
f 1058//253 151//253 1063//253 
f 1065//254 226//254 1386//254 
f 1386//255 226//255 141//255 
f 553//256 118//256 1057//256 
f 1057//257 991//257 553//257 
f 559//258 1056//258 1059//258 
f 927//259 984//259 173//259 
f 117//260 868//260 877//260 
f 1068//261 1070//261 1069//261 
f 133//262 939//262 924//262 
f 939//263 1071//263 924//263 
f 160//264 925//264 1071//264 
f 155//265 153//265 936//265 
f 985//266 152//266 952//266 
f 1187//267 326//267 1138//267 
f 1094//268 210//268 205//268 
f 1130//269 1090//269 1076//269 
f 1092//270 1130//270 1076//270 
f 1098//271 1095//271 1105//271 
f 1097//272 1098//272 1105//272 
f 1095//273 1098//273 1077//273 
f 189//274 194//274 1099//274 
f 1171//275 1095//275 1077//275 
f 1096//276 189//276 1099//276 
f 1100//277 194//277 189//277 
f 1096//278 820//278 189//278 
f 1105//279 1102//279 1103//279 
f 7//280 190//280 1117//280 
f 819//281 817//281 1106//281 
f 1089//282 814//282 193//282 
f 189//283 820//283 1100//283 
f 1106//284 817//284 818//284 
f 1096//285 1084//285 820//285 
f 190//286 7//286 1118//286 
f 1111//287 1113//287 1112//287 
f 1114//288 191//288 1104//288 
f 1119//289 1121//289 1120//289 
f 1109//290 190//290 1118//290 
f 820//291 1084//291 1116//291 
f 820//292 1116//292 1100//292 
f 1100//293 1116//293 1108//293 
f 190//294 1110//294 1117//294 
f 1107//295 1123//295 815//295 
f 815//296 816//296 1107//296 
f 1103//297 1102//297 1122//297 
f 1108//298 194//298 1100//298 
f 1105//299 1103//299 1122//299 
f 776//300 1746//300 321//300 
f 188//301 1129//301 1748//301 
f 321//302 1078//302 1169//302 
f 174//303 1170//303 1130//303 
f 1146//304 186//304 206//304 
f 198//305 1146//305 206//305 
f 1133//306 1144//306 1134//306 
f 1134//307 1144//307 1151//307 
f 1145//308 183//308 181//308 
f 321//309 1746//309 1132//309 
f 1127//310 1147//310 99//310 
f 1134//311 1151//311 1133//311 
f 1131//312 1124//312 187//312 
f 1753//313 1128//313 184//313 
f 187//314 193//314 1131//314 
f 1078//315 321//315 1132//315 
f 1154//316 1111//316 1112//316 
f 1078//317 1132//317 1133//317 
f 1112//318 1156//318 1154//318 
f 1114//319 1157//319 191//319 
f 1113//320 1156//320 1112//320 
f 1157//321 1104//321 191//321 
f 1161//322 1163//322 1162//322 
f 1110//323 190//323 1164//323 
f 192//324 1166//324 1097//324 
f 1126//325 195//325 1125//325 
f 1113//326 1111//326 1156//326 
f 1111//327 1154//327 1156//327 
f 1109//328 1164//328 190//328 
f 1123//329 312//329 3645//329 
f 187//330 1124//330 193//330 
f 1165//331 1097//331 1083//331 
f 1077//332 1098//332 1165//332 
f 192//333 1097//333 1105//333 
f 1165//334 1098//334 1097//334 
f 195//335 1153//335 1125//335 
f 1169//336 201//336 321//336 
f 1097//337 1166//337 1083//337 
f 1105//338 1166//338 192//338 
f 776//339 321//339 201//339 
f 203//340 1081//340 202//340 
f 1172//341 1174//341 1173//341 
f 1169//342 1078//342 1178//342 
f 210//343 1094//343 1093//343 
f 1175//344 1177//344 1176//344 
f 130//345 1155//345 206//345 
f 1179//346 1181//346 1180//346 
f 1077//347 1165//347 1171//347 
f 130//348 1130//348 1092//348 
f 1130//349 1170//349 1090//349 
f 1078//350 1133//350 1178//350 
f 1155//351 1092//351 1152//351 
f 1155//352 130//352 1092//352 
f 130//353 200//353 1130//353 
f 206//354 200//354 130//354 
f 206//355 186//355 200//355 
f 1182//356 1137//356 1136//356 
f 1200//357 1216//357 212//357 
f 1184//358 207//358 208//358 
f 841//359 1186//359 1190//359 
f 202//360 1081//360 1093//360 
f 1195//361 174//361 186//361 
f 1195//362 1079//362 199//362 
f 1130//363 200//363 186//363 
f 186//364 174//364 1130//364 
f 199//365 174//365 1195//365 
f 1182//366 1136//366 175//366 
f 1189//367 174//367 1188//367 
f 210//368 1093//368 1081//368 
f 1170//369 174//369 1189//369 
f 217//370 53//370 216//370 
f 210//371 1091//371 205//371 
f 1091//372 210//372 1081//372 
f 199//373 53//373 174//373 
f 1195//374 186//374 1146//374 
f 215//375 1193//375 1194//375 
f 1082//376 1182//376 175//376 
f 1190//377 1191//377 841//377 
f 199//378 1079//378 215//378 
f 215//379 1199//379 1193//379 
f 1196//380 1198//380 1197//380 
f 175//381 1214//381 1082//381 
f 1194//382 1193//382 1199//382 
f 915//383 986//383 914//383 
f 1201//384 1203//384 1202//384 
f 928//385 949//385 959//385 
f 124//386 841//386 1207//386 
f 1074//387 218//387 219//387 
f 1188//388 174//388 217//388 
f 216//389 53//389 1204//389 
f 174//390 53//390 217//390 
f 1204//391 199//391 1183//391 
f 1204//392 53//392 199//392 
f 1183//393 1222//393 1204//393 
f 841//394 1224//394 1186//394 
f 199//395 215//395 1183//395 
f 1075//396 1224//396 841//396 
f 915//397 916//397 1206//397 
f 124//398 1075//398 841//398 
f 1205//399 949//399 928//399 
f 1207//400 841//400 1185//400 
f 916//401 986//401 1206//401 
f 1206//402 986//402 915//402 
f 1208//403 1209//403 929//403 
f 1139//404 949//404 1205//404 
f 949//405 1139//405 565//405 
f 1210//406 1212//406 1211//406 
f 1213//407 1203//407 1201//407 
f 212//408 1138//408 1200//408 
f 1200//409 1138//409 992//409 
f 1185//410 841//410 1191//410 
f 1216//411 1138//411 212//411 
f 214//412 175//412 1136//412 
f 1190//413 1186//413 1191//413 
f 207//414 1184//414 209//414 
f 1192//415 1187//415 1216//415 
f 175//416 214//416 1214//416 
f 1216//417 1187//417 1138//417 
f 1136//418 1073//418 214//418 
f 326//419 1187//419 1192//419 
f 1138//420 204//420 992//420 
f 326//421 1141//421 1138//421 
f 213//422 204//422 1138//422 
f 933//423 40//423 1225//423 
f 1225//424 40//424 185//424 
f 221//425 1225//425 960//425 
f 124//426 1218//426 1075//426 
f 218//427 1074//427 1230//427 
f 1219//428 1221//428 1220//428 
f 1223//429 1219//429 1220//429 
f 1231//430 216//430 1204//430 
f 1230//431 219//431 218//431 
f 124//432 41//432 1218//432 
f 222//433 1075//433 1218//433 
f 124//434 1207//434 41//434 
f 40//435 933//435 185//435 
f 1080//436 41//436 957//436 
f 41//437 1080//437 1218//437 
f 1225//438 1209//438 1208//438 
f 929//439 1209//439 1225//439 
f 221//440 929//440 1225//440 
f 929//441 221//441 960//441 
f 1226//442 1228//442 1227//442 
f 1227//443 1229//443 1226//443 
f 220//444 1224//444 1075//444 
f 1204//445 1222//445 1231//445 
f 220//446 1075//446 222//446 
f 1243//447 1245//447 1244//447 
f 1263//448 1248//448 1259//448 
f 6//449 531//449 1248//449 
f 1249//450 1251//450 1250//450 
f 1251//451 1252//451 1250//451 
f 1254//452 233//452 1261//452 
f 1254//453 232//453 233//453 
f 1254//454 1264//454 1253//454 
f 1265//455 1267//455 1266//455 
f 240//456 263//456 241//456 
f 1314//457 2384//457 227//457 
f 373//458 1289//458 1277//458 
f 1279//459 1281//459 1280//459 
f 6//460 1284//460 1344//460 
f 1282//461 1278//461 224//461 
f 1272//462 1268//462 1285//462 
f 31//463 537//463 1292//463 
f 1263//464 1259//464 531//464 
f 1261//465 1254//465 1253//465 
f 1253//466 1264//466 1261//466 
f 1254//467 1261//467 233//467 
f 172//468 230//468 1291//468 
f 6//469 1248//469 1263//469 
f 224//470 1327//470 1293//470 
f 1259//471 1248//471 1294//471 
f 1294//472 1248//472 1247//472 
f 1247//473 1259//473 1294//473 
f 252//474 1309//474 253//474 
f 253//475 1309//475 1295//475 
f 463//476 1330//476 224//476 
f 6//477 1263//477 1289//477 
f 1295//478 1296//478 253//478 
f 1289//479 2370//479 6//479 
f 230//480 172//480 1291//480 
f 2297//481 373//481 1277//481 
f 1284//482 6//482 2370//482 
f 463//483 224//483 1278//483 
f 1288//484 1298//484 31//484 
f 1289//485 373//485 2370//485 
f 1236//486 1282//486 224//486 
f 1277//487 1289//487 2297//487 
f 31//488 1298//488 1303//488 
f 1303//489 1301//489 31//489 
f 1311//490 1310//490 239//490 
f 241//491 227//491 1883//491 
f 11//492 1424//492 239//492 
f 11//493 239//493 1310//493 
f 1310//494 251//494 11//494 
f 241//495 1314//495 227//495 
f 547//496 1306//496 251//496 
f 1318//497 1276//497 1241//497 
f 251//498 1241//498 1276//498 
f 1424//499 1311//499 239//499 
f 262//500 1319//500 263//500 
f 2376//501 1304//501 1300//501 
f 1318//502 1241//502 1233//502 
f 1276//503 1318//503 1233//503 
f 1320//504 2376//504 1300//504 
f 1275//505 1303//505 1298//505 
f 1324//506 1326//506 1325//506 
f 1309//507 1296//507 1295//507 
f 6//508 1344//508 531//508 
f 224//509 1330//509 1327//509 
f 1236//510 224//510 1293//510 
f 1331//511 1258//511 1352//511 
f 1333//512 1335//512 1334//512 
f 31//513 1292//513 1288//513 
f 1336//514 1287//514 1286//514 
f 1262//515 1344//515 1284//515 
f 1289//516 1263//516 359//516 
f 537//517 31//517 1301//517 
f 1340//518 1342//518 1341//518 
f 1245//519 1243//519 1343//519 
f 237//520 1343//520 1243//520 
f 359//521 1263//521 531//521 
f 1349//522 1336//522 1286//522 
f 1344//523 1347//523 1428//523 
f 1351//524 1332//524 359//524 
f 1260//525 1297//525 25//525 
f 237//526 1243//526 1244//526 
f 1287//527 1349//527 1286//527 
f 237//528 1352//528 1258//528 
f 1344//529 1338//529 1347//529 
f 1344//530 1262//530 1338//530 
f 229//531 1256//531 1260//531 
f 531//532 1428//532 359//532 
f 43//533 1427//533 334//533 
f 1317//534 1304//534 2376//534 
f 253//535 1290//535 252//535 
f 1353//536 1354//536 1358//536 
f 252//537 1357//537 1309//537 
f 251//538 1310//538 1241//538 
f 1252//539 1359//539 1250//539 
f 1359//540 1249//540 1250//540 
f 1357//541 252//541 1290//541 
f 1305//542 1358//542 1354//542 
f 1290//543 253//543 1426//543 
f 1297//544 1339//544 25//544 
f 1290//545 1426//545 1357//545 
f 1305//546 1354//546 1353//546 
f 1360//547 1348//547 1312//547 
f 242//548 1387//548 1365//548 
f 1306//549 1242//549 251//549 
f 1141//550 213//550 1138//550 
f 1356//551 1313//551 251//551 
f 1370//552 1372//552 1371//552 
f 1073//553 1136//553 1072//553 
f 1374//554 1376//554 1375//554 
f 1376//555 1374//555 1378//555 
f 1368//556 1217//556 1369//556 
f 213//557 1141//557 556//557 
f 264//558 251//558 1242//558 
f 1319//559 262//559 1883//559 
f 1384//560 242//560 1365//560 
f 1389//561 204//561 213//561 
f 1217//562 581//562 1369//562 
f 251//563 1276//563 547//563 
f 522//564 547//564 539//564 
f 242//565 1384//565 1387//565 
f 1316//566 58//566 1368//566 
f 1398//567 213//567 556//567 
f 213//568 1398//568 1389//568 
f 1394//569 1400//569 1377//569 
f 24//570 1400//570 552//570 
f 1381//571 556//571 1141//571 
f 556//572 1381//572 1397//572 
f 1400//573 24//573 1239//573 
f 1377//574 1400//574 211//574 
f 1232//575 1395//575 1385//575 
f 1400//576 1401//576 552//576 
f 211//577 1400//577 1239//577 
f 1401//578 1396//578 552//578 
f 552//579 1396//579 1143//579 
f 1381//580 1141//580 1237//580 
f 1140//581 552//581 1143//581 
f 1142//582 1237//582 1141//582 
f 1142//583 1141//583 326//583 
f 1143//584 1396//584 1373//584 
f 1143//585 1373//585 1238//585 
f 1239//586 1517//586 211//586 
f 1239//587 24//587 552//587 
f 250//588 1140//588 1143//588 
f 1368//589 58//589 1217//589 
f 1299//590 1217//590 58//590 
f 58//591 1408//591 1391//591 
f 1363//592 1516//592 1405//592 
f 1405//593 1299//593 1363//593 
f 1382//594 522//594 2387//594 
f 1363//595 58//595 1391//595 
f 1364//596 1379//596 1406//596 
f 522//597 1382//597 1388//597 
f 1406//598 1393//598 1364//598 
f 1271//599 2386//599 1392//599 
f 1242//600 1356//600 264//600 
f 1377//601 211//601 1391//601 
f 1393//602 1379//602 1364//602 
f 1232//603 1385//603 1393//603 
f 1393//604 1385//604 1379//604 
f 211//605 1516//605 1391//605 
f 1363//606 1391//606 1516//606 
f 58//607 1363//607 1299//607 
f 1271//608 1392//608 1409//608 
f 1306//609 547//609 522//609 
f 1414//610 251//610 1313//610 
f 1883//611 263//611 240//611 
f 262//612 263//612 1883//612 
f 522//613 1388//613 1306//613 
f 581//614 1217//614 1411//614 
f 254//615 1217//615 1362//615 
f 1217//616 254//616 1411//616 
f 1273//617 1217//617 1366//617 
f 1362//618 1217//618 1412//618 
f 1412//619 1217//619 1273//619 
f 251//620 264//620 1356//620 
f 1299//621 1366//621 1217//621 
f 1366//622 1299//622 1405//622 
f 1405//623 1273//623 1366//623 
f 1240//624 1367//624 1361//624 
f 1367//625 1417//625 1361//625 
f 1417//626 1240//626 1361//626 
f 1423//627 11//627 245//627 
f 334//628 1337//628 43//628 
f 251//629 245//629 11//629 
f 1355//630 1440//630 229//630 
f 229//631 1260//631 25//631 
f 359//632 1428//632 366//632 
f 1355//633 229//633 25//633 
f 1492//634 366//634 1428//634 
f 531//635 1344//635 1428//635 
f 1420//636 1422//636 1421//636 
f 11//637 1423//637 1424//637 
f 1414//638 245//638 251//638 
f 1324//639 1325//639 1425//639 
f 245//640 1414//640 1423//640 
f 1418//641 229//641 1493//641 
f 229//642 1418//642 1430//642 
f 1256//643 229//643 1430//643 
f 1337//644 1427//644 43//644 
f 1432//645 1434//645 1433//645 
f 1435//646 1437//646 1436//646 
f 1416//647 1482//647 1439//647 
f 1428//648 1347//648 1350//648 
f 1429//649 25//649 1339//649 
f 1444//650 1446//650 1445//650 
f 25//651 1441//651 1440//651 
f 332//652 1456//652 1367//652 
f 1416//653 1447//653 1448//653 
f 1415//654 1410//654 1450//654 
f 332//655 1367//655 1449//655 
f 1405//656 33//656 1273//656 
f 1416//657 1438//657 1447//657 
f 1439//658 1438//658 1416//658 
f 1410//659 1415//659 1273//659 
f 1412//660 1273//660 1415//660 
f 288//661 1416//661 1448//661 
f 1450//662 1410//662 1460//662 
f 1410//663 1459//663 1460//663 
f 1413//664 1410//664 1273//664 
f 332//665 1449//665 1462//665 
f 1599//666 1454//666 336//666 
f 1456//667 332//667 1512//667 
f 1451//668 332//668 1462//668 
f 1416//669 34//669 1477//669 
f 1440//670 1355//670 25//670 
f 1464//671 1466//671 1465//671 
f 1446//672 1469//672 1445//672 
f 1432//673 1443//673 1434//673 
f 1493//674 229//674 1440//674 
f 1428//675 1350//675 1473//675 
f 1429//676 1441//676 25//676 
f 1436//677 1479//677 1435//677 
f 1482//678 1416//678 1477//678 
f 495//679 1483//679 494//679 
f 1433//680 1434//680 1443//680 
f 34//681 283//681 1477//681 
f 1422//682 1420//682 1485//682 
f 1487//683 45//683 46//683 
f 283//684 1468//684 1477//684 
f 32//685 281//685 1490//685 
f 32//686 1490//686 3391//686 
f 1494//687 1490//687 281//687 
f 287//688 291//688 34//688 
f 1500//689 278//689 1575//689 
f 46//690 47//690 1499//690 
f 1413//691 1457//691 1459//691 
f 336//692 1454//692 1501//692 
f 1273//693 289//693 1413//693 
f 289//694 1612//694 1504//694 
f 45//695 1487//695 1499//695 
f 288//696 287//696 1416//696 
f 1416//697 287//697 34//697 
f 1486//698 1451//698 1510//698 
f 1457//699 1413//699 289//699 
f 1459//700 1410//700 1413//700 
f 1499//701 47//701 45//701 
f 289//702 1273//702 1463//702 
f 1612//703 1463//703 1273//703 
f 1458//704 1542//704 1506//704 
f 1517//705 1239//705 552//705 
f 1517//706 552//706 1140//706 
f 1143//707 1238//707 1407//707 
f 1404//708 1073//708 1072//708 
f 1540//709 1140//709 250//709 
f 1140//710 1540//710 1517//710 
f 324//711 250//711 1143//711 
f 1383//712 246//712 295//712 
f 211//713 246//713 1383//713 
f 246//714 211//714 1517//714 
f 1405//715 295//715 275//715 
f 1273//716 33//716 1612//716 
f 275//717 33//717 1405//717 
f 1516//718 211//718 295//718 
f 211//719 1383//719 295//719 
f 295//720 1405//720 1516//720 
f 275//721 269//721 33//721 
f 275//722 295//722 1520//722 
f 1521//723 55//723 1143//723 
f 1521//724 1143//724 1407//724 
f 1520//725 295//725 246//725 
f 275//726 1519//726 269//726 
f 1143//727 55//727 324//727 
f 1540//728 250//728 294//728 
f 1523//729 1525//729 1524//729 
f 769//730 768//730 3513//730 
f 1526//731 769//731 3513//731 
f 246//732 1517//732 268//732 
f 56//733 246//733 268//733 
f 275//734 1520//734 1519//734 
f 1617//735 1612//735 33//735 
f 299//736 1528//736 225//736 
f 250//737 324//737 54//737 
f 1552//738 1554//738 1553//738 
f 775//739 1547//739 777//739 
f 1559//740 1558//740 1560//740 
f 299//741 1562//741 1528//741 
f 1562//742 333//742 1528//742 
f 286//743 3463//743 1556//743 
f 761//744 1532//744 402//744 
f 1532//745 1563//745 402//745 
f 1542//746 1458//746 1567//746 
f 734//747 16//747 1514//747 
f 1455//748 1568//748 292//748 
f 16//749 734//749 753//749 
f 1567//750 1511//750 1686//750 
f 302//751 1575//751 278//751 
f 302//752 278//752 265//752 
f 281//753 32//753 1573//753 
f 37//754 1490//754 1494//754 
f 729//755 700//755 1572//755 
f 32//756 308//756 1573//756 
f 1574//757 1577//757 302//757 
f 302//758 265//758 1497//758 
f 1697//759 1565//759 37//759 
f 1574//760 302//760 1497//760 
f 37//761 1494//761 1475//761 
f 1496//762 729//762 1572//762 
f 1480//763 329//763 1604//763 
f 331//764 1926//764 1480//764 
f 32//765 746//765 308//765 
f 1578//766 1572//766 700//766 
f 1573//767 308//767 1576//767 
f 1567//768 1686//768 1542//768 
f 1611//769 1486//769 1510//769 
f 1594//770 1612//770 1622//770 
f 1597//771 336//771 1598//771 
f 291//772 1597//772 1598//772 
f 336//773 1597//773 1599//773 
f 236//774 1598//774 336//774 
f 1495//775 283//775 34//775 
f 1598//776 1495//776 291//776 
f 1495//777 34//777 291//777 
f 1419//778 1780//778 1600//778 
f 1602//779 329//779 1480//779 
f 1805//780 363//780 1602//780 
f 1419//781 1600//781 1587//781 
f 338//782 1480//782 1606//782 
f 340//783 1607//783 1470//783 
f 1608//784 1492//784 1428//784 
f 363//785 1474//785 1602//785 
f 1602//786 1604//786 329//786 
f 339//787 1609//787 1603//787 
f 339//788 1603//788 1493//788 
f 1473//789 1608//789 1428//789 
f 1470//790 1257//790 340//790 
f 339//791 1493//791 1440//791 
f 339//792 1440//792 1609//792 
f 1487//793 46//793 1499//793 
f 1512//794 332//794 1451//794 
f 283//795 337//795 1468//795 
f 1477//796 1468//796 1442//796 
f 1440//797 1441//797 1601//797 
f 1451//798 1486//798 1611//798 
f 1308//799 291//799 287//799 
f 1609//800 1440//800 1601//800 
f 1605//801 1442//801 1468//801 
f 1597//802 291//802 1308//802 
f 1622//803 1612//803 1617//803 
f 1504//804 1612//804 1594//804 
f 1463//805 1612//805 289//805 
f 1618//806 289//806 1504//806 
f 1773//807 1616//807 1541//807 
f 303//808 1614//808 236//808 
f 1616//809 1773//809 304//809 
f 1519//810 1452//810 1537//810 
f 307//811 1773//811 1620//811 
f 1620//812 1773//812 1541//812 
f 1537//813 1613//813 1519//813 
f 293//814 1452//814 1519//814 
f 1501//815 1610//815 1614//815 
f 1617//816 269//816 1613//816 
f 1613//817 269//817 1519//817 
f 1501//818 1614//818 303//818 
f 1457//819 289//819 1618//819 
f 1617//820 33//820 269//820 
f 236//821 336//821 303//821 
f 336//822 1501//822 303//822 
f 1538//823 1610//823 748//823 
f 1623//824 1625//824 1624//824 
f 1538//825 1614//825 1610//825 
f 1615//826 1538//826 748//826 
f 1519//827 1520//827 246//827 
f 1136//828 1137//828 1072//828 
f 1137//829 1404//829 1072//829 
f 246//830 56//830 1519//830 
f 1540//831 268//831 1517//831 
f 293//832 1519//832 56//832 
f 293//833 1765//833 1215//833 
f 1536//834 268//834 1540//834 
f 54//835 294//835 250//835 
f 1536//836 1540//836 294//836 
f 1148//837 1736//837 323//837 
f 56//838 268//838 293//838 
f 268//839 1765//839 293//839 
f 1513//840 313//840 1631//840 
f 1631//841 313//841 1629//841 
f 1635//842 1535//842 1640//842 
f 1550//843 276//843 318//843 
f 55//844 1521//844 1626//844 
f 318//845 276//845 1150//845 
f 1523//846 1524//846 1642//846 
f 1555//847 1628//847 311//847 
f 1628//848 1633//848 1535//848 
f 1644//849 1633//849 1628//849 
f 1710//850 1645//850 1550//850 
f 1550//851 1645//851 276//851 
f 1535//852 311//852 1628//852 
f 331//853 258//853 3//853 
f 1513//854 1646//854 282//854 
f 1768//855 1677//855 1652//855 
f 1705//856 1647//856 1646//856 
f 1646//857 1655//857 1653//857 
f 261//858 1655//858 297//858 
f 313//859 1513//859 282//859 
f 319//860 297//860 1646//860 
f 1648//861 1513//861 1631//861 
f 286//862 1716//862 342//862 
f 1646//863 297//863 1655//863 
f 1650//864 261//864 297//864 
f 1654//865 1646//865 1653//865 
f 1774//866 593//866 1656//866 
f 593//867 1591//867 1656//867 
f 1656//868 1591//868 1683//868 
f 1591//869 593//869 36//869 
f 36//870 593//870 325//870 
f 325//871 1591//871 36//871 
f 50//872 49//872 305//872 
f 1657//873 1659//873 1658//873 
f 282//874 1646//874 300//874 
f 331//875 1589//875 1580//875 
f 1590//876 1920//876 256//876 
f 1576//877 308//877 1472//877 
f 256//878 1926//878 331//878 
f 331//879 1580//879 9//879 
f 331//880 9//880 256//880 
f 1926//881 256//881 1920//881 
f 9//882 1580//882 1670//882 
f 1580//883 1656//883 315//883 
f 1673//884 1675//884 1674//884 
f 1676//885 1672//885 314//885 
f 1621//886 1670//886 1580//886 
f 1679//887 1681//887 1680//887 
f 1621//888 1656//888 1683//888 
f 325//889 1515//889 1671//889 
f 236//890 1652//890 1661//890 
f 1652//891 1677//891 1661//891 
f 1671//892 1591//892 325//892 
f 1591//893 17//893 1683//893 
f 315//894 1621//894 1580//894 
f 1621//895 315//895 1656//895 
f 1685//896 1681//896 1679//896 
f 1621//897 1683//897 17//897 
f 1671//898 17//898 1591//898 
f 1678//899 1566//899 1688//899 
f 292//900 1505//900 299//900 
f 1682//901 314//901 1672//901 
f 1646//902 1647//902 319//902 
f 1646//903 35//903 1705//903 
f 1515//904 1660//904 1688//904 
f 314//905 1682//905 1649//905 
f 319//906 1650//906 297//906 
f 1689//907 1691//907 1690//907 
f 314//908 1687//908 1676//908 
f 1671//909 1515//909 1688//909 
f 1150//910 1115//910 1550//910 
f 17//911 1671//911 1688//911 
f 1564//912 17//912 1688//912 
f 1692//913 1621//913 17//913 
f 1586//914 1621//914 1696//914 
f 9//915 1668//915 256//915 
f 1542//916 1686//916 17//916 
f 1665//917 1669//917 9//917 
f 1684//918 1694//918 1496//918 
f 1697//919 37//919 1588//919 
f 1592//920 1693//920 1496//920 
f 1578//921 1592//921 1572//921 
f 1668//922 1590//922 256//922 
f 1699//923 302//923 1577//923 
f 17//924 279//924 1542//924 
f 1592//925 1496//925 1572//925 
f 1575//926 302//926 1699//926 
f 1621//927 1692//927 1698//927 
f 1686//928 1692//928 17//928 
f 1621//929 1698//929 1696//929 
f 1621//930 1586//930 1665//930 
f 1476//931 1475//931 1494//931 
f 1496//932 1700//932 729//932 
f 1694//933 1700//933 1496//933 
f 1588//934 37//934 1475//934 
f 1475//935 1476//935 1588//935 
f 1692//936 1686//936 1511//936 
f 1702//937 292//937 1568//937 
f 1687//938 314//938 1543//938 
f 1703//939 1689//939 1690//939 
f 1678//940 1688//940 1660//940 
f 1542//941 279//941 1564//941 
f 1564//942 1566//942 1542//942 
f 225//943 292//943 299//943 
f 1646//944 299//944 35//944 
f 314//945 1649//945 1529//945 
f 1705//946 1505//946 1707//946 
f 1543//947 314//947 1706//947 
f 1705//948 35//948 299//948 
f 17//949 1564//949 279//949 
f 299//950 1505//950 1705//950 
f 314//951 1529//951 1706//951 
f 1688//952 1566//952 1564//952 
f 1505//953 292//953 1702//953 
f 1505//954 1704//954 1707//954 
f 1505//955 1702//955 1704//955 
f 299//956 1715//956 1562//956 
f 3463//957 1651//957 1556//957 
f 342//958 1539//958 286//958 
f 1551//959 328//959 317//959 
f 317//960 775//960 402//960 
f 328//961 1551//961 1533//961 
f 1547//962 775//962 1533//962 
f 775//963 328//963 1533//963 
f 1550//964 296//964 1708//964 
f 1708//965 1558//965 1559//965 
f 1558//966 1708//966 296//966 
f 1558//967 296//967 1550//967 
f 1548//968 777//968 1547//968 
f 317//969 328//969 775//969 
f 1634//970 1522//970 311//970 
f 1533//971 1557//971 1547//971 
f 1708//972 1559//972 1546//972 
f 1710//973 1550//973 1708//973 
f 1711//974 402//974 1563//974 
f 1712//975 1535//975 1635//975 
f 311//976 1522//976 267//976 
f 771//977 267//977 1522//977 
f 1713//978 317//978 1714//978 
f 1714//979 317//979 402//979 
f 1716//980 1556//980 1651//980 
f 1648//981 1646//981 1513//981 
f 771//982 1555//982 311//982 
f 1711//983 1713//983 1714//983 
f 1714//984 402//984 1711//984 
f 299//985 1646//985 1648//985 
f 286//986 1556//986 1716//986 
f 1648//987 1715//987 299//987 
f 1717//988 1719//988 1718//988 
f 1718//989 1719//989 1720//989 
f 1719//990 1717//990 1720//990 
f 267//991 771//991 311//991 
f 1720//992 1717//992 1721//992 
f 1717//993 1718//993 1721//993 
f 1721//994 1718//994 1720//994 
f 1712//995 311//995 1535//995 
f 1634//996 311//996 1712//996 
f 1722//997 777//997 1548//997 
f 1640//998 1639//998 1635//998 
f 1639//999 1723//999 1635//999 
f 1535//1000 1633//1000 1640//1000 
f 1724//1001 1726//1001 1725//1001 
f 1725//1002 1726//1002 1727//1002 
f 1726//1003 1724//1003 1727//1003 
f 1550//1004 1115//1004 1637//1004 
f 1709//1005 1547//1005 1728//1005 
f 1558//1006 1550//1006 1637//1006 
f 1547//1007 1557//1007 1728//1007 
f 1548//1008 1547//1008 1709//1008 
f 1546//1009 1710//1009 1708//1009 
f 1723//1010 1639//1010 1640//1010 
f 1729//1011 1724//1011 1725//1011 
f 1724//1012 1729//1012 1727//1012 
f 1727//1013 1729//1013 1725//1013 
f 193//1014 3627//1014 1131//1014 
f 1730//1015 1638//1015 1115//1015 
f 1115//1016 1558//1016 1637//1016 
f 1730//1017 1115//1017 1636//1017 
f 1731//1018 1115//1018 1734//1018 
f 1734//1019 1115//1019 1638//1019 
f 1127//1020 99//1020 1732//1020 
f 1126//1021 1735//1021 323//1021 
f 1126//1022 323//1022 195//1022 
f 1754//1023 1737//1023 322//1023 
f 1684//1024 1496//1024 1739//1024 
f 1496//1025 1693//1025 1739//1025 
f 1740//1026 1668//1026 9//1026 
f 9//1027 1669//1027 1740//1027 
f 1550//1028 318//1028 1150//1028 
f 1246//1029 1741//1029 1772//1029 
f 9//1030 1670//1030 1742//1030 
f 1742//1031 1670//1031 1621//1031 
f 1621//1032 1665//1032 1742//1032 
f 1665//1033 9//1033 1742//1033 
f 1636//1034 1115//1034 1150//1034 
f 1150//1035 1745//1035 1636//1035 
f 1167//1036 1736//1036 1749//1036 
f 184//1037 1128//1037 1747//1037 
f 188//1038 1748//1038 1129//1038 
f 1167//1039 1153//1039 195//1039 
f 195//1040 323//1040 1736//1040 
f 1735//1041 1148//1041 323//1041 
f 1744//1042 1745//1042 1150//1042 
f 1167//1043 195//1043 1736//1043 
f 1146//1044 198//1044 1756//1044 
f 184//1045 1747//1045 1753//1045 
f 54//1046 324//1046 55//1046 
f 1135//1047 1757//1047 1758//1047 
f 1755//1048 1744//1048 1150//1048 
f 1749//1049 1736//1049 1148//1049 
f 1759//1050 1755//1050 1150//1050 
f 1759//1051 1150//1051 1643//1051 
f 1754//1052 322//1052 1750//1052 
f 1756//1053 198//1053 1752//1053 
f 1152//1054 1752//1054 198//1054 
f 1761//1055 1135//1055 1758//1055 
f 1761//1056 1758//1056 1757//1056 
f 1152//1057 198//1057 1155//1057 
f 1762//1058 1760//1058 1751//1058 
f 198//1059 206//1059 1155//1059 
f 1750//1060 322//1060 1627//1060 
f 268//1061 1536//1061 1632//1061 
f 1764//1062 1629//1062 313//1062 
f 1150//1063 1645//1063 1643//1063 
f 276//1064 1645//1064 1150//1064 
f 1555//1065 1627//1065 1628//1065 
f 1628//1066 1627//1066 1641//1066 
f 1644//1067 1628//1067 1641//1067 
f 1627//1068 1737//1068 1641//1068 
f 1737//1069 1627//1069 322//1069 
f 1750//1070 1627//1070 1763//1070 
f 1630//1071 1763//1071 1627//1071 
f 268//1072 1632//1072 1765//1072 
f 1403//1073 1764//1073 1769//1073 
f 294//1074 54//1074 1626//1074 
f 1536//1075 294//1075 1626//1075 
f 1632//1076 1536//1076 1626//1076 
f 1626//1077 54//1077 55//1077 
f 1773//1078 1654//1078 304//1078 
f 1653//1079 1655//1079 261//1079 
f 1660//1080 1515//1080 1775//1080 
f 1619//1081 290//1081 1614//1081 
f 290//1082 236//1082 1614//1082 
f 1769//1083 1773//1083 307//1083 
f 293//1084 1215//1084 1452//1084 
f 1619//1085 1544//1085 290//1085 
f 1773//1086 300//1086 1654//1086 
f 1769//1087 313//1087 1773//1087 
f 1627//1088 1555//1088 1766//1088 
f 1769//1089 307//1089 1403//1089 
f 1652//1090 236//1090 298//1090 
f 304//1091 1654//1091 1653//1091 
f 313//1092 282//1092 300//1092 
f 1769//1093 1764//1093 313//1093 
f 290//1094 1768//1094 1652//1094 
f 300//1095 1646//1095 1654//1095 
f 1652//1096 298//1096 290//1096 
f 261//1097 304//1097 1653//1097 
f 1770//1098 1515//1098 1771//1098 
f 325//1099 1771//1099 1515//1099 
f 261//1100 1650//1100 327//1100 
f 1768//1101 290//1101 1544//1101 
f 1630//1102 1627//1102 1766//1102 
f 313//1103 300//1103 1773//1103 
f 261//1104 327//1104 304//1104 
f 1770//1105 1775//1105 1515//1105 
f 50//1106 305//1106 49//1106 
f 179//1107 1595//1107 1662//1107 
f 1580//1108 1589//1108 338//1108 
f 1659//1109 1777//1109 1658//1109 
f 1595//1110 179//1110 320//1110 
f 1656//1111 1580//1111 1774//1111 
f 1774//1112 1580//1112 330//1112 
f 330//1113 1580//1113 338//1113 
f 1595//1114 320//1114 1664//1114 
f 1771//1115 325//1115 593//1115 
f 341//1116 1662//1116 1595//1116 
f 1589//1117 331//1117 3//1117 
f 1657//1118 1777//1118 1659//1118 
f 1772//1119 1767//1119 1246//1119 
f 1767//1120 1772//1120 1778//1120 
f 593//1121 1774//1121 1771//1121 
f 3//1122 258//1122 1480//1122 
f 3//1123 338//1123 1589//1123 
f 1779//1124 1598//1124 1786//1124 
f 341//1125 1595//1125 1579//1125 
f 1662//1126 341//1126 1579//1126 
f 1495//1127 1784//1127 1776//1127 
f 330//1128 338//1128 1663//1128 
f 338//1129 3//1129 1480//1129 
f 1595//1130 1664//1130 1783//1130 
f 1480//1131 1604//1131 1606//1131 
f 337//1132 1605//1132 1468//1132 
f 338//1133 340//1133 1781//1133 
f 1778//1134 1593//1134 1246//1134 
f 1495//1135 1598//1135 1596//1135 
f 1776//1136 1782//1136 1495//1136 
f 1579//1137 1595//1137 1783//1137 
f 337//1138 1495//1138 1782//1138 
f 1596//1139 1784//1139 1495//1139 
f 290//1140 298//1140 236//1140 
f 236//1141 1661//1141 1786//1141 
f 1741//1142 1246//1142 1593//1142 
f 304//1143 1785//1143 1616//1143 
f 1619//1144 1538//1144 1615//1144 
f 1538//1145 1619//1145 1614//1145 
f 1785//1146 304//1146 327//1146 
f 1246//1147 1767//1147 1778//1147 
f 1596//1148 1598//1148 1779//1148 
f 236//1149 1786//1149 1598//1149 
f 1495//1150 337//1150 283//1150 
f 1605//1151 337//1151 1782//1151 
f 1607//1152 340//1152 338//1152 
f 1780//1153 1419//1153 1587//1153 
f 338//1154 1606//1154 1607//1154 
f 1257//1155 1781//1155 340//1155 
f 1663//1156 338//1156 1787//1156 
f 338//1157 1781//1157 1787//1157 
f 280//1158 51//1158 1790//1158 
f 235//1159 383//1159 48//1159 
f 1830//1160 235//1160 48//1160 
f 384//1161 1790//1161 51//1161 
f 1790//1162 348//1162 1788//1162 
f 1790//1163 1794//1163 346//1163 
f 1790//1164 384//1164 1794//1164 
f 346//1165 348//1165 1790//1165 
f 1796//1166 1484//1166 347//1166 
f 1484//1167 1796//1167 384//1167 
f 1484//1168 384//1168 51//1168 
f 366//1169 1492//1169 1795//1169 
f 235//1170 1796//1170 347//1170 
f 1480//1171 1583//1171 1602//1171 
f 234//1172 1796//1172 235//1172 
f 1796//1173 1802//1173 180//1173 
f 1802//1174 1796//1174 234//1174 
f 348//1175 1791//1175 1481//1175 
f 1830//1176 234//1176 235//1176 
f 1842//1177 1802//1177 234//1177 
f 1794//1178 180//1178 1798//1178 
f 180//1179 1794//1179 1796//1179 
f 384//1180 1796//1180 1794//1180 
f 346//1181 1794//1181 348//1181 
f 1481//1182 1788//1182 348//1182 
f 348//1183 1794//1183 1791//1183 
f 1474//1184 363//1184 1805//1184 
f 352//1185 1849//1185 353//1185 
f 1801//1186 360//1186 354//1186 
f 352//1187 353//1187 360//1187 
f 354//1188 360//1188 353//1188 
f 1801//1189 357//1189 361//1189 
f 357//1190 1801//1190 354//1190 
f 335//1191 1801//1191 361//1191 
f 355//1192 1809//1192 356//1192 
f 356//1193 1809//1193 1811//1193 
f 353//1194 1849//1194 1815//1194 
f 1810//1195 354//1195 353//1195 
f 1815//1196 1810//1196 353//1196 
f 1816//1197 1818//1197 1817//1197 
f 1801//1198 352//1198 360//1198 
f 354//1199 1810//1199 357//1199 
f 1817//1200 1820//1200 1816//1200 
f 361//1201 357//1201 335//1201 
f 359//1202 1345//1202 1351//1202 
f 1345//1203 359//1203 1478//1203 
f 1822//1204 1821//1204 1827//1204 
f 1824//1205 1823//1205 362//1205 
f 366//1206 1825//1206 1346//1206 
f 1822//1207 1826//1207 1807//1207 
f 1807//1208 335//1208 1822//1208 
f 1798//1209 180//1209 1837//1209 
f 1431//1210 362//1210 1823//1210 
f 362//1211 1808//1211 1824//1211 
f 1346//1212 1806//1212 366//1212 
f 1826//1213 1822//1213 1827//1213 
f 1790//1214 1788//1214 1789//1214 
f 359//1215 1806//1215 1478//1215 
f 1806//1216 359//1216 366//1216 
f 1808//1217 362//1217 1834//1217 
f 1431//1218 1825//1218 362//1218 
f 1825//1219 366//1219 362//1219 
f 1795//1220 362//1220 366//1220 
f 1791//1221 1794//1221 1803//1221 
f 1797//1222 1831//1222 1791//1222 
f 1803//1223 1794//1223 1798//1223 
f 1793//1224 1833//1224 1832//1224 
f 1834//1225 362//1225 1795//1225 
f 257//1226 335//1226 1793//1226 
f 1793//1227 1832//1227 1800//1227 
f 1797//1228 1791//1228 1803//1228 
f 257//1229 1793//1229 1801//1229 
f 1833//1230 1793//1230 335//1230 
f 335//1231 1807//1231 1833//1231 
f 1801//1232 335//1232 257//1232 
f 1839//1233 1835//1233 180//1233 
f 180//1234 1835//1234 1837//1234 
f 1801//1235 1793//1235 1800//1235 
f 180//1236 1802//1236 1838//1236 
f 1839//1237 180//1237 1838//1237 
f 1836//1238 1801//1238 1800//1238 
f 349//1239 1801//1239 1836//1239 
f 1801//1240 349//1240 352//1240 
f 351//1241 349//1241 1845//1241 
f 1836//1242 1799//1242 349//1242 
f 349//1243 1841//1243 375//1243 
f 1842//1244 234//1244 1830//1244 
f 1840//1245 349//1245 1799//1245 
f 1829//1246 1842//1246 1830//1246 
f 1887//1247 1830//1247 48//1247 
f 1840//1248 1841//1248 349//1248 
f 1829//1249 1830//1249 1887//1249 
f 375//1250 63//1250 1845//1250 
f 349//1251 375//1251 1845//1251 
f 1849//1252 352//1252 351//1252 
f 1847//1253 1845//1253 1846//1253 
f 1813//1254 355//1254 356//1254 
f 352//1255 349//1255 351//1255 
f 1845//1256 1849//1256 351//1256 
f 1845//1257 1847//1257 1849//1257 
f 1846//1258 1845//1258 1848//1258 
f 457//1259 1850//1259 422//1259 
f 2009//1260 1856//1260 371//1260 
f 1857//1261 1855//1261 422//1261 
f 381//1262 371//1262 1856//1262 
f 422//1263 369//1263 473//1263 
f 1868//1264 1870//1264 1869//1264 
f 1869//1265 1870//1265 1871//1265 
f 1871//1266 1868//1266 1869//1266 
f 1874//1267 1866//1267 1876//1267 
f 1877//1268 1878//1268 63//1268 
f 63//1269 1878//1269 1866//1269 
f 88//1270 1875//1270 1872//1270 
f 1860//1271 473//1271 88//1271 
f 422//1272 1879//1272 1857//1272 
f 1879//1273 422//1273 1873//1273 
f 380//1274 88//1274 1872//1274 
f 422//1275 473//1275 1873//1275 
f 381//1276 1856//1276 1880//1276 
f 1877//1277 63//1277 1888//1277 
f 1819//1278 1872//1278 1875//1278 
f 1875//1279 1865//1279 1819//1279 
f 1860//1280 88//1280 380//1280 
f 1088//1281 1819//1281 1884//1281 
f 1088//1282 1884//1282 1792//1282 
f 1088//1283 1872//1283 1819//1283 
f 1866//1284 1878//1284 1876//1284 
f 1819//1285 1865//1285 1884//1285 
f 375//1286 1888//1286 63//1286 
f 1885//1287 378//1287 379//1287 
f 1860//1288 380//1288 1088//1288 
f 473//1289 1860//1289 376//1289 
f 1860//1290 1088//1290 1843//1290 
f 1860//1291 1843//1291 376//1291 
f 380//1292 1872//1292 1088//1292 
f 1884//1293 1882//1293 1792//1293 
f 1888//1294 375//1294 1841//1294 
f 1843//1295 1088//1295 1792//1295 
f 1882//1296 1889//1296 1792//1296 
f 376//1297 1843//1297 1889//1297 
f 383//1298 1861//1298 1887//1298 
f 1893//1299 1886//1299 1892//1299 
f 376//1300 1889//1300 1894//1300 
f 1886//1301 1887//1301 1861//1301 
f 1897//1302 383//1302 470//1302 
f 1886//1303 1893//1303 1890//1303 
f 1889//1304 1843//1304 1792//1304 
f 1890//1305 1887//1305 1886//1305 
f 381//1306 1880//1306 1867//1306 
f 1897//1307 452//1307 1886//1307 
f 1900//1308 1902//1308 1901//1308 
f 365//1309 1936//1309 1899//1309 
f 452//1310 1897//1310 343//1310 
f 1899//1311 1904//1311 1891//1311 
f 1899//1312 1891//1312 343//1312 
f 1904//1313 452//1313 1891//1313 
f 343//1314 1891//1314 452//1314 
f 1904//1315 1905//1315 452//1315 
f 1861//1316 383//1316 1897//1316 
f 1861//1317 1897//1317 1886//1317 
f 343//1318 1897//1318 1844//1318 
f 1844//1319 1897//1319 470//1319 
f 385//1320 1899//1320 343//1320 
f 383//1321 235//1321 345//1321 
f 383//1322 1887//1322 48//1322 
f 470//1323 383//1323 345//1323 
f 343//1324 1844//1324 385//1324 
f 385//1325 1844//1325 470//1325 
f 1906//1326 385//1326 470//1326 
f 1896//1327 1906//1327 470//1327 
f 1584//1328 1896//1328 470//1328 
f 347//1329 345//1329 235//1329 
f 1907//1330 345//1330 344//1330 
f 1484//1331 1743//1331 344//1331 
f 344//1332 347//1332 1484//1332 
f 470//1333 345//1333 1907//1333 
f 347//1334 344//1334 345//1334 
f 51//1335 1743//1335 1484//1335 
f 1585//1336 1790//1336 1804//1336 
f 1743//1337 1907//1337 344//1337 
f 1831//1338 1481//1338 1791//1338 
f 1790//1339 1789//1339 1804//1339 
f 1585//1340 1804//1340 1789//1340 
f 1583//1341 1480//1341 1910//1341 
f 280//1342 386//1342 1085//1342 
f 51//1343 280//1343 1085//1343 
f 51//1344 1085//1344 386//1344 
f 1585//1345 350//1345 1790//1345 
f 350//1346 386//1346 280//1346 
f 350//1347 280//1347 1790//1347 
f 51//1348 386//1348 1743//1348 
f 1915//1349 1743//1349 386//1349 
f 386//1350 350//1350 1666//1350 
f 1789//1351 1927//1351 1585//1351 
f 350//1352 1585//1352 1666//1352 
f 1590//1353 1695//1353 1920//1353 
f 1743//1354 1915//1354 1908//1354 
f 1907//1355 1908//1355 470//1355 
f 1584//1356 470//1356 1898//1356 
f 470//1357 1908//1357 1898//1357 
f 1915//1358 1898//1358 1908//1358 
f 62//1359 1915//1359 386//1359 
f 1908//1360 1907//1360 1743//1360 
f 1898//1361 1915//1361 62//1361 
f 1666//1362 1917//1362 372//1362 
f 1912//1363 62//1363 386//1363 
f 1912//1364 386//1364 1666//1364 
f 372//1365 1917//1365 1933//1365 
f 1666//1366 1585//1366 1927//1366 
f 1828//1367 1932//1367 1917//1367 
f 372//1368 1912//1368 1666//1368 
f 389//1369 1917//1369 1666//1369 
f 1666//1370 1927//1370 1909//1370 
f 1921//1371 1920//1371 1922//1371 
f 1922//1372 1920//1372 1923//1372 
f 1472//1373 308//1373 1582//1373 
f 1467//1374 1582//1374 308//1374 
f 308//1375 306//1375 1467//1375 
f 1925//1376 1582//1376 1467//1376 
f 1919//1377 1925//1377 1467//1377 
f 1920//1378 1921//1378 1924//1378 
f 258//1379 331//1379 1480//1379 
f 1926//1380 1910//1380 1480//1380 
f 1926//1381 1913//1381 1910//1381 
f 1913//1382 1926//1382 1667//1382 
f 1920//1383 1695//1383 1923//1383 
f 1924//1384 1911//1384 1920//1384 
f 1667//1385 1926//1385 1920//1385 
f 1828//1386 1917//1386 389//1386 
f 1666//1387 1909//1387 1828//1387 
f 1667//1388 1920//1388 1913//1388 
f 1920//1389 1911//1389 1913//1389 
f 1828//1390 389//1390 1666//1390 
f 736//1391 308//1391 746//1391 
f 306//1392 308//1392 736//1392 
f 3351//1393 306//1393 736//1393 
f 3351//1394 1919//1394 1467//1394 
f 1467//1395 306//1395 3351//1395 
f 1917//1396 1932//1396 388//1396 
f 388//1397 396//1397 1987//1397 
f 1933//1398 394//1398 1916//1398 
f 1917//1399 395//1399 1933//1399 
f 395//1400 388//1400 1933//1400 
f 395//1401 1917//1401 388//1401 
f 1898//1402 62//1402 382//1402 
f 372//1403 1916//1403 1935//1403 
f 1935//1404 1912//1404 372//1404 
f 372//1405 1933//1405 1916//1405 
f 1916//1406 1939//1406 1935//1406 
f 1904//1407 1899//1407 1936//1407 
f 382//1408 1912//1408 1935//1408 
f 1899//1409 1906//1409 1939//1409 
f 1939//1410 1916//1410 1938//1410 
f 1896//1411 1939//1411 1906//1411 
f 62//1412 1912//1412 382//1412 
f 1896//1413 382//1413 1939//1413 
f 382//1414 1584//1414 1898//1414 
f 1935//1415 1939//1415 382//1415 
f 1584//1416 382//1416 1896//1416 
f 1899//1417 385//1417 1906//1417 
f 1914//1418 1939//1418 393//1418 
f 1939//1419 1914//1419 1899//1419 
f 393//1420 1942//1420 1914//1420 
f 1914//1421 1942//1421 1899//1421 
f 1899//1422 1942//1422 365//1422 
f 1903//1423 1900//1423 1895//1423 
f 393//1424 1941//1424 1946//1424 
f 1946//1425 1942//1425 393//1425 
f 393//1426 1938//1426 1934//1426 
f 393//1427 1939//1427 1938//1427 
f 1938//1428 1918//1428 1934//1428 
f 394//1429 387//1429 1916//1429 
f 388//1430 1918//1430 1933//1430 
f 387//1431 1938//1431 1916//1431 
f 1918//1432 388//1432 1987//1432 
f 394//1433 1933//1433 1918//1433 
f 394//1434 1918//1434 387//1434 
f 1918//1435 1938//1435 387//1435 
f 1987//1436 1934//1436 1918//1436 
f 418//1437 438//1437 390//1437 
f 418//1438 419//1438 1957//1438 
f 367//1439 1957//1439 64//1439 
f 86//1440 368//1440 1949//1440 
f 403//1441 1969//1441 1970//1441 
f 2098//1442 1962//1442 1973//1442 
f 2002//1443 64//1443 1974//1443 
f 400//1444 1957//1444 419//1444 
f 415//1445 738//1445 1978//1445 
f 1954//1446 1934//1446 1951//1446 
f 1954//1447 393//1447 1934//1447 
f 1983//1448 746//1448 1982//1448 
f 1984//1449 1985//1449 1471//1449 
f 1987//1450 396//1450 1929//1450 
f 1985//1451 1981//1451 1471//1451 
f 1982//1452 1955//1452 745//1452 
f 1993//1453 1980//1453 1934//1453 
f 738//1454 415//1454 377//1454 
f 1944//1455 415//1455 397//1455 
f 1947//1456 1991//1456 59//1456 
f 377//1457 415//1457 1944//1457 
f 1944//1458 1948//1458 377//1458 
f 1937//1459 1944//1459 397//1459 
f 388//1460 1932//1460 396//1460 
f 1934//1461 1980//1461 1951//1461 
f 1992//1462 1940//1462 1937//1462 
f 417//1463 410//1463 415//1463 
f 1976//1464 410//1464 2138//1464 
f 1976//1465 397//1465 410//1465 
f 398//1466 59//1466 1945//1466 
f 397//1467 415//1467 410//1467 
f 1995//1468 397//1468 1976//1468 
f 59//1469 1979//1469 1945//1469 
f 397//1470 1995//1470 1992//1470 
f 1945//1471 412//1471 398//1471 
f 1937//1472 397//1472 1992//1472 
f 1979//1473 59//1473 1991//1473 
f 1954//1474 1996//1474 393//1474 
f 1941//1475 393//1475 1996//1475 
f 1944//1476 1937//1476 1940//1476 
f 1947//1477 59//1477 1943//1477 
f 1900//1478 1903//1478 1902//1478 
f 1900//1479 1901//1479 398//1479 
f 1943//1480 59//1480 1901//1480 
f 1942//1481 1946//1481 1998//1481 
f 1998//1482 365//1482 1942//1482 
f 1994//1483 365//1483 1998//1483 
f 59//1484 398//1484 1901//1484 
f 1994//1485 1936//1485 365//1485 
f 412//1486 1900//1486 398//1486 
f 1997//1487 1895//1487 1900//1487 
f 412//1488 1999//1488 1900//1488 
f 412//1489 418//1489 1999//1489 
f 1999//1490 1997//1490 1900//1490 
f 390//1491 1999//1491 418//1491 
f 1903//1492 1895//1492 2010//1492 
f 412//1493 1945//1493 1975//1493 
f 1975//1494 1945//1494 1979//1494 
f 1975//1495 1979//1495 2000//1495 
f 1975//1496 2088//1496 411//1496 
f 410//1497 2133//1497 2138//1497 
f 412//1498 1975//1498 411//1498 
f 419//1499 412//1499 411//1499 
f 418//1500 412//1500 419//1500 
f 368//1501 1959//1501 1949//1501 
f 1867//1502 2010//1502 1895//1502 
f 2007//1503 1895//1503 1999//1503 
f 2007//1504 381//1504 1867//1504 
f 1895//1505 1997//1505 1999//1505 
f 1855//1506 421//1506 422//1506 
f 2009//1507 390//1507 438//1507 
f 418//1508 1957//1508 438//1508 
f 367//1509 438//1509 1957//1509 
f 367//1510 2009//1510 438//1510 
f 390//1511 371//1511 2007//1511 
f 367//1512 2002//1512 2003//1512 
f 1999//1513 390//1513 2007//1513 
f 371//1514 390//1514 2009//1514 
f 2005//1515 406//1515 421//1515 
f 1972//1516 1974//1516 429//1516 
f 2008//1517 1961//1517 86//1517 
f 367//1518 2003//1518 2009//1518 
f 457//1519 422//1519 406//1519 
f 406//1520 422//1520 421//1520 
f 371//1521 381//1521 2007//1521 
f 2007//1522 1867//1522 1895//1522 
f 1873//1523 473//1523 376//1523 
f 2010//1524 1867//1524 1880//1524 
f 1892//1525 1886//1525 1905//1525 
f 376//1526 1894//1526 1881//1526 
f 1873//1527 376//1527 1881//1527 
f 452//1528 1905//1528 1886//1528 
f 86//1529 1966//1529 368//1529 
f 86//1530 1949//1530 2013//1530 
f 1859//1531 2013//1531 81//1531 
f 2005//1532 2001//1532 406//1532 
f 2006//1533 2008//1533 86//1533 
f 2014//1534 406//1534 1956//1534 
f 2001//1535 1956//1535 406//1535 
f 1859//1536 2012//1536 2013//1536 
f 86//1537 2013//1537 2012//1537 
f 2018//1538 2020//1538 2019//1538 
f 2013//1539 1959//1539 81//1539 
f 1959//1540 368//1540 403//1540 
f 1959//1541 403//1541 81//1541 
f 2013//1542 1949//1542 1959//1542 
f 2023//1543 399//1543 2016//1543 
f 425//1544 2043//1544 432//1544 
f 2029//1545 2031//1545 2030//1545 
f 2030//1546 2031//1546 2032//1546 
f 2035//1547 2036//1547 66//1547 
f 2021//1548 2040//1548 2041//1548 
f 2048//1549 455//1549 2049//1549 
f 2046//1550 2033//1550 2040//1550 
f 2051//1551 399//1551 2023//1551 
f 2109//1552 451//1552 82//1552 
f 405//1553 81//1553 1968//1553 
f 2061//1554 2063//1554 2062//1554 
f 2012//1555 2006//1555 86//1555 
f 1968//1556 2064//1556 405//1556 
f 403//1557 1968//1557 81//1557 
f 368//1558 1966//1558 84//1558 
f 2067//1559 405//1559 404//1559 
f 405//1560 2064//1560 404//1560 
f 404//1561 2064//1561 1968//1561 
f 2070//1562 441//1562 1862//1562 
f 2067//1563 404//1563 2074//1563 
f 2054//1564 2075//1564 2069//1564 
f 408//1565 2045//1565 407//1565 
f 2078//1566 408//1566 407//1566 
f 2076//1567 461//1567 453//1567 
f 2045//1568 2078//1568 407//1568 
f 2076//1569 453//1569 1858//1569 
f 461//1570 2055//1570 453//1570 
f 451//1571 2069//1571 82//1571 
f 1961//1572 1966//1572 86//1572 
f 682//1573 2113//1573 2080//1573 
f 2002//1574 1974//1574 2079//1574 
f 1965//1575 2002//1575 2079//1575 
f 420//1576 2135//1576 429//1576 
f 2080//1577 2113//1577 2081//1577 
f 84//1578 1966//1578 1967//1578 
f 2083//1579 1963//1579 439//1579 
f 1963//1580 464//1580 439//1580 
f 696//1581 439//1581 2087//1581 
f 2002//1582 1965//1582 2003//1582 
f 2087//1583 439//1583 464//1583 
f 429//1584 2135//1584 1972//1584 
f 419//1585 420//1585 429//1585 
f 400//1586 419//1586 429//1586 
f 64//1587 429//1587 1974//1587 
f 429//1588 64//1588 1957//1588 
f 400//1589 429//1589 1957//1589 
f 64//1590 2002//1590 367//1590 
f 2087//1591 464//1591 2085//1591 
f 2135//1592 420//1592 419//1592 
f 1975//1593 2000//1593 435//1593 
f 435//1594 416//1594 2096//1594 
f 1964//1595 1952//1595 413//1595 
f 2090//1596 1964//1596 413//1596 
f 410//1597 417//1597 1964//1597 
f 1952//1598 1964//1598 415//1598 
f 417//1599 415//1599 1964//1599 
f 1978//1600 1952//1600 415//1600 
f 2092//1601 1952//1601 1978//1601 
f 413//1602 1952//1602 2090//1602 
f 2133//1603 410//1603 1964//1603 
f 411//1604 2088//1604 419//1604 
f 2096//1605 2135//1605 419//1605 
f 84//1606 1967//1606 1969//1606 
f 419//1607 2088//1607 2096//1607 
f 435//1608 2096//1608 1975//1608 
f 2096//1609 2088//1609 1975//1609 
f 1971//1610 1968//1610 403//1610 
f 2106//1611 1962//1611 2098//1611 
f 2097//1612 404//1612 1968//1612 
f 2042//1613 2101//1613 2069//1613 
f 2069//1614 2075//1614 2042//1614 
f 441//1615 2070//1615 2105//1615 
f 368//1616 84//1616 403//1616 
f 1970//1617 2059//1617 403//1617 
f 403//1618 84//1618 1969//1618 
f 1973//1619 1962//1619 2106//1619 
f 403//1620 2059//1620 1971//1620 
f 2071//1621 2073//1621 428//1621 
f 1968//1622 1971//1622 2097//1622 
f 428//1623 2072//1623 2071//1623 
f 2107//1624 1960//1624 441//1624 
f 2108//1625 404//1625 2097//1625 
f 2074//1626 404//1626 2108//1626 
f 2105//1627 2107//1627 441//1627 
f 2072//1628 428//1628 2119//1628 
f 2109//1629 82//1629 2101//1629 
f 2104//1630 2118//1630 673//1630 
f 2071//1631 2111//1631 2073//1631 
f 2116//1632 2100//1632 440//1632 
f 2111//1633 428//1633 2073//1633 
f 2114//1634 2082//1634 2115//1634 
f 80//1635 2112//1635 2117//1635 
f 427//1636 2119//1636 428//1636 
f 428//1637 2102//1637 427//1637 
f 2121//1638 2103//1638 2056//1638 
f 2104//1639 673//1639 2068//1639 
f 2124//1640 2126//1640 2125//1640 
f 2112//1641 80//1641 2122//1641 
f 695//1642 2131//1642 2099//1642 
f 416//1643 435//1643 2134//1643 
f 2096//1644 416//1644 2135//1644 
f 2135//1645 416//1645 2086//1645 
f 1952//1646 2089//1646 2090//1646 
f 2133//1647 1964//1647 414//1647 
f 414//1648 3098//1648 2133//1648 
f 1964//1649 2090//1649 414//1649 
f 680//1650 2444//1650 2084//1650 
f 2086//1651 416//1651 2139//1651 
f 416//1652 2134//1652 2139//1652 
f 695//1653 682//1653 2156//1653 
f 2099//1654 2113//1654 682//1654 
f 2141//1655 2143//1655 2129//1655 
f 2132//1656 2093//1656 2129//1656 
f 2132//1657 2129//1657 2143//1657 
f 2083//1658 439//1658 3198//1658 
f 2113//1659 2099//1659 2131//1659 
f 696//1660 3198//1660 439//1660 
f 2156//1661 682//1661 2080//1661 
f 2145//1662 2147//1662 2146//1662 
f 2148//1663 2145//1663 2146//1663 
f 2081//1664 2113//1664 2150//1664 
f 2130//1665 440//1665 2100//1665 
f 2130//1666 2116//1666 440//1666 
f 2111//1667 2144//1667 428//1667 
f 695//1668 2099//1668 682//1668 
f 2150//1669 2113//1669 2131//1669 
f 2123//1670 2102//1670 428//1670 
f 2153//1671 2155//1671 2154//1671 
f 2154//1672 2157//1672 2153//1672 
f 2053//1673 60//1673 721//1673 
f 2101//1674 82//1674 2069//1674 
f 701//1675 434//1675 3200//1675 
f 2164//1676 2166//1676 2165//1676 
f 2168//1677 2170//1677 2169//1677 
f 2171//1678 2173//1678 2172//1678 
f 2120//1679 2103//1679 2121//1679 
f 2104//1680 2068//1680 2180//1680 
f 2174//1681 2176//1681 2175//1681 
f 2175//1682 2176//1682 2177//1682 
f 2176//1683 2174//1683 2177//1683 
f 428//1684 2144//1684 2123//1684 
f 434//1685 701//1685 2110//1685 
f 2181//1686 2166//1686 2164//1686 
f 2180//1687 2068//1687 442//1687 
f 2077//1688 60//1688 2268//1688 
f 2077//1689 721//1689 60//1689 
f 443//1690 2160//1690 2167//1690 
f 2038//1691 2033//1691 2046//1691 
f 2162//1692 2161//1692 2192//1692 
f 2162//1693 2182//1693 2161//1693 
f 2040//1694 2021//1694 2189//1694 
f 2233//1695 2022//1695 2037//1695 
f 2192//1696 2161//1696 446//1696 
f 2040//1697 2033//1697 2038//1697 
f 2024//1698 401//1698 2191//1698 
f 2191//1699 401//1699 2034//1699 
f 2034//1700 401//1700 2024//1700 
f 2159//1701 2158//1701 2193//1701 
f 2194//1702 2192//1702 446//1702 
f 2159//1703 2192//1703 2195//1703 
f 2158//1704 2159//1704 2195//1704 
f 2195//1705 2193//1705 2158//1705 
f 65//1706 2199//1706 2198//1706 
f 2195//1707 2192//1707 2194//1707 
f 2200//1708 2202//1708 2201//1708 
f 2202//1709 2200//1709 2203//1709 
f 2203//1710 2200//1710 2201//1710 
f 2201//1711 2202//1711 2204//1711 
f 2204//1712 2202//1712 2203//1712 
f 2203//1713 2201//1713 2204//1713 
f 2194//1714 2197//1714 2195//1714 
f 2026//1715 2232//1715 2196//1715 
f 2036//1716 444//1716 66//1716 
f 445//1717 2205//1717 2206//1717 
f 2028//1718 2222//1718 688//1718 
f 444//1719 2035//1719 66//1719 
f 2208//1720 2210//1720 2209//1720 
f 2211//1721 2213//1721 2212//1721 
f 688//1722 2207//1722 2028//1722 
f 2214//1723 2216//1723 2215//1723 
f 431//1724 2199//1724 65//1724 
f 2190//1725 2263//1725 2217//1725 
f 2220//1726 2216//1726 2214//1726 
f 2217//1727 2188//1727 2190//1727 
f 431//1728 65//1728 2198//1728 
f 2028//1729 2207//1729 2223//1729 
f 2216//1730 2220//1730 2215//1730 
f 2196//1731 2027//1731 2026//1731 
f 2224//1732 2226//1732 2225//1732 
f 2227//1733 2229//1733 2228//1733 
f 2225//1734 2230//1734 2224//1734 
f 449//1735 2219//1735 426//1735 
f 2222//1736 2028//1736 2223//1736 
f 2231//1737 2206//1737 2205//1737 
f 2232//1738 2026//1738 2027//1738 
f 2221//1739 2043//1739 425//1739 
f 425//1740 432//1740 2221//1740 
f 445//1741 2206//1741 2231//1741 
f 2021//1742 2041//1742 2189//1742 
f 2218//1743 449//1743 426//1743 
f 2219//1744 2218//1744 426//1744 
f 2039//1745 2233//1745 2037//1745 
f 2037//1746 2022//1746 2039//1746 
f 451//1747 2054//1747 2069//1747 
f 1862//1748 441//1748 2047//1748 
f 1858//1749 453//1749 462//1749 
f 2236//1750 2018//1750 2019//1750 
f 441//1751 2237//1751 2047//1751 
f 2016//1752 399//1752 454//1752 
f 405//1753 2067//1753 2241//1753 
f 2241//1754 81//1754 405//1754 
f 406//1755 2004//1755 1853//1755 
f 2004//1756 406//1756 2014//1756 
f 2249//1757 2011//1757 456//1757 
f 423//1758 2015//1758 1852//1758 
f 2047//1759 459//1759 2242//1759 
f 1859//1760 81//1760 2066//1760 
f 456//1761 2011//1761 423//1761 
f 2057//1762 81//1762 2241//1762 
f 423//1763 458//1763 456//1763 
f 369//1764 422//1764 1850//1764 
f 406//1765 2327//1765 2243//1765 
f 1852//1766 2246//1766 458//1766 
f 458//1767 2247//1767 456//1767 
f 1852//1768 2015//1768 2246//1768 
f 2248//1769 2065//1769 2244//1769 
f 458//1770 423//1770 1852//1770 
f 2017//1771 2065//1771 2235//1771 
f 2019//1772 2020//1772 2250//1772 
f 2019//1773 2250//1773 2236//1773 
f 476//1774 2235//1774 1851//1774 
f 2047//1775 2252//1775 1862//1775 
f 2244//1776 2065//1776 2017//1776 
f 2250//1777 2020//1777 2236//1777 
f 459//1778 2047//1778 2060//1778 
f 2020//1779 2018//1779 2236//1779 
f 2057//1780 2066//1780 81//1780 
f 2252//1781 2070//1781 1862//1781 
f 2242//1782 459//1782 2060//1782 
f 2245//1783 685//1783 1851//1783 
f 441//1784 1960//1784 2237//1784 
f 2254//1785 454//1785 399//1785 
f 2238//1786 2254//1786 399//1786 
f 2065//1787 2248//1787 2251//1787 
f 2255//1788 2257//1788 2256//1788 
f 2257//1789 2255//1789 2258//1789 
f 2258//1790 2255//1790 2256//1790 
f 2065//1791 2251//1791 2253//1791 
f 2251//1792 2025//1792 2052//1792 
f 2238//1793 399//1793 2051//1793 
f 2044//1794 462//1794 453//1794 
f 2251//1795 2052//1795 472//1795 
f 2251//1796 2259//1796 692//1796 
f 2264//1797 474//1797 2262//1797 
f 2258//1798 2256//1798 2266//1798 
f 2266//1799 2267//1799 2258//1799 
f 2262//1800 2050//1800 2183//1800 
f 2262//1801 2183//1801 2264//1801 
f 2055//1802 2044//1802 453//1802 
f 2050//1803 2262//1803 2234//1803 
f 2268//1804 60//1804 2240//1804 
f 2025//1805 472//1805 2052//1805 
f 2240//1806 60//1806 2053//1806 
f 2269//1807 2185//1807 2186//1807 
f 2234//1808 2262//1808 474//1808 
f 2267//1809 2256//1809 2257//1809 
f 2258//1810 2267//1810 2257//1810 
f 2253//1811 2251//1811 692//1811 
f 2256//1812 2267//1812 2270//1812 
f 2270//1813 2267//1813 2266//1813 
f 2266//1814 2256//1814 2270//1814 
f 2065//1815 2253//1815 2271//1815 
f 2272//1816 2245//1816 2065//1816 
f 692//1817 2271//1817 2253//1817 
f 2273//1818 690//1818 465//1818 
f 2272//1819 2065//1819 2271//1819 
f 1851//1820 2065//1820 2245//1820 
f 2065//1821 1851//1821 2235//1821 
f 2142//1822 476//1822 1851//1822 
f 1851//1823 450//1823 2058//1823 
f 471//1824 2344//1824 110//1824 
f 110//1825 2282//1825 2284//1825 
f 110//1826 2344//1826 2283//1826 
f 110//1827 2284//1827 2281//1827 
f 2286//1828 71//1828 1863//1828 
f 374//1829 2287//1829 2288//1829 
f 2310//1830 110//1830 2283//1830 
f 1870//1831 1868//1831 2290//1831 
f 2290//1832 1868//1832 1871//1832 
f 1871//1833 1870//1833 2290//1833 
f 2283//1834 2365//1834 2289//1834 
f 478//1835 2293//1835 2364//1835 
f 2295//1836 469//1836 2298//1836 
f 469//1837 468//1837 2296//1837 
f 469//1838 21//1838 2289//1838 
f 469//1839 2289//1839 2298//1839 
f 469//1840 2295//1840 468//1840 
f 1298//1841 2301//1841 485//1841 
f 2297//1842 2304//1842 1283//1842 
f 2305//1843 2304//1843 2297//1843 
f 2304//1844 2305//1844 2303//1844 
f 335//1845 357//1845 28//1845 
f 469//1846 2304//1846 466//1846 
f 2305//1847 2297//1847 1332//1847 
f 355//1848 1813//1848 2309//1848 
f 2289//1849 21//1849 2283//1849 
f 21//1850 469//1850 2311//1850 
f 2297//1851 1289//1851 1332//1851 
f 1822//1852 28//1852 2306//1852 
f 2304//1853 2303//1853 466//1853 
f 2283//1854 21//1854 2308//1854 
f 2308//1855 110//1855 2310//1855 
f 2308//1856 21//1856 2312//1856 
f 21//1857 2311//1857 2312//1857 
f 1812//1858 2306//1858 357//1858 
f 357//1859 2306//1859 28//1859 
f 1822//1860 335//1860 28//1860 
f 359//1861 1332//1861 1289//1861 
f 356//1862 2309//1862 1813//1862 
f 1811//1863 1809//1863 2315//1863 
f 2309//1864 2314//1864 355//1864 
f 2306//1865 1821//1865 1822//1865 
f 357//1866 1810//1866 1812//1866 
f 469//1867 466//1867 1814//1867 
f 2303//1868 1814//1868 466//1868 
f 2311//1869 469//1869 2302//1869 
f 2302//1870 469//1870 1814//1870 
f 1809//1871 355//1871 2314//1871 
f 2315//1872 1809//1872 2314//1872 
f 2313//1873 63//1873 1866//1873 
f 63//1874 2313//1874 1845//1874 
f 1845//1875 2313//1875 1848//1875 
f 379//1876 2291//1876 1885//1876 
f 2317//1877 2307//1877 1875//1877 
f 1864//1878 2292//1878 1865//1878 
f 2318//1879 473//1879 2322//1879 
f 1850//1880 457//1880 369//1880 
f 406//1881 2243//1881 2319//1881 
f 457//1882 406//1882 2319//1882 
f 88//1883 473//1883 2318//1883 
f 457//1884 2319//1884 369//1884 
f 88//1885 2318//1885 2320//1885 
f 1875//1886 88//1886 2320//1886 
f 2322//1887 473//1887 369//1887 
f 1864//1888 1865//1888 1875//1888 
f 2321//1889 1875//1889 2320//1889 
f 374//1890 2324//1890 2287//1890 
f 2321//1891 2317//1891 1875//1891 
f 71//1892 2288//1892 488//1892 
f 2285//1893 1854//1893 1863//1893 
f 2285//1894 1863//1894 71//1894 
f 369//1895 2319//1895 2322//1895 
f 2323//1896 2285//1896 71//1896 
f 2287//1897 2323//1897 71//1897 
f 488//1898 2287//1898 71//1898 
f 2287//1899 488//1899 2288//1899 
f 2324//1900 374//1900 424//1900 
f 1864//1901 1875//1901 2307//1901 
f 2316//1902 2324//1902 424//1902 
f 2313//1903 1866//1903 1874//1903 
f 2282//1904 110//1904 2308//1904 
f 1864//1905 2307//1905 2292//1905 
f 2283//1906 2308//1906 2310//1906 
f 2280//1907 110//1907 2325//1907 
f 2316//1908 424//1908 2346//1908 
f 110//1909 2281//1909 2325//1909 
f 2327//1910 1853//1910 2004//1910 
f 2329//1911 458//1911 2246//1911 
f 2058//1912 2142//1912 1851//1912 
f 475//1913 69//1913 1958//1913 
f 2274//1914 2339//1914 2331//1914 
f 2330//1915 2286//1915 1863//1915 
f 2249//1916 456//1916 2247//1916 
f 450//1917 2424//1917 2058//1917 
f 83//1918 458//1918 2329//1918 
f 2330//1919 1863//1919 1854//1919 
f 406//1920 1853//1920 2327//1920 
f 2335//1921 2247//1921 458//1921 
f 2326//1922 2335//1922 458//1922 
f 2326//1923 458//1923 83//1923 
f 2333//1924 83//1924 2329//1924 
f 2341//1925 1958//1925 69//1925 
f 2332//1926 2335//1926 2326//1926 
f 1958//1927 2340//1927 475//1927 
f 450//1928 1851//1928 2261//1928 
f 2338//1929 2339//1929 2274//1929 
f 2277//1930 2286//1930 487//1930 
f 683//1931 2336//1931 2337//1931 
f 2333//1932 2332//1932 2326//1932 
f 2334//1933 2337//1933 2336//1933 
f 2333//1934 2326//1934 83//1934 
f 2344//1935 471//1935 2345//1935 
f 471//1936 110//1936 2345//1936 
f 110//1937 2280//1937 2345//1937 
f 374//1938 2346//1938 424//1938 
f 374//1939 2288//1939 2347//1939 
f 2346//1940 374//1940 2348//1940 
f 480//1941 2348//1941 374//1941 
f 2350//1942 480//1942 374//1942 
f 2355//1943 2455//1943 2356//1943 
f 2361//1944 2360//1944 503//1944 
f 2365//1945 2300//1945 2289//1945 
f 2328//1946 1283//1946 2304//1946 
f 2296//1947 2304//1947 469//1947 
f 2343//1948 477//1948 2368//1948 
f 2368//1949 477//1949 478//1949 
f 2283//1950 2344//1950 2365//1950 
f 478//1951 2362//1951 2366//1951 
f 2293//1952 478//1952 2366//1952 
f 2368//1953 478//1953 2364//1953 
f 2299//1954 2294//1954 2358//1954 
f 2289//1955 2300//1955 2298//1955 
f 2358//1956 479//1956 2369//1956 
f 2299//1957 2358//1957 2369//1957 
f 468//1958 2328//1958 2296//1958 
f 2328//1959 2304//1959 2296//1959 
f 479//1960 2363//1960 2369//1960 
f 2328//1961 2297//1961 1283//1961 
f 2360//1962 1285//1962 1268//1962 
f 1269//1963 2359//1963 42//1963 
f 2360//1964 1270//1964 1285//1964 
f 534//1965 1329//1965 358//1965 
f 2297//1966 2396//1966 373//1966 
f 2378//1967 483//1967 484//1967 
f 2376//1968 1087//1968 2381//1968 
f 227//1969 1453//1969 1883//1969 
f 1409//1970 544//1970 1271//1970 
f 1317//1971 2376//1971 2478//1971 
f 2382//1972 522//1972 539//1972 
f 534//1973 358//1973 532//1973 
f 227//1974 545//1974 1390//1974 
f 522//1975 247//1975 2387//1975 
f 1409//1976 243//1976 544//1976 
f 247//1977 2499//1977 2387//1977 
f 58//1978 1316//1978 2389//1978 
f 1390//1979 1453//1979 227//1979 
f 1302//1980 231//1980 2391//1980 
f 2384//1981 545//1981 227//1981 
f 534//1982 1274//1982 2392//1982 
f 231//1983 2484//1983 2391//1983 
f 2297//1984 2328//1984 2395//1984 
f 1269//1985 42//1985 10//1985 
f 2370//1986 373//1986 2396//1986 
f 530//1987 2398//1987 2396//1987 
f 2392//1988 1329//1988 534//1988 
f 1087//1989 2376//1989 2399//1989 
f 231//1990 1302//1990 2379//1990 
f 2376//1991 1320//1991 2399//1991 
f 483//1992 2378//1992 2380//1992 
f 1328//1993 231//1993 1322//1993 
f 2375//1994 2478//1994 2376//1994 
f 2376//1995 2381//1995 2377//1995 
f 484//1996 483//1996 2380//1996 
f 530//1997 2396//1997 2297//1997 
f 2297//1998 2400//1998 530//1998 
f 1328//1999 228//1999 231//1999 
f 2400//2000 2398//2000 530//2000 
f 1269//2001 10//2001 2453//2001 
f 2395//2002 2400//2002 2297//2002 
f 1274//2003 534//2003 2397//2003 
f 1330//2004 1278//2004 1321//2004 
f 534//2005 2394//2005 1288//2005 
f 2397//2006 534//2006 1288//2006 
f 463//2007 1278//2007 1330//2007 
f 1323//2008 1315//2008 1298//2008 
f 2379//2009 1322//2009 231//2009 
f 1275//2010 1298//2010 1315//2010 
f 485//2011 1323//2011 1298//2011 
f 2360//2012 1268//2012 503//2012 
f 2403//2013 2404//2013 2402//2013 
f 2301//2014 1298//2014 1288//2014 
f 1321//2015 1278//2015 1282//2015 
f 2408//2016 71//2016 2286//2016 
f 71//2017 467//2017 2288//2017 
f 467//2018 374//2018 2347//2018 
f 2347//2019 2288//2019 467//2019 
f 486//2020 2412//2020 2432//2020 
f 2412//2021 2409//2021 2432//2021 
f 2410//2022 492//2022 71//2022 
f 492//2023 467//2023 71//2023 
f 2279//2024 492//2024 2411//2024 
f 2410//2025 71//2025 2408//2025 
f 492//2026 2410//2026 2411//2026 
f 2432//2027 2409//2027 2413//2027 
f 2338//2028 2274//2028 2413//2028 
f 2341//2029 69//2029 475//2029 
f 2414//2030 2286//2030 2277//2030 
f 2277//2031 487//2031 2414//2031 
f 2413//2032 2274//2032 2432//2032 
f 2274//2033 2434//2033 2432//2033 
f 2447//2034 2412//2034 486//2034 
f 490//2035 2431//2035 491//2035 
f 2431//2036 670//2036 491//2036 
f 2336//2037 2406//2037 2342//2037 
f 2336//2038 683//2038 2406//2038 
f 2342//2039 2334//2039 2336//2039 
f 2340//2040 2426//2040 475//2040 
f 2418//2041 475//2041 2426//2041 
f 2424//2042 450//2042 2261//2042 
f 2428//2043 477//2043 2343//2043 
f 674//2044 486//2044 2432//2044 
f 2416//2045 2434//2045 2331//2045 
f 492//2046 2279//2046 2351//2046 
f 2447//2047 486//2047 2437//2047 
f 2405//2048 492//2048 2351//2048 
f 2441//2049 2437//2049 2445//2049 
f 467//2050 492//2050 2405//2050 
f 2437//2051 486//2051 2445//2051 
f 2457//2052 2436//2052 2441//2052 
f 2405//2053 2451//2053 467//2053 
f 374//2054 467//2054 2451//2054 
f 2350//2055 374//2055 2451//2055 
f 2349//2056 2436//2056 2457//2056 
f 2441//2057 2447//2057 2437//2057 
f 2457//2058 2441//2058 2448//2058 
f 2407//2059 29//2059 2449//2059 
f 2455//2060 2488//2060 2356//2060 
f 255//2061 2371//2061 2454//2061 
f 2371//2062 255//2062 2452//2062 
f 2459//2063 2456//2063 2457//2063 
f 2459//2064 2457//2064 2458//2064 
f 1380//2065 1232//2065 1393//2065 
f 255//2066 2454//2066 2429//2066 
f 2499//2067 247//2067 522//2067 
f 2468//2068 2470//2068 2469//2068 
f 509//2069 507//2069 2472//2069 
f 513//2070 244//2070 2466//2070 
f 2466//2071 244//2071 243//2071 
f 2599//2072 2480//2072 545//2072 
f 2475//2073 2466//2073 2480//2073 
f 498//2074 2485//2074 538//2074 
f 2428//2075 506//2075 477//2075 
f 2452//2076 255//2076 2489//2076 
f 2489//2077 255//2077 2521//2077 
f 2488//2078 2355//2078 2356//2078 
f 508//2079 509//2079 2492//2079 
f 509//2080 2472//2080 2492//2080 
f 2513//2081 168//2081 2367//2081 
f 2496//2082 498//2082 538//2082 
f 534//2083 504//2083 2491//2083 
f 534//2084 2479//2084 2394//2084 
f 2367//2085 2360//2085 2513//2085 
f 2453//2086 2372//2086 2352//2086 
f 2494//2087 538//2087 2495//2087 
f 228//2088 498//2088 231//2088 
f 2376//2089 2377//2089 2375//2089 
f 2377//2090 2497//2090 2375//2090 
f 534//2091 2491//2091 2479//2091 
f 2497//2092 500//2092 2375//2092 
f 538//2093 2485//2093 2495//2093 
f 2498//2094 1255//2094 2375//2094 
f 545//2095 2384//2095 2599//2095 
f 522//2096 2382//2096 2499//2096 
f 1390//2097 545//2097 2500//2097 
f 544//2098 243//2098 244//2098 
f 243//2099 1409//2099 2482//2099 
f 2482//2100 2480//2100 243//2100 
f 2503//2101 2505//2101 2504//2101 
f 2480//2102 2466//2102 243//2102 
f 2480//2103 2482//2103 2500//2103 
f 2480//2104 2500//2104 545//2104 
f 1255//2105 2478//2105 2375//2105 
f 2478//2106 1255//2106 2498//2106 
f 2383//2107 482//2107 2477//2107 
f 2497//2108 2498//2108 500//2108 
f 500//2109 2498//2109 2375//2109 
f 2473//2110 2484//2110 2496//2110 
f 2599//2111 2384//2111 2483//2111 
f 2481//2112 535//2112 2590//2112 
f 2484//2113 231//2113 2496//2113 
f 536//2114 504//2114 532//2114 
f 498//2115 2496//2115 231//2115 
f 2507//2116 2485//2116 498//2116 
f 498//2117 228//2117 2507//2117 
f 228//2118 1328//2118 2507//2118 
f 534//2119 532//2119 504//2119 
f 532//2120 358//2120 536//2120 
f 536//2121 358//2121 504//2121 
f 504//2122 358//2122 2508//2122 
f 481//2123 2373//2123 1270//2123 
f 2493//2124 504//2124 2509//2124 
f 358//2125 1329//2125 2508//2125 
f 1272//2126 1285//2126 2374//2126 
f 2373//2127 2374//2127 1270//2127 
f 1285//2128 1270//2128 2374//2128 
f 2367//2129 1270//2129 2360//2129 
f 2509//2130 504//2130 2508//2130 
f 168//2131 2373//2131 481//2131 
f 481//2132 2367//2132 168//2132 
f 481//2133 1270//2133 2367//2133 
f 2511//2134 2510//2134 2517//2134 
f 2360//2135 2361//2135 2513//2135 
f 2372//2136 2453//2136 10//2136 
f 2515//2137 2372//2137 10//2137 
f 2510//2138 27//2138 2359//2138 
f 2510//2139 2512//2139 27//2139 
f 2512//2140 2515//2140 27//2140 
f 10//2141 42//2141 499//2141 
f 10//2142 499//2142 2515//2142 
f 2517//2143 2510//2143 2359//2143 
f 499//2144 42//2144 27//2144 
f 499//2145 27//2145 2515//2145 
f 479//2146 2516//2146 2363//2146 
f 27//2147 42//2147 2359//2147 
f 2519//2148 2358//2148 2294//2148 
f 2516//2149 479//2149 2358//2149 
f 2518//2150 70//2150 2514//2150 
f 2516//2151 2358//2151 2519//2151 
f 2362//2152 478//2152 2487//2152 
f 2349//2153 2457//2153 2456//2153 
f 478//2154 477//2154 2487//2154 
f 2521//2155 2354//2155 2489//2155 
f 2357//2156 477//2156 506//2156 
f 2353//2157 477//2157 2357//2157 
f 2357//2158 506//2158 2428//2158 
f 477//2159 2353//2159 2487//2159 
f 2514//2160 70//2160 2522//2160 
f 2522//2161 70//2161 2518//2161 
f 2492//2162 507//2162 508//2162 
f 2523//2163 2354//2163 2521//2163 
f 2353//2164 2525//2164 2487//2164 
f 2472//2165 507//2165 2492//2165 
f 2524//2166 2523//2166 2521//2166 
f 2517//2167 2524//2167 2511//2167 
f 2524//2168 2521//2168 2511//2168 
f 2362//2169 2487//2169 2525//2169 
f 2520//2170 2524//2170 2517//2170 
f 2511//2171 2521//2171 2526//2171 
f 2511//2172 2528//2172 2510//2172 
f 2458//2173 2457//2173 2438//2173 
f 2510//2174 2528//2174 516//2174 
f 2521//2175 510//2175 2528//2175 
f 2526//2176 2521//2176 2528//2176 
f 2511//2177 2526//2177 2528//2177 
f 516//2178 2528//2178 2527//2178 
f 2529//2179 2531//2179 2530//2179 
f 505//2180 2510//2180 516//2180 
f 2527//2181 2528//2181 510//2181 
f 505//2182 516//2182 44//2182 
f 516//2183 2543//2183 44//2183 
f 516//2184 2527//2184 510//2184 
f 510//2185 2541//2185 516//2185 
f 2541//2186 510//2186 2467//2186 
f 255//2187 2429//2187 2541//2187 
f 2521//2188 255//2188 2467//2188 
f 2467//2189 510//2189 2521//2189 
f 2467//2190 255//2190 2541//2190 
f 2443//2191 2439//2191 2549//2191 
f 2430//2192 517//2192 514//2192 
f 2540//2193 514//2193 646//2193 
f 517//2194 2430//2194 2536//2194 
f 2438//2195 2457//2195 2448//2195 
f 2449//2196 29//2196 2443//2196 
f 2443//2197 29//2197 2439//2197 
f 514//2198 517//2198 646//2198 
f 2539//2199 2541//2199 2429//2199 
f 514//2200 2540//2200 2430//2200 
f 2543//2201 505//2201 44//2201 
f 646//2202 2542//2202 2540//2202 
f 519//2203 646//2203 2535//2203 
f 646//2204 517//2204 2471//2204 
f 646//2205 2471//2205 2535//2205 
f 2535//2206 2471//2206 519//2206 
f 2471//2207 517//2207 2538//2207 
f 2538//2208 519//2208 2471//2208 
f 2439//2209 29//2209 2407//2209 
f 2545//2210 2547//2210 2546//2210 
f 2548//2211 2538//2211 517//2211 
f 517//2212 2536//2212 2548//2212 
f 2563//2213 515//2213 524//2213 
f 524//2214 515//2214 2542//2214 
f 2559//2215 2555//2215 2543//2215 
f 2541//2216 2539//2216 2532//2216 
f 2544//2217 2554//2217 2591//2217 
f 2543//2218 2555//2218 2592//2218 
f 516//2219 2541//2219 2556//2219 
f 2543//2220 516//2220 2556//2220 
f 2557//2221 2556//2221 2541//2221 
f 2532//2222 2557//2222 2541//2222 
f 524//2223 646//2223 519//2223 
f 2542//2224 646//2224 524//2224 
f 2562//2225 2542//2225 515//2225 
f 2543//2226 2556//2226 2557//2226 
f 2543//2227 2557//2227 2558//2227 
f 2560//2228 515//2228 2563//2228 
f 2533//2229 2543//2229 2558//2229 
f 538//2230 2506//2230 2496//2230 
f 2578//2231 2580//2231 2579//2231 
f 3009//2232 3004//2232 2999//2232 
f 527//2233 1571//2233 2573//2233 
f 2490//2234 518//2234 2565//2234 
f 2490//2235 623//2235 2577//2235 
f 2565//2236 518//2236 223//2236 
f 2777//2237 1571//2237 527//2237 
f 2593//2238 2589//2238 2567//2238 
f 640//2239 3028//2239 2566//2239 
f 541//2240 2465//2240 482//2240 
f 2587//2241 2464//2241 541//2241 
f 2464//2242 2587//2242 2465//2242 
f 2477//2243 482//2243 2465//2243 
f 527//2244 2573//2244 2597//2244 
f 639//2245 640//2245 2592//2245 
f 2554//2246 2990//2246 2591//2246 
f 223//2247 2594//2247 2595//2247 
f 1571//2248 2777//2248 2568//2248 
f 2589//2249 2593//2249 2596//2249 
f 223//2250 518//2250 2569//2250 
f 2593//2251 2567//2251 2583//2251 
f 2603//2252 2566//2252 3028//2252 
f 2596//2253 2598//2253 541//2253 
f 2590//2254 1571//2254 2568//2254 
f 2596//2255 2604//2255 2589//2255 
f 3028//2256 640//2256 639//2256 
f 223//2257 2569//2257 2594//2257 
f 2614//2258 2619//2258 2573//2258 
f 2596//2259 2767//2259 2598//2259 
f 2573//2260 1571//2260 722//2260 
f 2390//2261 2785//2261 2587//2261 
f 541//2262 2390//2262 2587//2262 
f 2607//2263 501//2263 2605//2263 
f 2573//2264 722//2264 2601//2264 
f 2586//2265 501//2265 2401//2265 
f 2570//2266 2640//2266 501//2266 
f 2640//2267 2401//2267 501//2267 
f 2640//2268 2662//2268 2401//2268 
f 541//2269 482//2269 2596//2269 
f 2613//2270 2571//2270 2612//2270 
f 2662//2271 2600//2271 2401//2271 
f 2599//2272 2611//2272 2463//2272 
f 513//2273 2474//2273 2612//2273 
f 2474//2274 2613//2274 2612//2274 
f 2611//2275 2610//2275 2463//2275 
f 501//2276 2586//2276 2608//2276 
f 2484//2277 2473//2277 2476//2277 
f 2605//2278 501//2278 2608//2278 
f 2393//2279 2604//2279 2596//2279 
f 2573//2280 2601//2280 2614//2280 
f 2590//2281 535//2281 1571//2281 
f 1571//2282 535//2282 2481//2282 
f 2603//2283 523//2283 2566//2283 
f 2573//2284 2616//2284 2597//2284 
f 2573//2285 2619//2285 2616//2285 
f 2577//2286 2602//2286 2490//2286 
f 2601//2287 722//2287 1571//2287 
f 518//2288 2629//2288 2569//2288 
f 525//2289 2566//2289 523//2289 
f 2372//2290 2515//2290 525//2290 
f 1518//2291 2486//2291 2620//2291 
f 2460//2292 2621//2292 2622//2292 
f 2596//2293 2623//2293 2393//2293 
f 2627//2294 2374//2294 2373//2294 
f 2623//2295 482//2295 2383//2295 
f 2463//2296 2610//2296 2475//2296 
f 541//2297 2464//2297 2465//2297 
f 2620//2298 2476//2298 1518//2298 
f 2623//2299 2596//2299 482//2299 
f 2621//2300 2460//2300 2622//2300 
f 2474//2301 2466//2301 2475//2301 
f 2475//2302 2610//2302 2474//2302 
f 2466//2303 2474//2303 513//2303 
f 2586//2304 2401//2304 2600//2304 
f 2480//2305 2463//2305 2475//2305 
f 2599//2306 2483//2306 2611//2306 
f 2619//2307 2614//2307 2493//2307 
f 2601//2308 1571//2308 2618//2308 
f 1571//2309 2624//2309 2618//2309 
f 2480//2310 2599//2310 2463//2310 
f 2506//2311 538//2311 2572//2311 
f 538//2312 2625//2312 2572//2312 
f 2481//2313 2624//2313 1571//2313 
f 2373//2314 168//2314 502//2314 
f 2496//2315 2506//2315 2486//2315 
f 1518//2316 2496//2316 2486//2316 
f 2476//2317 2496//2317 1518//2317 
f 2490//2318 2602//2318 2617//2318 
f 2566//2319 525//2319 640//2319 
f 518//2320 2490//2320 2629//2320 
f 2510//2321 505//2321 2512//2321 
f 505//2322 640//2322 2512//2322 
f 523//2323 2626//2323 2372//2323 
f 2496//2324 2476//2324 2473//2324 
f 1086//2325 504//2325 2614//2325 
f 2493//2326 2614//2326 504//2326 
f 2513//2327 2628//2327 502//2327 
f 523//2328 2603//2328 2626//2328 
f 1086//2329 2614//2329 2601//2329 
f 1086//2330 2601//2330 2618//2330 
f 1086//2331 2618//2331 504//2331 
f 168//2332 2513//2332 502//2332 
f 525//2333 523//2333 2372//2333 
f 525//2334 2515//2334 2512//2334 
f 2512//2335 640//2335 525//2335 
f 2372//2336 2626//2336 2352//2336 
f 502//2337 2628//2337 2627//2337 
f 2629//2338 2490//2338 2617//2338 
f 2627//2339 2373//2339 502//2339 
f 2625//2340 538//2340 2494//2340 
f 2618//2341 2491//2341 504//2341 
f 544//2342 244//2342 2634//2342 
f 2641//2343 549//2343 2636//2343 
f 549//2344 2639//2344 2636//2344 
f 109//2345 558//2345 2660//2345 
f 563//2346 558//2346 546//2346 
f 2632//2347 546//2347 988//2347 
f 988//2348 546//2348 109//2348 
f 988//2349 109//2349 557//2349 
f 2640//2350 270//2350 582//2350 
f 2655//2351 2657//2351 2656//2351 
f 2659//2352 2655//2352 2656//2352 
f 248//2353 2638//2353 2640//2353 
f 2661//2354 2657//2354 2655//2354 
f 2655//2355 2659//2355 2661//2355 
f 2657//2356 2661//2356 2656//2356 
f 2661//2357 2659//2357 2656//2357 
f 2574//2358 2708//2358 2654//2358 
f 549//2359 2641//2359 558//2359 
f 2660//2360 558//2360 2642//2360 
f 2638//2361 2654//2361 2662//2361 
f 2585//2362 2612//2362 2663//2362 
f 2664//2363 549//2363 2609//2363 
f 2662//2364 2640//2364 2638//2364 
f 2639//2365 549//2365 2664//2365 
f 2654//2366 2638//2366 2574//2366 
f 2612//2367 2665//2367 2663//2367 
f 2641//2368 2642//2368 558//2368 
f 2571//2369 2665//2369 2612//2369 
f 2612//2370 2585//2370 513//2370 
f 563//2371 548//2371 558//2371 
f 2666//2372 2668//2372 2667//2372 
f 2668//2373 2666//2373 2669//2373 
f 2669//2374 2666//2374 2667//2374 
f 558//2375 548//2375 549//2375 
f 2501//2376 2609//2376 549//2376 
f 513//2377 2585//2377 2672//2377 
f 244//2378 513//2378 2388//2378 
f 2388//2379 513//2379 2672//2379 
f 2501//2380 549//2380 2673//2380 
f 1408//2381 58//2381 2389//2381 
f 1402//2382 2673//2382 549//2382 
f 2386//2383 1271//2383 544//2383 
f 1380//2384 2674//2384 1234//2384 
f 2386//2385 544//2385 2634//2385 
f 238//2386 2674//2386 1380//2386 
f 238//2387 1380//2387 1393//2387 
f 2673//2388 1402//2388 2675//2388 
f 2676//2389 238//2389 1393//2389 
f 1406//2390 2676//2390 1393//2390 
f 2673//2391 2675//2391 2677//2391 
f 1232//2392 1380//2392 1234//2392 
f 2677//2393 2501//2393 2673//2393 
f 238//2394 2676//2394 2674//2394 
f 2634//2395 244//2395 2388//2395 
f 548//2396 1402//2396 549//2396 
f 1402//2397 548//2397 1235//2397 
f 1235//2398 2385//2398 1402//2398 
f 2681//2399 2683//2399 2682//2399 
f 2683//2400 2684//2400 2682//2400 
f 2682//2401 2684//2401 2681//2401 
f 551//2402 543//2402 1234//2402 
f 2694//2403 2680//2403 274//2403 
f 2691//2404 2690//2404 1534//2404 
f 1545//2405 2671//2405 1235//2405 
f 2687//2406 2689//2406 2688//2406 
f 2630//2407 2502//2407 1400//2407 
f 556//2408 1397//2408 1399//2408 
f 1401//2409 1400//2409 2502//2409 
f 1399//2410 1397//2410 2679//2410 
f 2630//2411 1394//2411 2502//2411 
f 1400//2412 1394//2412 2630//2412 
f 1232//2413 543//2413 2678//2413 
f 1232//2414 2678//2414 1395//2414 
f 1232//2415 1234//2415 543//2415 
f 2686//2416 1534//2416 2690//2416 
f 2385//2417 1235//2417 2671//2417 
f 2691//2418 1534//2418 2686//2418 
f 543//2419 551//2419 2678//2419 
f 2685//2420 2635//2420 274//2420 
f 274//2421 2680//2421 2685//2421 
f 2679//2422 2631//2422 1399//2422 
f 2631//2423 556//2423 1399//2423 
f 2692//2424 2667//2424 2668//2424 
f 2667//2425 2692//2425 2669//2425 
f 2669//2426 2692//2426 2668//2426 
f 2632//2427 1235//2427 548//2427 
f 274//2428 2645//2428 2670//2428 
f 2643//2429 2693//2429 2644//2429 
f 2670//2430 2694//2430 274//2430 
f 274//2431 2635//2431 2645//2431 
f 2644//2432 2671//2432 2632//2432 
f 2632//2433 2671//2433 1545//2433 
f 1545//2434 1235//2434 2632//2434 
f 2645//2435 2635//2435 2670//2435 
f 2632//2436 563//2436 546//2436 
f 563//2437 2632//2437 548//2437 
f 546//2438 558//2438 109//2438 
f 2644//2439 2632//2439 2643//2439 
f 557//2440 1052//2440 988//2440 
f 2643//2441 2632//2441 988//2441 
f 2697//2442 2693//2442 2643//2442 
f 988//2443 1052//2443 135//2443 
f 988//2444 135//2444 554//2444 
f 2697//2445 1053//2445 1051//2445 
f 2643//2446 988//2446 554//2446 
f 554//2447 1051//2447 1053//2447 
f 2631//2448 1065//2448 1386//2448 
f 554//2449 1053//2449 2643//2449 
f 556//2450 2631//2450 1063//2450 
f 556//2451 1063//2451 1398//2451 
f 2697//2452 2643//2452 1053//2452 
f 2631//2453 1386//2453 1063//2453 
f 1052//2454 1051//2454 554//2454 
f 1389//2455 1398//2455 1063//2455 
f 1389//2456 1063//2456 204//2456 
f 1386//2457 141//2457 1063//2457 
f 991//2458 981//2458 1064//2458 
f 553//2459 991//2459 1064//2459 
f 1051//2460 1052//2460 2699//2460 
f 554//2461 135//2461 1052//2461 
f 1052//2462 557//2462 1050//2462 
f 2696//2463 2699//2463 1052//2463 
f 2700//2464 2728//2464 553//2464 
f 2702//2465 2696//2465 1052//2465 
f 553//2466 1064//2466 2698//2466 
f 1052//2467 1050//2467 2702//2467 
f 569//2468 2704//2468 147//2468 
f 1050//2469 2653//2469 2702//2469 
f 2653//2470 1050//2470 557//2470 
f 557//2471 109//2471 2653//2471 
f 2695//2472 2728//2472 2700//2472 
f 2653//2473 109//2473 2703//2473 
f 553//2474 2728//2474 569//2474 
f 569//2475 147//2475 553//2475 
f 2698//2476 2700//2476 553//2476 
f 2695//2477 2707//2477 2728//2477 
f 2718//2478 2720//2478 2719//2478 
f 567//2479 109//2479 2648//2479 
f 2721//2480 8//2480 2723//2480 
f 2713//2481 2725//2481 574//2481 
f 2660//2482 2642//2482 2736//2482 
f 564//2483 2729//2483 109//2483 
f 2648//2484 867//2484 2714//2484 
f 569//2485 2728//2485 2701//2485 
f 564//2486 2734//2486 612//2486 
f 611//2487 2736//2487 2726//2487 
f 612//2488 2714//2488 564//2488 
f 567//2489 2705//2489 2732//2489 
f 2704//2490 569//2490 2701//2490 
f 583//2491 2721//2491 2733//2491 
f 2711//2492 583//2492 2733//2492 
f 2726//2493 2734//2493 611//2493 
f 2933//2494 612//2494 607//2494 
f 2735//2495 2718//2495 2719//2495 
f 2648//2496 2727//2496 1549//2496 
f 2734//2497 607//2497 612//2497 
f 2727//2498 2648//2498 612//2498 
f 2724//2499 583//2499 2711//2499 
f 2933//2500 2737//2500 612//2500 
f 567//2501 2633//2501 2705//2501 
f 2660//2502 2734//2502 580//2502 
f 2737//2503 2727//2503 612//2503 
f 2648//2504 109//2504 2729//2504 
f 2744//2505 2649//2505 2710//2505 
f 2731//2506 2744//2506 2710//2506 
f 2660//2507 2736//2507 611//2507 
f 2660//2508 611//2508 2734//2508 
f 1549//2509 2633//2509 2648//2509 
f 2732//2510 2646//2510 567//2510 
f 2633//2511 567//2511 2648//2511 
f 2705//2512 2633//2512 1549//2512 
f 2714//2513 612//2513 2648//2513 
f 2724//2514 8//2514 583//2514 
f 2721//2515 583//2515 8//2515 
f 2638//2516 248//2516 2637//2516 
f 2646//2517 109//2517 567//2517 
f 2707//2518 2746//2518 2706//2518 
f 2646//2519 2732//2519 109//2519 
f 2706//2520 2746//2520 2747//2520 
f 2728//2521 2707//2521 2706//2521 
f 2743//2522 2731//2522 2710//2522 
f 2731//2523 2743//2523 2744//2523 
f 2732//2524 2703//2524 109//2524 
f 2734//2525 564//2525 580//2525 
f 564//2526 2660//2526 580//2526 
f 2701//2527 2728//2527 2747//2527 
f 2748//2528 2710//2528 1036//2528 
f 2710//2529 2748//2529 2743//2529 
f 2747//2530 2728//2530 2706//2530 
f 2710//2531 1048//2531 1036//2531 
f 867//2532 2648//2532 2729//2532 
f 564//2533 2714//2533 2729//2533 
f 109//2534 2660//2534 564//2534 
f 2642//2535 2652//2535 2736//2535 
f 2650//2536 2708//2536 2574//2536 
f 2574//2537 2638//2537 2650//2537 
f 2749//2538 2640//2538 2570//2538 
f 2650//2539 2638//2539 2637//2539 
f 2640//2540 2749//2540 270//2540 
f 2751//2541 2749//2541 2588//2541 
f 248//2542 2640//2542 582//2542 
f 2753//2543 2719//2543 2720//2543 
f 582//2544 2750//2544 626//2544 
f 2718//2545 2735//2545 2720//2545 
f 607//2546 2712//2546 2905//2546 
f 2720//2547 2735//2547 2753//2547 
f 607//2548 2726//2548 2736//2548 
f 2736//2549 2652//2549 2738//2549 
f 2754//2550 2650//2550 582//2550 
f 2730//2551 2712//2551 607//2551 
f 2730//2552 2752//2552 2712//2552 
f 2734//2553 2726//2553 607//2553 
f 626//2554 2754//2554 582//2554 
f 2764//2555 2658//2555 540//2555 
f 2740//2556 626//2556 2755//2556 
f 2765//2557 540//2557 2909//2557 
f 2764//2558 540//2558 2765//2558 
f 607//2559 2738//2559 2730//2559 
f 2753//2560 2735//2560 2719//2560 
f 2736//2561 2738//2561 607//2561 
f 2738//2562 2752//2562 2730//2562 
f 2755//2563 626//2563 2750//2563 
f 626//2564 2762//2564 2754//2564 
f 270//2565 2749//2565 2751//2565 
f 582//2566 2650//2566 2637//2566 
f 2637//2567 248//2567 582//2567 
f 582//2568 270//2568 2751//2568 
f 2750//2569 2751//2569 2588//2569 
f 2588//2570 2755//2570 2750//2570 
f 2751//2571 2750//2571 582//2571 
f 501//2572 2771//2572 2606//2572 
f 2583//2573 2596//2573 2593//2573 
f 2583//2574 598//2574 2596//2574 
f 2583//2575 2567//2575 2769//2575 
f 2//2576 2760//2576 576//2576 
f 533//2577 2772//2577 2761//2577 
f 2570//2578 2606//2578 2749//2578 
f 2760//2579 2//2579 2806//2579 
f 2786//2580 2761//2580 13//2580 
f 2761//2581 2722//2581 13//2581 
f 2772//2582 728//2582 2761//2582 
f 73//2583 2780//2583 596//2583 
f 2772//2584 2786//2584 2778//2584 
f 2//2585 576//2585 2781//2585 
f 2722//2586 2758//2586 540//2586 
f 2758//2587 2722//2587 570//2587 
f 2722//2588 540//2588 2658//2588 
f 2658//2589 13//2589 2722//2589 
f 2722//2590 2761//2590 570//2590 
f 2780//2591 73//2591 2783//2591 
f 587//2592 588//2592 620//2592 
f 2770//2593 2606//2593 2771//2593 
f 2606//2594 2570//2594 501//2594 
f 2607//2595 2771//2595 501//2595 
f 533//2596 2761//2596 2786//2596 
f 2767//2597 2785//2597 2390//2597 
f 2767//2598 2390//2598 541//2598 
f 598//2599 2767//2599 2596//2599 
f 2767//2600 541//2600 2598//2600 
f 533//2601 2786//2601 2772//2601 
f 2830//2602 2791//2602 2786//2602 
f 2786//2603 2766//2603 526//2603 
f 573//2604 598//2604 2787//2604 
f 2786//2605 526//2605 625//2605 
f 2582//2606 2565//2606 223//2606 
f 644//2607 645//2607 2793//2607 
f 586//2608 623//2608 2490//2608 
f 145//2609 527//2609 2597//2609 
f 2796//2610 2806//2610 2//2610 
f 2867//2611 2800//2611 2799//2611 
f 2799//2612 2800//2612 2867//2612 
f 601//2613 585//2613 595//2613 
f 2796//2614 2//2614 2817//2614 
f 2795//2615 2615//2615 591//2615 
f 2776//2616 597//2616 2810//2616 
f 588//2617 587//2617 620//2617 
f 2817//2618 2//2618 2775//2618 
f 2812//2619 72//2619 2805//2619 
f 2774//2620 2814//2620 600//2620 
f 2794//2621 595//2621 2820//2621 
f 2565//2622 623//2622 586//2622 
f 2816//2623 2777//2623 145//2623 
f 2777//2624 527//2624 145//2624 
f 2784//2625 2577//2625 623//2625 
f 2490//2626 2565//2626 586//2626 
f 624//2627 2784//2627 2774//2627 
f 2809//2628 2814//2628 2763//2628 
f 2774//2629 2784//2629 623//2629 
f 2565//2630 2582//2630 2797//2630 
f 650//2631 623//2631 2565//2631 
f 2781//2632 2782//2632 2//2632 
f 2831//2633 2797//2633 2564//2633 
f 2822//2634 623//2634 2798//2634 
f 2798//2635 623//2635 2797//2635 
f 650//2636 2565//2636 2797//2636 
f 2763//2637 2814//2637 2774//2637 
f 2816//2638 145//2638 2819//2638 
f 2821//2639 2815//2639 622//2639 
f 595//2640 2832//2640 2820//2640 
f 2823//2641 145//2641 2597//2641 
f 2823//2642 2819//2642 145//2642 
f 2797//2643 2582//2643 2564//2643 
f 601//2644 595//2644 2575//2644 
f 2797//2645 623//2645 650//2645 
f 2782//2646 2817//2646 2775//2646 
f 2767//2647 598//2647 573//2647 
f 2749//2648 2606//2648 2588//2648 
f 2606//2649 2826//2649 2588//2649 
f 2767//2650 573//2650 2792//2650 
f 2792//2651 2785//2651 2767//2651 
f 2606//2652 2770//2652 2826//2652 
f 597//2653 2776//2653 2850//2653 
f 2583//2654 2769//2654 2825//2654 
f 2775//2655 2//2655 2782//2655 
f 598//2656 2583//2656 2827//2656 
f 2827//2657 2828//2657 598//2657 
f 2787//2658 2792//2658 573//2658 
f 2781//2659 576//2659 625//2659 
f 2825//2660 2827//2660 2583//2660 
f 2828//2661 2787//2661 598//2661 
f 2786//2662 2791//2662 2766//2662 
f 2764//2663 2829//2663 2658//2663 
f 2829//2664 2786//2664 13//2664 
f 2658//2665 2829//2665 13//2665 
f 2829//2666 2830//2666 2786//2666 
f 526//2667 2766//2667 625//2667 
f 2781//2668 2766//2668 2768//2668 
f 625//2669 2766//2669 2781//2669 
f 576//2670 2760//2670 625//2670 
f 2781//2671 2768//2671 2782//2671 
f 2773//2672 2786//2672 2760//2672 
f 2786//2673 625//2673 2760//2673 
f 2838//2674 2795//2674 591//2674 
f 2804//2675 90//2675 728//2675 
f 2831//2676 2798//2676 2797//2676 
f 2774//2677 2813//2677 2809//2677 
f 585//2678 590//2678 72//2678 
f 590//2679 2805//2679 72//2679 
f 585//2680 72//2680 595//2680 
f 624//2681 2774//2681 2807//2681 
f 591//2682 2615//2682 599//2682 
f 2774//2683 2809//2683 2763//2683 
f 2807//2684 2774//2684 600//2684 
f 2812//2685 2805//2685 2808//2685 
f 2774//2686 623//2686 2822//2686 
f 595//2687 2815//2687 2832//2687 
f 622//2688 595//2688 72//2688 
f 2815//2689 595//2689 622//2689 
f 2821//2690 622//2690 2836//2690 
f 2779//2691 2774//2691 2822//2691 
f 2813//2692 2774//2692 2837//2692 
f 2837//2693 2774//2693 2779//2693 
f 2836//2694 72//2694 2808//2694 
f 2836//2695 622//2695 72//2695 
f 2805//2696 2864//2696 2808//2696 
f 2839//2697 591//2697 599//2697 
f 2838//2698 591//2698 2839//2698 
f 2812//2699 2808//2699 72//2699 
f 2805//2700 590//2700 2841//2700 
f 590//2701 2842//2701 2841//2701 
f 2805//2702 584//2702 2864//2702 
f 2844//2703 2811//2703 603//2703 
f 2803//2704 2802//2704 2866//2704 
f 2803//2705 651//2705 2802//2705 
f 2805//2706 2841//2706 2840//2706 
f 520//2707 2760//2707 2806//2707 
f 2773//2708 2818//2708 2846//2708 
f 2804//2709 728//2709 2778//2709 
f 2773//2710 2760//2710 592//2710 
f 2772//2711 2778//2711 728//2711 
f 2846//2712 2778//2712 2773//2712 
f 2773//2713 592//2713 2818//2713 
f 603//2714 2811//2714 2899//2714 
f 2846//2715 2804//2715 2778//2715 
f 2865//2716 2847//2716 2882//2716 
f 2847//2717 2865//2717 2897//2717 
f 2899//2718 2811//2718 726//2718 
f 2790//2719 90//2719 2896//2719 
f 2858//2720 2860//2720 2859//2720 
f 2867//2721 2799//2721 655//2721 
f 2842//2722 2840//2722 2841//2722 
f 651//2723 652//2723 2802//2723 
f 2802//2724 652//2724 2866//2724 
f 2845//2725 584//2725 2801//2725 
f 2868//2726 2870//2726 2869//2726 
f 2864//2727 584//2727 2845//2727 
f 2860//2728 2871//2728 2859//2728 
f 659//2729 2975//2729 2985//2729 
f 584//2730 2840//2730 2857//2730 
f 584//2731 2857//2731 2801//2731 
f 584//2732 2805//2732 2840//2732 
f 2872//2733 2874//2733 2873//2733 
f 2866//2734 652//2734 653//2734 
f 2576//2735 2867//2735 654//2735 
f 2840//2736 2875//2736 2857//2736 
f 2875//2737 2840//2737 2876//2737 
f 2862//2738 2877//2738 2856//2738 
f 594//2739 2576//2739 631//2739 
f 2862//2740 2982//2740 14//2740 
f 2842//2741 2876//2741 2840//2741 
f 2856//2742 2877//2742 2861//2742 
f 14//2743 2877//2743 2862//2743 
f 631//2744 655//2744 2878//2744 
f 2576//2745 606//2745 2844//2745 
f 2844//2746 2867//2746 2576//2746 
f 631//2747 2576//2747 654//2747 
f 631//2748 654//2748 655//2748 
f 2878//2749 2843//2749 631//2749 
f 703//2750 92//2750 594//2750 
f 529//2751 609//2751 2865//2751 
f 1502//2752 594//2752 92//2752 
f 631//2753 2843//2753 594//2753 
f 2861//2754 2877//2754 2885//2754 
f 2962//2755 14//2755 2982//2755 
f 2877//2756 14//2756 2885//2756 
f 594//2757 2843//2757 703//2757 
f 589//2758 2863//2758 1502//2758 
f 2576//2759 594//2759 606//2759 
f 2908//2760 703//2760 2879//2760 
f 2863//2761 589//2761 606//2761 
f 1502//2762 2863//2762 594//2762 
f 2850//2763 2776//2763 2810//2763 
f 2902//2764 2849//2764 2852//2764 
f 2811//2765 2844//2765 606//2765 
f 606//2766 589//2766 2849//2766 
f 594//2767 2863//2767 606//2767 
f 589//2768 2887//2768 529//2768 
f 589//2769 529//2769 2849//2769 
f 529//2770 2852//2770 2849//2770 
f 2865//2771 2852//2771 529//2771 
f 2896//2772 2804//2772 2790//2772 
f 2897//2773 2865//2773 2855//2773 
f 2896//2774 90//2774 2804//2774 
f 2854//2775 2865//2775 2882//2775 
f 615//2776 730//2776 609//2776 
f 726//2777 2901//2777 2899//2777 
f 606//2778 2849//2778 726//2778 
f 726//2779 2849//2779 2900//2779 
f 592//2780 520//2780 2851//2780 
f 2900//2781 2901//2781 726//2781 
f 2760//2782 520//2782 592//2782 
f 2761//2783 728//2783 570//2783 
f 2811//2784 606//2784 726//2784 
f 2846//2785 2818//2785 2848//2785 
f 2895//2786 2818//2786 592//2786 
f 2894//2787 2855//2787 2865//2787 
f 2865//2788 609//2788 2894//2788 
f 609//2789 730//2789 2894//2789 
f 2854//2790 2852//2790 2865//2790 
f 2818//2791 2895//2791 2848//2791 
f 249//2792 609//2792 529//2792 
f 529//2793 2788//2793 249//2793 
f 2900//2794 2849//2794 2902//2794 
f 2852//2795 2854//2795 2902//2795 
f 2895//2796 592//2796 2851//2796 
f 613//2797 2907//2797 15//2797 
f 613//2798 90//2798 2907//2798 
f 90//2799 91//2799 2907//2799 
f 2762//2800 626//2800 2740//2800 
f 91//2801 90//2801 2790//2801 
f 2907//2802 91//2802 2790//2802 
f 2910//2803 2912//2803 2911//2803 
f 94//2804 540//2804 2759//2804 
f 94//2805 608//2805 540//2805 
f 608//2806 2909//2806 540//2806 
f 613//2807 15//2807 2757//2807 
f 94//2808 15//2808 2913//2808 
f 608//2809 2924//2809 571//2809 
f 2917//2810 2919//2810 2918//2810 
f 2916//2811 2909//2811 608//2811 
f 608//2812 94//2812 2913//2812 
f 2938//2813 2909//2813 2916//2813 
f 2913//2814 2924//2814 608//2814 
f 732//2815 15//2815 2907//2815 
f 2913//2816 575//2816 2924//2816 
f 730//2817 615//2817 2921//2817 
f 2880//2818 15//2818 2925//2818 
f 2925//2819 15//2819 732//2819 
f 15//2820 2880//2820 727//2820 
f 727//2821 2924//2821 575//2821 
f 727//2822 2913//2822 15//2822 
f 2927//2823 2917//2823 2918//2823 
f 2924//2824 727//2824 3293//2824 
f 727//2825 575//2825 2913//2825 
f 770//2826 2739//2826 2926//2826 
f 571//2827 572//2827 2915//2827 
f 2926//2828 550//2828 770//2828 
f 572//2829 2926//2829 2739//2829 
f 883//2830 3783//2830 618//2830 
f 2915//2831 2739//2831 770//2831 
f 2936//2832 571//2832 2915//2832 
f 607//2833 2944//2833 2933//2833 
f 607//2834 2905//2834 2944//2834 
f 2742//2835 2932//2835 8//2835 
f 2915//2836 572//2836 2739//2836 
f 2713//2837 574//2837 2715//2837 
f 619//2838 2932//2838 2742//2838 
f 2929//2839 2932//2839 619//2839 
f 619//2840 2939//2840 2929//2840 
f 2939//2841 619//2841 2928//2841 
f 770//2842 2939//2842 2928//2842 
f 550//2843 2926//2843 2939//2843 
f 2930//2844 2941//2844 2932//2844 
f 2939//2845 770//2845 550//2845 
f 2930//2846 2914//2846 2941//2846 
f 2932//2847 2941//2847 2906//2847 
f 8//2848 619//2848 2742//2848 
f 628//2849 2945//2849 2942//2849 
f 2942//2850 2940//2850 628//2850 
f 2932//2851 2906//2851 8//2851 
f 2938//2852 2916//2852 608//2852 
f 2936//2853 2709//2853 571//2853 
f 2709//2854 608//2854 571//2854 
f 2928//2855 2717//2855 2934//2855 
f 2928//2856 2934//2856 2935//2856 
f 2943//2857 2910//2857 2911//2857 
f 728//2858 90//2858 613//2858 
f 2757//2859 15//2859 2756//2859 
f 2758//2860 2756//2860 2759//2860 
f 2759//2861 2756//2861 15//2861 
f 2759//2862 15//2862 94//2862 
f 2757//2863 570//2863 613//2863 
f 2756//2864 2758//2864 2757//2864 
f 2758//2865 570//2865 2757//2865 
f 570//2866 728//2866 613//2866 
f 2759//2867 540//2867 2758//2867 
f 2709//2868 2938//2868 608//2868 
f 2717//2869 2711//2869 2935//2869 
f 2936//2870 2938//2870 2709//2870 
f 2945//2871 628//2871 2725//2871 
f 2711//2872 2741//2872 2935//2872 
f 2935//2873 2934//2873 2717//2873 
f 619//2874 8//2874 2724//2874 
f 2905//2875 2712//2875 2944//2875 
f 2717//2876 2928//2876 619//2876 
f 770//2877 2928//2877 2935//2877 
f 2946//2878 2904//2878 2903//2878 
f 2904//2879 2946//2879 2947//2879 
f 2741//2880 2937//2880 2935//2880 
f 2915//2881 770//2881 2935//2881 
f 618//2882 628//2882 883//2882 
f 2723//2883 8//2883 2906//2883 
f 2903//2884 2904//2884 2946//2884 
f 2724//2885 2711//2885 2717//2885 
f 619//2886 2724//2886 2717//2886 
f 2725//2887 628//2887 574//2887 
f 2915//2888 2935//2888 2937//2888 
f 2937//2889 2936//2889 2915//2889 
f 628//2890 2940//2890 883//2890 
f 144//2891 1045//2891 618//2891 
f 618//2892 1041//2892 1035//2892 
f 1046//2893 1031//2893 139//2893 
f 1045//2894 144//2894 1007//2894 
f 618//2895 3783//2895 1041//2895 
f 577//2896 574//2896 628//2896 
f 1032//2897 2950//2897 627//2897 
f 2951//2898 628//2898 618//2898 
f 577//2899 2951//2899 614//2899 
f 577//2900 628//2900 2951//2900 
f 2952//2901 1004//2901 2948//2901 
f 2951//2902 618//2902 614//2902 
f 1029//2903 2949//2903 2953//2903 
f 902//2904 1//2904 2710//2904 
f 2710//2905 2649//2905 2950//2905 
f 2950//2906 902//2906 2710//2906 
f 577//2907 614//2907 574//2907 
f 574//2908 614//2908 2715//2908 
f 139//2909 998//2909 1046//2909 
f 1033//2910 1049//2910 1//2910 
f 614//2911 618//2911 2954//2911 
f 1033//2912 1032//2912 627//2912 
f 1042//2913 112//2913 108//2913 
f 902//2914 2950//2914 1033//2914 
f 2954//2915 618//2915 1045//2915 
f 1//2916 108//2916 112//2916 
f 1033//2917 1//2917 902//2917 
f 1//2918 112//2918 2710//2918 
f 2710//2919 2716//2919 1048//2919 
f 147//2920 2704//2920 2955//2920 
f 1042//2921 108//2921 2716//2921 
f 108//2922 1048//2922 2716//2922 
f 2716//2923 2710//2923 1042//2923 
f 1042//2924 2710//2924 112//2924 
f 1036//2925 108//2925 1055//2925 
f 108//2926 1036//2926 1048//2926 
f 2959//2927 2982//2927 512//2927 
f 2886//2928 391//2928 392//2928 
f 660//2929 2968//2929 2965//2929 
f 2968//2930 2964//2930 2965//2930 
f 2965//2931 2974//2931 660//2931 
f 2979//2932 2972//2932 2961//2932 
f 719//2933 2974//2933 2965//2933 
f 2978//2934 2965//2934 2964//2934 
f 719//2935 2965//2935 2978//2935 
f 2977//2936 637//2936 2966//2936 
f 2964//2937 2981//2937 2978//2937 
f 2983//2938 2986//2938 2862//2938 
f 2956//2939 2962//2939 633//2939 
f 723//2940 2961//2940 67//2940 
f 723//2941 67//2941 392//2941 
f 723//2942 392//2942 2959//2942 
f 2961//2943 634//2943 2979//2943 
f 723//2944 636//2944 2960//2944 
f 2960//2945 2961//2945 723//2945 
f 661//2946 74//2946 2985//2946 
f 2981//2947 2964//2947 2971//2947 
f 2964//2948 2968//2948 2971//2948 
f 633//2949 2980//2949 2959//2949 
f 2962//2950 2980//2950 633//2950 
f 3365//2951 1989//2951 741//2951 
f 2982//2952 2862//2952 2986//2952 
f 2982//2953 2959//2953 2958//2953 
f 2962//2954 2982//2954 2980//2954 
f 2980//2955 2982//2955 2958//2955 
f 2959//2956 2980//2956 2958//2956 
f 636//2957 723//2957 2959//2957 
f 512//2958 636//2958 2959//2958 
f 2960//2959 636//2959 512//2959 
f 2983//2960 512//2960 2982//2960 
f 649//2961 658//2961 2835//2961 
f 2963//2962 656//2962 637//2962 
f 74//2963 2973//2963 2985//2963 
f 656//2964 735//2964 2984//2964 
f 2963//2965 735//2965 656//2965 
f 2977//2966 2966//2966 3011//2966 
f 2960//2967 2988//2967 634//2967 
f 634//2968 2961//2968 2960//2968 
f 637//2969 2977//2969 2963//2969 
f 2988//2970 2979//2970 634//2970 
f 2985//2971 2973//2971 659//2971 
f 519//2972 511//2972 447//2972 
f 1581//2973 2985//2973 2534//2973 
f 2534//2974 2985//2974 2975//2974 
f 447//2975 524//2975 519//2975 
f 2982//2976 2986//2976 2983//2976 
f 528//2977 392//2977 67//2977 
f 2561//2978 2991//2978 2990//2978 
f 661//2979 2985//2979 647//2979 
f 647//2980 2985//2980 1581//2980 
f 656//2981 2984//2981 658//2981 
f 2989//2982 647//2982 2534//2982 
f 511//2983 3039//2983 2995//2983 
f 2592//2984 2555//2984 639//2984 
f 2534//2985 647//2985 1581//2985 
f 2960//2986 512//2986 2987//2986 
f 2998//2987 601//2987 2575//2987 
f 639//2988 2555//2988 2581//2988 
f 2592//2989 640//2989 505//2989 
f 3031//2990 604//2990 3004//2990 
f 2575//2991 595//2991 3000//2991 
f 658//2992 2833//2992 3001//2992 
f 3002//2993 447//2993 511//2993 
f 649//2994 657//2994 604//2994 
f 3021//2995 2550//2995 3010//2995 
f 521//2996 649//2996 3014//2996 
f 657//2997 649//2997 521//2997 
f 604//2998 657//2998 3004//2998 
f 3000//2999 595//2999 2794//2999 
f 2564//3000 2582//3000 3003//3000 
f 2582//3001 223//3001 3003//3001 
f 2595//3002 3003//3002 223//3002 
f 521//3003 3014//3003 3005//3003 
f 3005//3004 3006//3004 521//3004 
f 2543//3005 2592//3005 505//3005 
f 3002//3006 511//3006 3007//3006 
f 3007//3007 511//3007 2995//3007 
f 20//3008 2550//3008 2534//3008 
f 447//3009 3002//3009 3019//3009 
f 2975//3010 20//3010 2534//3010 
f 2551//3011 2975//3011 659//3011 
f 637//3012 79//3012 2966//3012 
f 79//3013 3011//3013 2966//3013 
f 2551//3014 20//3014 2975//3014 
f 604//3015 637//3015 656//3015 
f 637//3016 604//3016 79//3016 
f 2835//3017 658//3017 3001//3017 
f 649//3018 604//3018 658//3018 
f 590//3019 585//3019 2998//3019 
f 656//3020 658//3020 604//3020 
f 2987//3021 512//3021 2834//3021 
f 2833//3022 658//3022 2984//3022 
f 3015//3023 512//3023 2983//3023 
f 512//3024 2824//3024 2834//3024 
f 649//3025 2835//3025 3014//3025 
f 2998//3026 585//3026 601//3026 
f 512//3027 3015//3027 2824//3027 
f 3004//3028 657//3028 521//3028 
f 2999//3029 3031//3029 3009//3029 
f 3009//3030 3031//3030 3004//3030 
f 3018//3031 2990//3031 2991//3031 
f 648//3032 3020//3032 3017//3032 
f 3010//3033 3013//3033 3021//3033 
f 3024//3034 3016//3034 638//3034 
f 2993//3035 3020//3035 648//3035 
f 447//3036 3019//3036 3023//3036 
f 3031//3037 3022//3037 638//3037 
f 3022//3038 3031//3038 2999//3038 
f 2563//3039 447//3039 2560//3039 
f 524//3040 447//3040 2563//3040 
f 2993//3041 648//3041 515//3041 
f 2554//3042 2544//3042 648//3042 
f 648//3043 2544//3043 2562//3043 
f 3023//3044 2993//3044 515//3044 
f 3026//3045 2559//3045 2543//3045 
f 2543//3046 2533//3046 3026//3046 
f 515//3047 648//3047 2562//3047 
f 2990//3048 3018//3048 3027//3048 
f 3027//3049 2591//3049 2990//3049 
f 2584//3050 639//3050 2581//3050 
f 3008//3051 3004//3051 3029//3051 
f 3006//3052 3029//3052 521//3052 
f 521//3053 3029//3053 3004//3053 
f 639//3054 2584//3054 3028//3054 
f 2999//3055 3004//3055 3008//3055 
f 2561//3056 2990//3056 3017//3056 
f 2990//3057 2554//3057 3017//3057 
f 3017//3058 2554//3058 648//3058 
f 447//3059 3023//3059 2560//3059 
f 3023//3060 515//3060 2560//3060 
f 638//3061 3022//3061 3024//3061 
f 2842//3062 590//3062 2998//3062 
f 659//3063 3030//3063 2551//3063 
f 3031//3064 621//3064 604//3064 
f 604//3065 621//3065 79//3065 
f 3012//3066 79//3066 621//3066 
f 79//3067 3012//3067 3011//3067 
f 2551//3068 3030//3068 3010//3068 
f 2551//3069 3010//3069 20//3069 
f 3010//3070 3030//3070 3013//3070 
f 621//3071 3016//3071 3012//3071 
f 3031//3072 638//3072 621//3072 
f 638//3073 3016//3073 621//3073 
f 20//3074 3010//3074 2550//3074 
f 647//3075 2989//3075 663//3075 
f 667//3076 663//3076 2989//3076 
f 647//3077 3033//3077 661//3077 
f 676//3078 662//3078 3035//3078 
f 3035//3079 661//3079 676//3079 
f 68//3080 660//3080 2974//3080 
f 661//3081 3035//3081 3036//3081 
f 661//3082 3033//3082 662//3082 
f 676//3083 661//3083 662//3083 
f 3032//3084 662//3084 3033//3084 
f 3046//3085 2538//3085 2537//3085 
f 662//3086 672//3086 3038//3086 
f 647//3087 3032//3087 3033//3087 
f 647//3088 663//3088 3032//3088 
f 2553//3089 3025//3089 2552//3089 
f 662//3090 3032//3090 663//3090 
f 3047//3091 2989//3091 2534//3091 
f 2435//3092 669//3092 3042//3092 
f 3025//3093 519//3093 3046//3093 
f 2549//3094 2439//3094 3043//3094 
f 3034//3095 669//3095 2435//3095 
f 2439//3096 2407//3096 2442//3096 
f 3045//3097 2439//3097 2442//3097 
f 519//3098 2538//3098 3046//3098 
f 2548//3099 3044//3099 2538//3099 
f 3045//3100 3043//3100 2439//3100 
f 511//3101 519//3101 3025//3101 
f 3039//3102 511//3102 2552//3102 
f 2553//3103 2552//3103 511//3103 
f 511//3104 3025//3104 2553//3104 
f 2550//3105 3021//3105 3047//3105 
f 2552//3106 3025//3106 3046//3106 
f 2538//3107 3044//3107 2537//3107 
f 666//3108 3042//3108 669//3108 
f 635//3109 666//3109 669//3109 
f 3047//3110 2534//3110 2550//3110 
f 2552//3111 3046//3111 3040//3111 
f 667//3112 3047//3112 3049//3112 
f 2552//3113 3040//3113 3039//3113 
f 2537//3114 3040//3114 3046//3114 
f 667//3115 3049//3115 3041//3115 
f 3049//3116 635//3116 3041//3116 
f 2989//3117 3047//3117 667//3117 
f 3041//3118 663//3118 667//3118 
f 663//3119 3041//3119 662//3119 
f 3041//3120 635//3120 662//3120 
f 672//3121 662//3121 635//3121 
f 666//3122 635//3122 3049//3122 
f 3034//3123 3050//3123 672//3123 
f 672//3124 669//3124 3034//3124 
f 635//3125 669//3125 672//3125 
f 3051//3126 3053//3126 3052//3126 
f 3053//3127 3051//3127 3054//3127 
f 3054//3128 3051//3128 3052//3128 
f 3048//3129 2440//3129 370//3129 
f 642//3130 3048//3130 370//3130 
f 370//3131 3060//3131 2446//3131 
f 2440//3132 3060//3132 370//3132 
f 2128//3133 2450//3133 370//3133 
f 2331//3134 2434//3134 2274//3134 
f 370//3135 2446//3135 486//3135 
f 3060//3136 2445//3136 486//3136 
f 486//3137 2446//3137 3060//3137 
f 370//3138 486//3138 489//3138 
f 642//3139 2450//3139 2128//3139 
f 2128//3140 370//3140 489//3140 
f 2450//3141 642//3141 370//3141 
f 672//3142 3050//3142 675//3142 
f 68//3143 2140//3143 2970//3143 
f 2140//3144 68//3144 2976//3144 
f 3038//3145 664//3145 3067//3145 
f 672//3146 675//3146 3067//3146 
f 642//3147 3068//3147 3048//3147 
f 664//3148 3038//3148 672//3148 
f 642//3149 2128//3149 3106//3149 
f 3068//3150 642//3150 3106//3150 
f 3063//3151 678//3151 3065//3151 
f 3063//3152 3065//3152 3069//3152 
f 664//3153 672//3153 3067//3153 
f 2973//3154 74//3154 661//3154 
f 3036//3155 2973//3155 661//3155 
f 68//3156 2974//3156 668//3156 
f 2974//3157 2967//3157 668//3157 
f 662//3158 3072//3158 3035//3158 
f 668//3159 2967//3159 364//3159 
f 364//3160 2967//3160 3073//3160 
f 3072//3161 662//3161 2992//3161 
f 662//3162 3038//3162 2992//3162 
f 3076//3163 3073//3163 3037//3163 
f 3073//3164 3076//3164 493//3164 
f 3076//3165 665//3165 493//3165 
f 364//3166 3073//3166 493//3166 
f 80//3167 2149//3167 3090//3167 
f 2160//3168 443//3168 3078//3168 
f 3082//3169 3084//3169 3083//3169 
f 3086//3170 3088//3170 3087//3170 
f 679//3171 2152//3171 3085//3171 
f 433//3172 3190//3172 2152//3172 
f 3069//3173 3065//3173 3071//3173 
f 2129//3174 699//3174 3057//3174 
f 2961//3175 528//3175 67//3175 
f 3097//3176 2133//3176 3098//3176 
f 3098//3177 414//3177 2095//3177 
f 364//3178 2976//3178 68//3178 
f 2090//3179 2089//3179 3102//3179 
f 68//3180 668//3180 364//3180 
f 364//3181 2140//3181 2976//3181 
f 364//3182 677//3182 697//3182 
f 2137//3183 677//3183 3076//3183 
f 677//3184 665//3184 3076//3184 
f 2137//3185 3076//3185 3075//3185 
f 3103//3186 3105//3186 3104//3186 
f 3076//3187 3037//3187 3075//3187 
f 493//3188 665//3188 677//3188 
f 364//3189 493//3189 677//3189 
f 2151//3190 696//3190 3081//3190 
f 3106//3191 2128//3191 3134//3191 
f 3065//3192 3107//3192 3056//3192 
f 3107//3193 3065//3193 678//3193 
f 2128//3194 674//3194 3134//3194 
f 3071//3195 3096//3195 3057//3195 
f 2444//3196 2094//3196 3056//3196 
f 2094//3197 3095//3197 3056//3197 
f 2094//3198 3096//3198 3071//3198 
f 3065//3199 3095//3199 2094//3199 
f 2444//3200 680//3200 2141//3200 
f 3056//3201 3091//3201 2084//3201 
f 3056//3202 3095//3202 3065//3202 
f 3110//3203 3112//3203 3111//3203 
f 2444//3204 3056//3204 2084//3204 
f 686//3205 3080//3205 3113//3205 
f 433//3206 3114//3206 3190//3206 
f 687//3207 3055//3207 2416//3207 
f 2152//3208 3190//3208 2427//3208 
f 684//3209 687//3209 3134//3209 
f 3125//3210 3126//3210 2163//3210 
f 2421//3211 2420//3211 3129//3211 
f 3066//3212 85//3212 3092//3212 
f 85//3213 3128//3213 2422//3213 
f 2422//3214 3128//3214 3122//3214 
f 3055//3215 687//3215 684//3215 
f 2152//3216 3131//3216 3062//3216 
f 3091//3217 3056//3217 3132//3217 
f 3131//3218 2152//3218 2427//3218 
f 3190//3219 3080//3219 2427//3219 
f 3080//3220 3064//3220 2427//3220 
f 3080//3221 686//3221 3064//3221 
f 3127//3222 2420//3222 2421//3222 
f 3130//3223 3134//3223 687//3223 
f 3132//3224 3056//3224 3107//3224 
f 3134//3225 674//3225 684//3225 
f 3085//3226 2152//3226 3062//3226 
f 2420//3227 3127//3227 3116//3227 
f 3058//3228 2422//3228 3122//3228 
f 2420//3229 3116//3229 3129//3229 
f 681//3230 3130//3230 687//3230 
f 684//3231 674//3231 671//3231 
f 489//3232 674//3232 2128//3232 
f 489//3233 3059//3233 674//3233 
f 486//3234 3059//3234 489//3234 
f 3094//3235 681//3235 687//3235 
f 2425//3236 2423//3236 460//3236 
f 687//3237 2416//3237 3135//3237 
f 486//3238 674//3238 3059//3238 
f 671//3239 674//3239 2432//3239 
f 2432//3240 2434//3240 2433//3240 
f 2416//3241 3061//3241 2434//3241 
f 2416//3242 3055//3242 3061//3242 
f 671//3243 2432//3243 684//3243 
f 2433//3244 684//3244 2432//3244 
f 475//3245 2417//3245 2278//3245 
f 3055//3246 684//3246 3061//3246 
f 3135//3247 2276//3247 687//3247 
f 85//3248 2422//3248 3058//3248 
f 3136//3249 2275//3249 2419//3249 
f 2276//3250 3135//3250 3138//3250 
f 2275//3251 460//3251 2419//3251 
f 85//3252 3058//3252 3137//3252 
f 3117//3253 687//3253 3138//3253 
f 3061//3254 2433//3254 2434//3254 
f 475//3255 2278//3255 2341//3255 
f 3094//3256 687//3256 3117//3256 
f 2276//3257 3138//3257 687//3257 
f 3148//3258 2184//3258 3140//3258 
f 3125//3259 2163//3259 3118//3259 
f 2118//3260 2122//3260 3090//3260 
f 2269//3261 3146//3261 3142//3261 
f 3142//3262 2185//3262 2269//3262 
f 3124//3263 3123//3263 3147//3263 
f 2187//3264 692//3264 2259//3264 
f 2239//3265 3121//3265 3115//3265 
f 3150//3266 2178//3266 3151//3266 
f 2260//3267 460//3267 2423//3267 
f 693//3268 3133//3268 3152//3268 
f 475//3269 2418//3269 2417//3269 
f 85//3270 3137//3270 460//3270 
f 2433//3271 3061//3271 684//3271 
f 2261//3272 1851//3272 685//3272 
f 2151//3273 3153//3273 696//3273 
f 2416//3274 3154//3274 3135//3274 
f 3154//3275 2416//3275 2415//3275 
f 3155//3276 2275//3276 3136//3276 
f 2275//3277 3155//3277 2425//3277 
f 2331//3278 2415//3278 2416//3278 
f 460//3279 2275//3279 2425//3279 
f 460//3280 3137//3280 2419//3280 
f 3150//3281 3156//3281 2178//3281 
f 465//3282 690//3282 3157//3282 
f 2271//3283 692//3283 2187//3283 
f 3166//3284 85//3284 3133//3284 
f 690//3285 2273//3285 2127//3285 
f 2127//3286 2273//3286 3115//3286 
f 690//3287 3120//3287 3157//3287 
f 460//3288 2260//3288 3133//3288 
f 3133//3289 2260//3289 3152//3289 
f 2150//3290 2131//3290 3079//3290 
f 85//3291 460//3291 3133//3291 
f 3152//3292 3119//3292 693//3292 
f 2239//3293 2265//3293 3121//3293 
f 3162//3294 3163//3294 3165//3294 
f 2068//3295 673//3295 3188//3295 
f 3164//3296 2165//3296 2166//3296 
f 3115//3297 3141//3297 2127//3297 
f 3158//3298 3092//3298 85//3298 
f 3158//3299 693//3299 3119//3299 
f 3133//3300 693//3300 3166//3300 
f 690//3301 2127//3301 3141//3301 
f 3120//3302 690//3302 3141//3302 
f 85//3303 693//3303 3158//3303 
f 693//3304 85//3304 3166//3304 
f 3124//3305 3168//3305 3123//3305 
f 3121//3306 3171//3306 3149//3306 
f 3168//3307 3147//3307 3123//3307 
f 3115//3308 3121//3308 3149//3308 
f 3148//3309 3162//3309 3165//3309 
f 3148//3310 3163//3310 3162//3310 
f 3121//3311 2265//3311 3171//3311 
f 2056//3312 3167//3312 3139//3312 
f 3139//3313 3167//3313 2179//3313 
f 2184//3314 3148//3314 3165//3314 
f 3173//3315 2185//3315 3145//3315 
f 2265//3316 2185//3316 3173//3316 
f 2161//3317 2182//3317 448//3317 
f 3175//3318 2263//3318 2188//3318 
f 2181//3319 2164//3319 2165//3319 
f 691//3320 3175//3320 2188//3320 
f 2161//3321 3144//3321 3179//3321 
f 2161//3322 3177//3322 3178//3322 
f 3140//3323 2184//3323 3165//3323 
f 443//3324 2167//3324 3078//3324 
f 2188//3325 2217//3325 691//3325 
f 446//3326 2161//3326 3178//3326 
f 694//3327 3143//3327 3180//3327 
f 2263//3328 2190//3328 2188//3328 
f 3146//3329 2185//3329 3142//3329 
f 3146//3330 3145//3330 2185//3330 
f 2186//3331 2185//3331 2265//3331 
f 3181//3332 3183//3332 3182//3332 
f 2161//3333 448//3333 3144//3333 
f 3139//3334 2179//3334 3174//3334 
f 3144//3335 448//3335 2182//3335 
f 3184//3336 3186//3336 3185//3336 
f 3143//3337 694//3337 3187//3337 
f 694//3338 3180//3338 3187//3338 
f 3177//3339 2161//3339 3179//3339 
f 446//3340 3178//3340 2194//3340 
f 2194//3341 3178//3341 3176//3341 
f 2194//3342 3176//3342 2197//3342 
f 673//3343 2118//3343 3090//3343 
f 3169//3344 3089//3344 3090//3344 
f 80//3345 3090//3345 2122//3345 
f 85//3346 3066//3346 3128//3346 
f 3199//3347 3170//3347 689//3347 
f 2131//3348 2156//3348 3189//3348 
f 3188//3349 673//3349 3090//3349 
f 3089//3350 3188//3350 3090//3350 
f 3126//3351 3118//3351 2163//3351 
f 3190//3352 3114//3352 3077//3352 
f 2149//3353 3169//3353 3090//3353 
f 679//3354 433//3354 2152//3354 
f 433//3355 3074//3355 3114//3355 
f 3191//3356 3082//3356 3083//3356 
f 80//3357 3192//3357 2149//3357 
f 2117//3358 3192//3358 80//3358 
f 3193//3359 679//3359 3085//3359 
f 3079//3360 2131//3360 3189//3360 
f 3108//3361 433//3361 3193//3361 
f 696//3362 2085//3362 3081//3362 
f 3193//3363 433//3363 679//3363 
f 3080//3364 3195//3364 3113//3364 
f 3190//3365 3077//3365 3195//3365 
f 3190//3366 3195//3366 3080//3366 
f 3112//3367 3110//3367 3196//3367 
f 2141//3368 680//3368 2084//3368 
f 2143//3369 2141//3369 2084//3369 
f 2084//3370 3091//3370 3109//3370 
f 3093//3371 433//3371 3108//3371 
f 2085//3372 696//3372 2087//3372 
f 2084//3373 3109//3373 2143//3373 
f 433//3374 3093//3374 3074//3374 
f 696//3375 3153//3375 3197//3375 
f 695//3376 2156//3376 2131//3376 
f 696//3377 3197//3377 3198//3377 
f 677//3378 430//3378 697//3378 
f 2138//3379 2133//3379 3097//3379 
f 698//3380 430//3380 2137//3380 
f 430//3381 677//3381 2137//3381 
f 698//3382 2136//3382 697//3382 
f 698//3383 697//3383 430//3383 
f 3071//3384 3065//3384 2094//3384 
f 2093//3385 699//3385 2129//3385 
f 3070//3386 364//3386 697//3386 
f 697//3387 2136//3387 3070//3387 
f 68//3388 2969//3388 3258//3388 
f 2090//3389 3099//3389 720//3389 
f 720//3390 2095//3390 2090//3390 
f 2140//3391 364//3391 3070//3391 
f 414//3392 2090//3392 2095//3392 
f 2970//3393 2091//3393 68//3393 
f 2091//3394 2969//3394 68//3394 
f 3057//3395 3096//3395 2129//3395 
f 698//3396 2137//3396 3075//3396 
f 2141//3397 2129//3397 2094//3397 
f 2094//3398 2444//3398 2141//3398 
f 2094//3399 2129//3399 3096//3399 
f 434//3400 2110//3400 3172//3400 
f 2120//3401 2121//3401 3159//3401 
f 3202//3402 3172//3402 2110//3402 
f 434//3403 3172//3403 3200//3403 
f 3161//3404 3160//3404 3201//3404 
f 2110//3405 701//3405 3202//3405 
f 442//3406 3188//3406 2180//3406 
f 3139//3407 2121//3407 2056//3407 
f 442//3408 2068//3408 3188//3408 
f 3164//3409 2166//3409 2181//3409 
f 2121//3410 3139//3410 3159//3410 
f 689//3411 2056//3411 3199//3411 
f 2181//3412 2165//3412 3164//3412 
f 3159//3413 3139//3413 3174//3413 
f 689//3414 3170//3414 2056//3414 
f 3490//3415 714//3415 798//3415 
f 798//3416 714//3416 3235//3416 
f 3490//3417 798//3417 3206//3417 
f 725//3418 717//3418 3206//3418 
f 717//3419 725//3419 104//3419 
f 87//3420 3485//3420 709//3420 
f 610//3421 725//3421 3206//3421 
f 3206//3422 798//3422 610//3422 
f 3206//3423 717//3423 1307//3423 
f 717//3424 3226//3424 1307//3424 
f 87//3425 709//3425 3219//3425 
f 1461//3426 225//3426 1570//3426 
f 3225//3427 754//3427 3220//3427 
f 1542//3428 1566//3428 1508//3428 
f 1506//3429 1542//3429 3227//3429 
f 3228//3430 747//3430 753//3430 
f 3227//3431 1542//3431 1508//3431 
f 1569//3432 753//3432 747//3432 
f 725//3433 3204//3433 104//3433 
f 3415//3434 104//3434 2922//3434 
f 3213//3435 3214//3435 3226//3435 
f 3204//3436 2922//3436 104//3436 
f 2789//3437 717//3437 104//3437 
f 3204//3438 3210//3438 2922//3438 
f 3415//3439 2922//3439 2923//3439 
f 3229//3440 2923//3440 3215//3440 
f 3215//3441 2923//3441 3320//3441 
f 2922//3442 3296//3442 3320//3442 
f 3320//3443 2923//3443 2922//3443 
f 712//3444 3244//3444 3246//3444 
f 3352//3445 745//3445 3391//3445 
f 3253//3446 3255//3446 3254//3446 
f 716//3447 3205//3447 703//3447 
f 605//3448 2888//3448 733//3448 
f 660//3449 68//3449 1977//3449 
f 633//3450 3314//3450 1491//3450 
f 3269//3451 3258//3451 718//3451 
f 3270//3452 718//3452 3271//3452 
f 3259//3453 3252//3453 3262//3453 
f 3276//3454 3269//3454 718//3454 
f 3278//3455 3259//3455 3262//3455 
f 3281//3456 2971//3456 2968//3456 
f 703//3457 2843//3457 2879//3457 
f 2861//3458 2885//3458 3282//3458 
f 3282//3459 14//3459 3264//3459 
f 2956//3460 633//3460 1491//3460 
f 92//3461 703//3461 2883//3461 
f 2888//3462 629//3462 715//3462 
f 703//3463 3205//3463 2883//3463 
f 3279//3464 3382//3464 3272//3464 
f 3212//3465 2889//3465 52//3465 
f 710//3466 3241//3466 709//3466 
f 630//3467 3251//3467 3284//3467 
f 3251//3468 3207//3468 797//3468 
f 3207//3469 52//3469 3229//3469 
f 3284//3470 3251//3470 2853//3470 
f 104//3471 3415//3471 2789//3471 
f 3485//3472 710//3472 709//3472 
f 3241//3473 3290//3473 709//3473 
f 725//3474 3210//3474 3204//3474 
f 610//3475 798//3475 3235//3475 
f 3210//3476 725//3476 610//3476 
f 3211//3477 3324//3477 3322//3477 
f 3294//3478 2925//3478 732//3478 
f 52//3479 3303//3479 3229//3479 
f 3284//3480 629//3480 630//3480 
f 3295//3481 3210//3481 610//3481 
f 3297//3482 3210//3482 3295//3482 
f 1503//3483 1502//3483 715//3483 
f 3212//3484 3207//3484 3251//3484 
f 2920//3485 2893//3485 2925//3485 
f 3297//3486 3263//3486 3210//3486 
f 301//3487 249//3487 3209//3487 
f 797//3488 3215//3488 3320//3488 
f 609//3489 249//3489 301//3489 
f 3293//3490 727//3490 2880//3490 
f 3235//3491 714//3491 610//3491 
f 3207//3492 3212//3492 52//3492 
f 3263//3493 615//3493 2898//3493 
f 610//3494 714//3494 3295//3494 
f 773//3495 3300//3495 2893//3495 
f 3212//3496 630//3496 3288//3496 
f 629//3497 3212//3497 3288//3497 
f 1503//3498 3284//3498 589//3498 
f 733//3499 2888//3499 715//3499 
f 52//3500 3287//3500 3305//3500 
f 3304//3501 52//3501 3305//3501 
f 3207//3502 3215//3502 797//3502 
f 3212//3503 3251//3503 630//3503 
f 3287//3504 52//3504 2889//3504 
f 2889//3505 3212//3505 2888//3505 
f 2889//3506 2888//3506 3306//3506 
f 2888//3507 2890//3507 3306//3507 
f 2891//3508 2890//3508 3286//3508 
f 3306//3509 2890//3509 2891//3509 
f 3289//3510 3308//3510 3238//3510 
f 3308//3511 3309//3511 3238//3511 
f 3238//3512 3309//3512 3310//3512 
f 733//3513 92//3513 3205//3513 
f 2956//3514 1491//3514 3311//3514 
f 3286//3515 2890//3515 605//3515 
f 605//3516 2890//3516 2888//3516 
f 2888//3517 3212//3517 629//3517 
f 3314//3518 633//3518 2886//3518 
f 92//3519 2883//3519 3205//3519 
f 2885//3520 14//3520 3282//3520 
f 1502//3521 92//3521 715//3521 
f 716//3522 703//3522 2908//3522 
f 3312//3523 660//3523 3328//3523 
f 3328//3524 660//3524 3258//3524 
f 2957//3525 2881//3525 497//3525 
f 3205//3526 605//3526 733//3526 
f 3298//3527 2957//3527 3325//3527 
f 716//3528 2908//3528 3313//3528 
f 3237//3529 716//3529 3313//3529 
f 716//3530 3259//3530 2884//3530 
f 3237//3531 3274//3531 3259//3531 
f 3259//3532 716//3532 3237//3532 
f 2884//3533 3205//3533 716//3533 
f 3280//3534 3261//3534 2957//3534 
f 633//3535 2959//3535 391//3535 
f 2957//3536 497//3536 3260//3536 
f 605//3537 3315//3537 3286//3537 
f 3316//3538 3315//3538 605//3538 
f 3238//3539 3310//3539 3317//3539 
f 3243//3540 3279//3540 3272//3540 
f 3316//3541 2884//3541 3259//3541 
f 3316//3542 3259//3542 3278//3542 
f 3317//3543 3279//3543 3243//3543 
f 2884//3544 605//3544 3205//3544 
f 605//3545 2884//3545 3316//3545 
f 2962//3546 2956//3546 3311//3546 
f 3298//3547 3280//3547 2957//3547 
f 3298//3548 3318//3548 3280//3548 
f 3259//3549 3274//3549 3319//3549 
f 3319//3550 3252//3550 3259//3550 
f 497//3551 2881//3551 3260//3551 
f 629//3552 3284//3552 1503//3552 
f 715//3553 92//3553 733//3553 
f 2853//3554 3251//3554 3209//3554 
f 3320//3555 3209//3555 3251//3555 
f 3251//3556 797//3556 3320//3556 
f 2881//3557 2957//3557 3261//3557 
f 14//3558 2962//3558 3264//3558 
f 3207//3559 3229//3559 3215//3559 
f 61//3560 3209//3560 3320//3560 
f 630//3561 629//3561 3288//3561 
f 715//3562 629//3562 1503//3562 
f 2920//3563 2925//3563 3294//3563 
f 2925//3564 2893//3564 3300//3564 
f 3263//3565 2921//3565 615//3565 
f 3210//3566 3296//3566 2922//3566 
f 529//3567 2887//3567 2788//3567 
f 3263//3568 731//3568 3296//3568 
f 731//3569 3263//3569 2898//3569 
f 3296//3570 3210//3570 3263//3570 
f 3263//3571 3297//3571 3321//3571 
f 2788//3572 2853//3572 249//3572 
f 2853//3573 3209//3573 249//3573 
f 572//3574 571//3574 95//3574 
f 3322//3575 3324//3575 3323//3575 
f 3293//3576 2880//3576 3300//3576 
f 2925//3577 3300//3577 2880//3577 
f 3321//3578 2921//3578 3263//3578 
f 2887//3579 2853//3579 2788//3579 
f 2778//3580 2786//3580 2773//3580 
f 2923//3581 3229//3581 3217//3581 
f 731//3582 3320//3582 3296//3582 
f 731//3583 2898//3583 3320//3583 
f 3209//3584 2898//3584 3299//3584 
f 615//3585 609//3585 2898//3585 
f 609//3586 301//3586 2898//3586 
f 3299//3587 2898//3587 301//3587 
f 3209//3588 3299//3588 301//3588 
f 61//3589 2898//3589 3209//3589 
f 61//3590 3320//3590 2898//3590 
f 589//3591 1502//3591 1503//3591 
f 3314//3592 2886//3592 3265//3592 
f 3325//3593 2957//3593 3260//3593 
f 2886//3594 633//3594 391//3594 
f 3326//3595 3298//3595 3325//3595 
f 3298//3596 3326//3596 3327//3596 
f 3344//3597 3327//3597 5//3597 
f 743//3598 741//3598 744//3598 
f 3327//3599 3344//3599 3283//3599 
f 3327//3600 3283//3600 3298//3600 
f 3344//3601 3298//3601 3283//3601 
f 3298//3602 3382//3602 3318//3602 
f 3284//3603 2853//3603 589//3603 
f 2853//3604 2887//3604 589//3604 
f 2961//3605 740//3605 528//3605 
f 3271//3606 718//3606 3258//3606 
f 740//3607 2961//3607 2972//3607 
f 3312//3608 3281//3608 660//3608 
f 660//3609 3281//3609 2968//3609 
f 740//3610 2972//3610 3266//3610 
f 2886//3611 392//3611 528//3611 
f 718//3612 3270//3612 3330//3612 
f 3327//3613 3326//3613 3250//3613 
f 3327//3614 3273//3614 5//3614 
f 2886//3615 3267//3615 3343//3615 
f 3336//3616 1928//3616 3273//3616 
f 737//3617 632//3617 3333//3617 
f 3267//3618 3331//3618 740//3618 
f 3276//3619 718//3619 3334//3619 
f 718//3620 3335//3620 3334//3620 
f 3330//3621 3335//3621 718//3621 
f 3338//3622 3333//3622 632//3622 
f 3273//3623 3327//3623 3250//3623 
f 737//3624 3268//3624 632//3624 
f 1928//3625 3336//3625 3101//3625 
f 3258//3626 3269//3626 3328//3626 
f 3271//3627 3258//3627 3100//3627 
f 1977//3628 68//3628 3258//3628 
f 3100//3629 3258//3629 2969//3629 
f 740//3630 3266//3630 3267//3630 
f 2089//3631 1952//3631 2092//3631 
f 3341//3632 3099//3632 2090//3632 
f 2090//3633 3102//3633 3341//3633 
f 3271//3634 3100//3634 739//3634 
f 3273//3635 3332//3635 3336//3635 
f 2969//3636 2091//3636 3340//3636 
f 1977//3637 3258//3637 660//3637 
f 3250//3638 3329//3638 3273//3638 
f 3329//3639 3250//3639 3326//3639 
f 3331//3640 2886//3640 528//3640 
f 3265//3641 2886//3641 3343//3641 
f 3273//3642 3329//3642 3332//3642 
f 3331//3643 3267//3643 2886//3643 
f 3331//3644 528//3644 740//3644 
f 391//3645 2959//3645 392//3645 
f 3100//3646 2969//3646 739//3646 
f 3340//3647 739//3647 2969//3647 
f 760//3648 3247//3648 259//3648 
f 3337//3649 3338//3649 632//3649 
f 396//3650 3348//3650 1929//3650 
f 1988//3651 396//3651 1931//3651 
f 3351//3652 736//3652 746//3652 
f 3348//3653 396//3653 1988//3653 
f 746//3654 1955//3654 1982//3654 
f 1955//3655 746//3655 745//3655 
f 3349//3656 1981//3656 2994//3656 
f 1983//3657 3351//3657 746//3657 
f 3355//3658 3344//3658 3363//3658 
f 3365//3659 3356//3659 1989//3659 
f 746//3660 32//3660 745//3660 
f 3344//3661 3355//3661 2997//3661 
f 3365//3662 3371//3662 3357//3662 
f 3356//3663 3365//3663 3357//3663 
f 741//3664 1989//3664 3358//3664 
f 1931//3665 396//3665 1932//3665 
f 2089//3666 641//3666 3339//3666 
f 3339//3667 3102//3667 2089//3667 
f 739//3668 3340//3668 3271//3668 
f 2092//3669 1978//3669 738//3669 
f 2092//3670 641//3670 2089//3670 
f 3339//3671 602//3671 3362//3671 
f 741//3672 3362//3672 3275//3672 
f 744//3673 741//3673 3275//3673 
f 641//3674 602//3674 3339//3674 
f 3339//3675 3362//3675 3364//3675 
f 632//3676 3268//3676 3337//3676 
f 3342//3677 738//3677 742//3677 
f 2092//3678 738//3678 641//3678 
f 738//3679 3362//3679 602//3679 
f 742//3680 3359//3680 3342//3680 
f 3342//3681 3362//3681 738//3681 
f 3359//3682 742//3682 1953//3682 
f 602//3683 641//3683 738//3683 
f 5//3684 3273//3684 3101//3684 
f 3363//3685 5//3685 3101//3685 
f 3273//3686 1928//3686 3101//3686 
f 3362//3687 3342//3687 3359//3687 
f 3275//3688 3362//3688 3359//3688 
f 3364//3689 3362//3689 3358//3689 
f 741//3690 3358//3690 3362//3690 
f 96//3691 1490//3691 37//3691 
f 1993//3692 3367//3692 1950//3692 
f 742//3693 738//3693 3368//3693 
f 1953//3694 742//3694 3368//3694 
f 3359//3695 3361//3695 744//3695 
f 3359//3696 744//3696 3275//3696 
f 3369//3697 1984//3697 1738//3697 
f 3360//3698 1738//3698 1984//3698 
f 1934//3699 1987//3699 1993//3699 
f 744//3700 3361//3700 1930//3700 
f 1738//3701 3370//3701 3369//3701 
f 1980//3702 1993//3702 1950//3702 
f 1948//3703 3368//3703 738//3703 
f 377//3704 1948//3704 738//3704 
f 3370//3705 1738//3705 3360//3705 
f 3366//3706 1984//3706 1471//3706 
f 1993//3707 1987//3707 3367//3707 
f 3365//3708 741//3708 743//3708 
f 743//3709 744//3709 1930//3709 
f 1986//3710 1984//3710 3366//3710 
f 1986//3711 3366//3711 1471//3711 
f 3365//3712 2996//3712 3371//3712 
f 3371//3713 2996//3713 3354//3713 
f 3346//3714 3353//3714 1471//3714 
f 1981//3715 3349//3715 1471//3715 
f 1471//3716 3349//3716 3346//3716 
f 3346//3717 3349//3717 3350//3717 
f 3349//3718 2994//3718 3350//3718 
f 3354//3719 2996//3719 3365//3719 
f 3365//3720 743//3720 1930//3720 
f 1930//3721 3354//3721 3365//3721 
f 3353//3722 1986//3722 1471//3722 
f 1490//3723 96//3723 3391//3723 
f 1497//3724 265//3724 759//3724 
f 3374//3725 37//3725 1565//3725 
f 96//3726 37//3726 1488//3726 
f 745//3727 32//3727 3391//3727 
f 3378//3728 3375//3728 745//3728 
f 3355//3729 3379//3729 2997//3729 
f 259//3730 3380//3730 760//3730 
f 3380//3731 259//3731 3247//3731 
f 745//3732 1701//3732 3378//3732 
f 3381//3733 3376//3733 2997//3733 
f 1982//3734 745//3734 749//3734 
f 2997//3735 3379//3735 3381//3735 
f 745//3736 3375//3736 749//3736 
f 2997//3737 3376//3737 3372//3737 
f 757//3738 3347//3738 3352//3738 
f 2997//3739 3396//3739 1990//3739 
f 37//3740 3374//3740 1488//3740 
f 409//3741 708//3741 3238//3741 
f 3289//3742 3238//3742 3285//3742 
f 3287//3743 2889//3743 3306//3743 
f 1514//3744 16//3744 1507//3744 
f 1507//3745 16//3745 753//3745 
f 292//3746 1461//3746 1455//3746 
f 3277//3747 278//3747 1500//3747 
f 3277//3748 265//3748 278//3748 
f 3231//3749 97//3749 3383//3749 
f 3218//3750 709//3750 3290//3750 
f 1498//3751 1567//3751 1458//3751 
f 734//3752 3386//3752 1509//3752 
f 225//3753 1461//3753 292//3753 
f 1461//3754 1570//3754 1455//3754 
f 3223//3755 1528//3755 260//3755 
f 753//3756 3389//3756 3228//3756 
f 1527//3757 225//3757 1528//3757 
f 1507//3758 753//3758 1569//3758 
f 3233//3759 3390//3759 1458//3759 
f 734//3760 1509//3760 753//3760 
f 1458//3761 1506//3761 3233//3761 
f 1527//3762 1570//3762 225//3762 
f 3386//3763 1489//3763 1509//3763 
f 3411//3764 3221//3764 1509//3764 
f 761//3765 3496//3765 1532//3765 
f 3385//3766 753//3766 3400//3766 
f 756//3767 1489//3767 3222//3767 
f 1498//3768 1458//3768 3390//3768 
f 3403//3769 755//3769 284//3769 
f 3389//3770 753//3770 3232//3770 
f 711//3771 3285//3771 3238//3771 
f 3372//3772 3345//3772 2997//3772 
f 3242//3773 265//3773 3277//3773 
f 285//3774 284//3774 755//3774 
f 1500//3775 3242//3775 3277//3775 
f 1701//3776 745//3776 3352//3776 
f 3396//3777 2997//3777 3345//3777 
f 3392//3778 3394//3778 3393//3778 
f 3252//3779 3319//3779 3395//3779 
f 3396//3780 3382//3780 3298//3780 
f 3344//3781 3396//3781 3298//3781 
f 3345//3782 93//3782 3396//3782 
f 3382//3783 3396//3783 93//3783 
f 3252//3784 3395//3784 3262//3784 
f 1990//3785 3396//3785 3344//3785 
f 2997//3786 1990//3786 3344//3786 
f 3377//3787 96//3787 1488//3787 
f 3399//3788 759//3788 265//3788 
f 3399//3789 265//3789 3242//3789 
f 750//3790 3398//3790 3373//3790 
f 3391//3791 96//3791 3377//3791 
f 285//3792 755//3792 3388//3792 
f 284//3793 285//3793 3388//3793 
f 3403//3794 284//3794 3231//3794 
f 284//3795 3208//3795 2892//3795 
f 3239//3796 3240//3796 3232//3796 
f 3240//3797 3389//3797 3232//3797 
f 284//3798 3388//3798 3208//3798 
f 3245//3799 3400//3799 3407//3799 
f 3307//3800 3285//3800 711//3800 
f 3238//3801 3317//3801 3243//3801 
f 3404//3802 711//3802 3246//3802 
f 3307//3803 711//3803 3404//3803 
f 1508//3804 1566//3804 1678//3804 
f 284//3805 2892//3805 97//3805 
f 97//3806 3231//3806 284//3806 
f 97//3807 3406//3807 3383//3807 
f 3400//3808 1509//3808 3221//3808 
f 3385//3809 3400//3809 3232//3809 
f 3239//3810 3232//3810 3402//3810 
f 724//3811 3245//3811 3402//3811 
f 3409//3812 3225//3812 3412//3812 
f 1509//3813 1489//3813 756//3813 
f 3224//3814 3230//3814 3221//3814 
f 3245//3815 724//3815 3232//3815 
f 3400//3816 3221//3816 3407//3816 
f 3221//3817 3245//3817 3407//3817 
f 3400//3818 3245//3818 3232//3818 
f 1528//3819 3223//3819 1527//3819 
f 3385//3820 3232//3820 753//3820 
f 753//3821 1509//3821 3400//3821 
f 3223//3822 260//3822 3503//3822 
f 3225//3823 3221//3823 3411//3823 
f 3411//3824 1509//3824 756//3824 
f 756//3825 3225//3825 3411//3825 
f 754//3826 756//3826 3222//3826 
f 3218//3827 3412//3827 3220//3827 
f 3230//3828 3245//3828 3221//3828 
f 3410//3829 3221//3829 3225//3829 
f 3409//3830 3410//3830 3225//3830 
f 3413//3831 3214//3831 3213//3831 
f 3213//3832 3417//3832 3413//3832 
f 3225//3833 756//3833 754//3833 
f 754//3834 3384//3834 3220//3834 
f 3384//3835 754//3835 3222//3835 
f 3384//3836 3218//3836 3220//3836 
f 3216//3837 2789//3837 3213//3837 
f 3290//3838 3412//3838 3218//3838 
f 3224//3839 3221//3839 3410//3839 
f 3220//3840 3412//3840 3225//3840 
f 3414//3841 3226//3841 3214//3841 
f 3226//3842 717//3842 3216//3842 
f 3384//3843 3292//3843 709//3843 
f 3414//3844 1307//3844 3226//3844 
f 3219//3845 709//3845 3291//3845 
f 3291//3846 709//3846 3292//3846 
f 3218//3847 3384//3847 709//3847 
f 717//3848 2789//3848 3216//3848 
f 3213//3849 2789//3849 3415//3849 
f 751//3850 3415//3850 3236//3850 
f 3213//3851 3236//3851 3417//3851 
f 3229//3852 3416//3852 3236//3852 
f 3226//3853 3216//3853 3213//3853 
f 3213//3854 3415//3854 751//3854 
f 3236//3855 3213//3855 751//3855 
f 3232//3856 724//3856 3402//3856 
f 3236//3857 3217//3857 3234//3857 
f 3217//3858 3236//3858 3415//3858 
f 3415//3859 2923//3859 3217//3859 
f 3217//3860 3229//3860 3234//3860 
f 3234//3861 3229//3861 3236//3861 
f 3303//3862 3416//3862 3229//3862 
f 3304//3863 3303//3863 52//3863 
f 2892//3864 3408//3864 3406//3864 
f 97//3865 2892//3865 3406//3865 
f 3416//3866 3303//3866 3304//3866 
f 3408//3867 2892//3867 3208//3867 
f 3417//3868 3236//3868 3418//3868 
f 3402//3869 3245//3869 3230//3869 
f 3236//3870 3416//3870 3418//3870 
f 3239//3871 3402//3871 3405//3871 
f 3405//3872 3240//3872 3239//3872 
f 3401//3873 3403//3873 713//3873 
f 3419//3874 1488//3874 3374//3874 
f 3398//3875 750//3875 3397//3875 
f 3347//3876 757//3876 3249//3876 
f 3257//3877 3256//3877 3345//3877 
f 752//3878 750//3878 3373//3878 
f 750//3879 752//3879 3248//3879 
f 3377//3880 1488//3880 3419//3880 
f 713//3881 3403//3881 3231//3881 
f 3401//3882 713//3882 3383//3882 
f 3248//3883 3244//3883 712//3883 
f 758//3884 309//3884 750//3884 
f 750//3885 3248//3885 712//3885 
f 3246//3886 711//3886 712//3886 
f 713//3887 3231//3887 3383//3887 
f 3397//3888 708//3888 409//3888 
f 3420//3889 3422//3889 3421//3889 
f 3422//3890 3420//3890 3421//3890 
f 3397//3891 309//3891 708//3891 
f 309//3892 3397//3892 750//3892 
f 758//3893 3238//3893 309//3893 
f 750//3894 712//3894 758//3894 
f 711//3895 3423//3895 712//3895 
f 711//3896 3238//3896 3423//3896 
f 3238//3897 758//3897 3423//3897 
f 3238//3898 3243//3898 409//3898 
f 3243//3899 3272//3899 93//3899 
f 708//3900 309//3900 3238//3900 
f 758//3901 712//3901 3423//3901 
f 409//3902 93//3902 3397//3902 
f 409//3903 3243//3903 93//3903 
f 3253//3904 3254//3904 3255//3904 
f 3424//3905 3255//3905 3253//3905 
f 3345//3906 3397//3906 93//3906 
f 93//3907 3272//3907 3382//3907 
f 3256//3908 3397//3908 3345//3908 
f 3425//3909 3427//3909 3426//3909 
f 3257//3910 3398//3910 3397//3910 
f 757//3911 3352//3911 3249//3911 
f 3257//3912 3397//3912 3256//3912 
f 3437//3913 805//3913 3601//3913 
f 3537//3914 766//3914 3429//3914 
f 3713//3915 3589//3915 101//3915 
f 578//3916 3436//3916 3429//3916 
f 790//3917 767//3917 3551//3917 
f 799//3918 89//3918 762//3918 
f 2461//3919 2651//3919 3453//3919 
f 579//3920 790//3920 578//3920 
f 3462//3921 799//3921 762//3921 
f 3462//3922 762//3922 796//3922 
f 3462//3923 796//3923 3441//3923 
f 790//3924 3551//3924 3459//3924 
f 578//3925 790//3925 3459//3925 
f 762//3926 3447//3926 796//3926 
f 796//3927 3447//3927 3435//3927 
f 781//3928 3445//3928 3438//3928 
f 310//3929 3514//3929 775//3929 
f 3505//3930 273//3930 2647//3930 
f 3505//3931 78//3931 795//3931 
f 2647//3932 3447//3932 762//3932 
f 3467//3933 542//3933 3468//3933 
f 2647//3934 762//3934 78//3934 
f 542//3935 78//3935 3470//3935 
f 78//3936 799//3936 3470//3936 
f 799//3937 78//3937 89//3937 
f 3449//3938 3452//3938 3448//3938 
f 762//3939 89//3939 78//3939 
f 3453//3940 3446//3940 3452//3940 
f 3472//3941 1554//3941 1552//3941 
f 3453//3942 3452//3942 3444//3942 
f 3444//3943 3452//3943 3449//3943 
f 3449//3944 3453//3944 3444//3944 
f 3557//3945 3457//3945 3453//3945 
f 3453//3946 3449//3946 3557//3946 
f 3203//3947 3451//3947 3490//3947 
f 3451//3948 772//3948 3489//3948 
f 3474//3949 542//3949 3475//3949 
f 3446//3950 3453//3950 2651//3950 
f 3476//3951 272//3951 271//3951 
f 3475//3952 542//3952 3470//3952 
f 3453//3953 3442//3953 2461//3953 
f 3442//3954 3453//3954 792//3954 
f 3479//3955 3481//3955 3480//3955 
f 3482//3956 3479//3956 3480//3956 
f 3491//3957 316//3957 3302//3957 
f 3203//3958 792//3958 3453//3958 
f 3203//3959 3453//3959 772//3959 
f 3203//3960 3490//3960 3206//3960 
f 3486//3961 3488//3961 3487//3961 
f 3485//3962 87//3962 3219//3962 
f 3387//3963 3442//3963 3203//3963 
f 3203//3964 3493//3964 3492//3964 
f 3492//3965 3387//3965 3203//3965 
f 3442//3966 792//3966 3203//3966 
f 3203//3967 3206//3967 3493//3967 
f 2461//3968 3387//3968 3478//3968 
f 3495//3969 3292//3969 3222//3969 
f 2461//3970 3442//3970 3387//3970 
f 3477//3971 3491//3971 3302//3971 
f 272//3972 3495//3972 271//3972 
f 2461//3973 3478//3973 2462//3973 
f 3387//3974 3492//3974 3478//3974 
f 3222//3975 1489//3975 3498//3975 
f 1530//3976 1532//3976 3496//3976 
f 333//3977 3500//3977 1528//3977 
f 3499//3978 1530//3978 3496//3978 
f 3494//3979 3222//3979 3498//3979 
f 316//3980 3496//3980 568//3980 
f 286//3981 1539//3981 3463//3981 
f 1528//3982 3501//3982 260//3982 
f 272//3983 3476//3983 3495//3983 
f 3500//3984 3501//3984 1528//3984 
f 542//3985 3467//3985 3502//3985 
f 3497//3986 3499//3986 3496//3986 
f 3222//3987 3494//3987 3495//3987 
f 3384//3988 3222//3988 3292//3988 
f 772//3989 3451//3989 3203//3989 
f 3501//3990 3503//3990 260//3990 
f 3505//3991 542//3991 3502//3991 
f 3488//3992 3504//3992 3487//3992 
f 3301//3993 794//3993 3510//3993 
f 3491//3994 3497//3994 316//3994 
f 3497//3995 3496//3995 316//3995 
f 316//3996 3440//3996 3302//3996 
f 3302//3997 3440//3997 3477//3997 
f 3506//3998 3507//3998 3466//3998 
f 3484//3999 3508//3999 3483//3999 
f 316//4000 568//4000 3511//4000 
f 542//4001 3505//4001 795//4001 
f 3468//4002 542//4002 3474//4002 
f 2462//4003 2651//4003 2461//4003 
f 795//4004 78//4004 542//4004 
f 568//4005 761//4005 1531//4005 
f 769//4006 1526//4006 3512//4006 
f 3440//4007 316//4007 3511//4007 
f 3512//4008 1526//4008 3513//4008 
f 3513//4009 768//4009 769//4009 
f 1531//4010 3440//4010 568//4010 
f 568//4011 3440//4011 3511//4011 
f 3465//4012 1531//4012 761//4012 
f 568//4013 3496//4013 761//4013 
f 402//4014 775//4014 3465//4014 
f 3465//4015 775//4015 3514//4015 
f 777//4016 266//4016 310//4016 
f 3440//4017 1531//4017 12//4017 
f 402//4018 3465//4018 761//4018 
f 774//4019 783//4019 3525//4019 
f 775//4020 777//4020 310//4020 
f 3516//4021 1560//4021 1561//4021 
f 3514//4022 310//4022 3515//4022 
f 777//4023 1722//4023 266//4023 
f 3429//4024 781//4024 3438//4024 
f 266//4025 1722//4025 783//4025 
f 1560//4026 1558//4026 782//4026 
f 774//4027 3515//4027 310//4027 
f 3514//4028 3515//4028 774//4028 
f 783//4029 310//4029 266//4029 
f 3518//4030 1560//4030 782//4030 
f 3521//4031 1560//4031 3518//4031 
f 3522//4032 3524//4032 3523//4032 
f 3464//4033 3526//4033 764//4033 
f 3514//4034 12//4034 3465//4034 
f 3527//4035 3529//4035 3528//4035 
f 12//4036 1531//4036 3465//4036 
f 774//4037 310//4037 783//4037 
f 3530//4038 3527//4038 3528//4038 
f 3520//4039 783//4039 1722//4039 
f 3461//4040 3531//4040 277//4040 
f 3532//4041 3464//4041 764//4041 
f 2647//4042 78//4042 3505//4042 
f 774//4043 3525//4043 12//4043 
f 3462//4044 3441//4044 3540//4044 
f 3458//4045 3540//4045 3441//4045 
f 796//4046 3534//4046 3441//4046 
f 3435//4047 3534//4047 796//4047 
f 3534//4048 3458//4048 3441//4048 
f 3429//4049 3438//4049 3537//4049 
f 3445//4050 781//4050 3436//4050 
f 3439//4051 3532//4051 764//4051 
f 3525//4052 783//4052 3520//4052 
f 3447//4053 3535//4053 3435//4053 
f 273//4054 3456//4054 2647//4054 
f 3456//4055 3535//4055 2647//4055 
f 3429//4056 579//4056 578//4056 
f 781//4057 3429//4057 3436//4057 
f 3459//4058 3436//4058 578//4058 
f 3437//4059 3536//4059 805//4059 
f 2647//4060 3535//4060 3447//4060 
f 3536//4061 764//4061 805//4061 
f 764//4062 3536//4062 3439//4062 
f 805//4063 764//4063 3432//4063 
f 273//4064 3538//4064 3456//4064 
f 3505//4065 2745//4065 3539//4065 
f 3538//4066 273//4066 3469//4066 
f 774//4067 12//4067 3514//4067 
f 12//4068 3525//4068 3533//4068 
f 3505//4069 3469//4069 273//4069 
f 3533//4070 3440//4070 12//4070 
f 3531//4071 3454//4071 277//4071 
f 3454//4072 3461//4072 277//4072 
f 702//4073 793//4073 3509//4073 
f 2931//4074 789//4074 3556//4074 
f 3550//4075 702//4075 3448//4075 
f 791//4076 2931//4076 3556//4076 
f 702//4077 785//4077 793//4077 
f 3546//4078 702//4078 3542//4078 
f 3547//4079 702//4079 3546//4079 
f 793//4080 785//4080 3547//4080 
f 3547//4081 785//4081 702//4081 
f 3433//4082 2931//4082 791//4082 
f 791//4083 3704//4083 3433//4083 
f 3704//4084 103//4084 3433//4084 
f 2932//4085 3543//4085 786//4085 
f 3543//4086 2932//4086 3549//4086 
f 3704//4087 791//4087 3759//4087 
f 790//4088 3544//4088 3545//4088 
f 3545//4089 767//4089 790//4089 
f 702//4090 767//4090 3545//4090 
f 3542//4091 702//4091 3545//4091 
f 3544//4092 790//4092 3434//4092 
f 702//4093 3550//4093 3548//4093 
f 767//4094 702//4094 3548//4094 
f 3548//4095 3551//4095 767//4095 
f 786//4096 3433//4096 103//4096 
f 786//4097 103//4097 2932//4097 
f 2930//4098 2932//4098 103//4098 
f 3543//4099 3433//4099 786//4099 
f 2931//4100 3549//4100 2929//4100 
f 2931//4101 3543//4101 3549//4101 
f 3433//4102 3543//4102 2931//4102 
f 2932//4103 2929//4103 3549//4103 
f 3558//4104 794//4104 3455//4104 
f 95//4105 3510//4105 572//4105 
f 2931//4106 3460//4106 789//4106 
f 572//4107 3510//4107 2926//4107 
f 3460//4108 2939//4108 789//4108 
f 2939//4109 3554//4109 789//4109 
f 3460//4110 2931//4110 2939//4110 
f 2929//4111 2939//4111 2931//4111 
f 789//4112 3554//4112 3555//4112 
f 3555//4113 3556//4113 789//4113 
f 3555//4114 2926//4114 3559//4114 
f 3554//4115 2926//4115 3555//4115 
f 2939//4116 2926//4116 3554//4116 
f 3559//4117 2926//4117 794//4117 
f 3541//4118 3560//4118 3471//4118 
f 2926//4119 3510//4119 794//4119 
f 3510//4120 95//4120 3301//4120 
f 3489//4121 3295//4121 714//4121 
f 3324//4122 3211//4122 3489//4122 
f 3293//4123 3300//4123 773//4123 
f 3489//4124 3211//4124 3295//4124 
f 3293//4125 95//4125 2924//4125 
f 3323//4126 3489//4126 3562//4126 
f 3323//4127 3324//4127 3489//4127 
f 3564//4128 95//4128 3293//4128 
f 3564//4129 3563//4129 95//4129 
f 95//4130 571//4130 2924//4130 
f 3565//4131 3473//4131 3301//4131 
f 3301//4132 3563//4132 3565//4132 
f 3453//4133 3443//4133 772//4133 
f 772//4134 3443//4134 3561//4134 
f 3490//4135 3451//4135 3489//4135 
f 3490//4136 3489//4136 714//4136 
f 3561//4137 3489//4137 772//4137 
f 794//4138 3301//4138 3455//4138 
f 3562//4139 3489//4139 3561//4139 
f 3450//4140 3301//4140 3473//4140 
f 3563//4141 3301//4141 95//4141 
f 3455//4142 3301//4142 3450//4142 
f 3443//4143 3453//4143 3457//4143 
f 3561//4144 3443//4144 3457//4144 
f 3455//4145 3450//4145 3558//4145 
f 3567//4146 702//4146 3509//4146 
f 3471//4147 3566//4147 3541//4147 
f 3567//4148 3557//4148 3449//4148 
f 3449//4149 3448//4149 702//4149 
f 3560//4150 3566//4150 3471//4150 
f 3567//4151 3449//4151 702//4151 
f 778//4152 3569//4152 3568//4152 
f 3571//4153 3572//4153 3573//4153 
f 3572//4154 3571//4154 3573//4154 
f 780//4155 778//4155 3568//4155 
f 807//4156 3570//4156 987//4156 
f 3568//4157 3569//4157 780//4157 
f 780//4158 3569//4158 779//4158 
f 3594//4159 3431//4159 3593//4159 
f 3590//4160 3598//4160 3575//4160 
f 843//4161 787//4161 3596//4161 
f 787//4162 3593//4162 3596//4162 
f 848//4163 3431//4163 788//4163 
f 790//4164 579//4164 848//4164 
f 579//4165 3428//4165 848//4165 
f 3428//4166 3429//4166 3430//4166 
f 579//4167 3429//4167 3428//4167 
f 3429//4168 766//4168 3430//4168 
f 3434//4169 790//4169 788//4169 
f 790//4170 848//4170 788//4170 
f 3432//4171 764//4171 98//4171 
f 3570//4172 3598//4172 987//4172 
f 3575//4173 987//4173 3590//4173 
f 3593//4174 3431//4174 3596//4174 
f 987//4175 3575//4175 807//4175 
f 3518//4176 1558//4176 3519//4176 
f 3598//4177 3590//4177 987//4177 
f 3589//4178 3713//4178 3600//4178 
f 1558//4179 3518//4179 782//4179 
f 764//4180 3526//4180 98//4180 
f 805//4181 3432//4181 98//4181 
f 3589//4182 3600//4182 3599//4182 
f 3587//4183 3430//4183 766//4183 
f 3585//4184 805//4184 3586//4184 
f 805//4185 3591//4185 3586//4185 
f 3601//4186 3585//4186 3586//4186 
f 1115//4187 1731//4187 3517//4187 
f 3587//4188 3428//4188 3430//4188 
f 3587//4189 766//4189 3537//4189 
f 3591//4190 805//4190 3603//4190 
f 3601//4191 805//4191 3585//4191 
f 809//4192 3589//4192 827//4192 
f 827//4193 3589//4193 3599//4193 
f 3517//4194 1558//4194 1115//4194 
f 1731//4195 3519//4195 3517//4195 
f 100//4196 1732//4196 99//4196 
f 3605//4197 3607//4197 3606//4197 
f 827//4198 3599//4198 3609//4198 
f 3518//4199 3519//4199 1731//4199 
f 98//4200 3603//4200 805//4200 
f 1558//4201 3517//4201 3519//4201 
f 3603//4202 98//4202 3526//4202 
f 3611//4203 57//4203 827//4203 
f 809//4204 3608//4204 3589//4204 
f 810//4205 3602//4205 3614//4205 
f 3584//4206 3615//4206 100//4206 
f 3616//4207 3596//4207 3431//4207 
f 3618//4208 821//4208 1733//4208 
f 3609//4209 3611//4209 827//4209 
f 1732//4210 100//4210 3615//4210 
f 1731//4211 3620//4211 3621//4211 
f 810//4212 3614//4212 3584//4212 
f 3624//4213 3626//4213 3625//4213 
f 1149//4214 829//4214 3619//4214 
f 57//4215 809//4215 827//4215 
f 3602//4216 810//4216 823//4216 
f 7//4217 1117//4217 1160//4217 
f 3633//4218 3610//4218 3613//4218 
f 3638//4219 3635//4219 3610//4219 
f 3637//4220 3634//4220 3635//4220 
f 3634//4221 3610//4221 3635//4221 
f 3636//4222 3676//4222 3677//4222 
f 3636//4223 3630//4223 3676//4223 
f 3633//4224 3638//4224 3610//4224 
f 3610//4225 3634//4225 822//4225 
f 7//4226 1160//4226 1159//4226 
f 3637//4227 822//4227 3634//4227 
f 3646//4228 3648//4228 3647//4228 
f 3669//4229 765//4229 834//4229 
f 3650//4230 3652//4230 3651//4230 
f 193//4231 1158//4231 3639//4231 
f 193//4232 1124//4232 1158//4232 
f 822//4233 3613//4233 3610//4233 
f 834//4234 3632//4234 3628//4234 
f 3654//4235 822//4235 3637//4235 
f 3655//4236 3640//4236 3663//4236 
f 1733//4237 99//4237 1147//4237 
f 3639//4238 3642//4238 1089//4238 
f 3632//4239 834//4239 3612//4239 
f 765//4240 3669//4240 3629//4240 
f 834//4241 3640//4241 3612//4241 
f 3658//4242 808//4242 812//4242 
f 808//4243 3656//4243 812//4243 
f 3612//4244 3640//4244 3655//4244 
f 822//4245 3654//4245 3660//4245 
f 3660//4246 3613//4246 822//4246 
f 834//4247 765//4247 3640//4247 
f 3662//4248 3656//4248 808//4248 
f 3662//4249 808//4249 3658//4249 
f 3663//4250 3640//4250 3639//4250 
f 3640//4251 765//4251 3639//4251 
f 3642//4252 765//4252 3664//4252 
f 3642//4253 3639//4253 765//4253 
f 3663//4254 3639//4254 3666//4254 
f 193//4255 3639//4255 1089//4255 
f 1089//4256 3665//4256 814//4256 
f 1168//4257 3659//4257 3667//4257 
f 312//4258 1107//4258 3644//4258 
f 3657//4259 1118//4259 1159//4259 
f 1118//4260 7//4260 1159//4260 
f 1168//4261 1101//4261 3657//4261 
f 1168//4262 3657//4262 3668//4262 
f 1101//4263 1168//4263 3667//4263 
f 1159//4264 1160//4264 3657//4264 
f 3649//4265 312//4265 3644//4265 
f 1168//4266 3668//4266 3659//4266 
f 1124//4267 3643//4267 1158//4267 
f 3639//4268 3643//4268 3666//4268 
f 1158//4269 3643//4269 3639//4269 
f 312//4270 3649//4270 3645//4270 
f 823//4271 826//4271 3583//4271 
f 830//4272 829//4272 3653//4272 
f 3431//4273 3587//4273 3616//4273 
f 3670//4274 3664//4274 765//4274 
f 99//4275 1733//4275 821//4275 
f 1149//4276 99//4276 821//4276 
f 3618//4277 3641//4277 3617//4277 
f 830//4278 3617//4278 829//4278 
f 3617//4279 3653//4279 3618//4279 
f 3617//4280 830//4280 3653//4280 
f 3642//4281 3664//4281 1089//4281 
f 1089//4282 3664//4282 3665//4282 
f 3629//4283 3669//4283 3670//4283 
f 829//4284 3617//4284 803//4284 
f 3670//4285 765//4285 3629//4285 
f 3661//4286 3597//4286 3583//4286 
f 3671//4287 3617//4287 3641//4287 
f 3679//4288 832//4288 826//4288 
f 834//4289 3628//4289 3669//4289 
f 832//4290 3604//4290 826//4290 
f 829//4291 803//4291 823//4291 
f 3672//4292 3669//4292 3628//4292 
f 3617//4293 3671//4293 832//4293 
f 803//4294 3617//4294 832//4294 
f 3671//4295 3604//4295 832//4295 
f 3679//4296 803//4296 832//4296 
f 3576//4297 3681//4297 3680//4297 
f 3715//4298 802//4298 3691//4298 
f 3594//4299 3593//4299 763//4299 
f 800//4300 3688//4300 3692//4300 
f 839//4301 3722//4301 3683//4301 
f 3631//4302 3690//4302 826//4302 
f 828//4303 809//4303 57//4303 
f 3583//4304 3602//4304 823//4304 
f 3431//4305 848//4305 3428//4305 
f 823//4306 3679//4306 826//4306 
f 3583//4307 3686//4307 3661//4307 
f 826//4308 3693//4308 3583//4308 
f 3696//4309 3697//4309 101//4309 
f 3684//4310 800//4310 3692//4310 
f 826//4311 3690//4311 3699//4311 
f 3583//4312 3693//4312 847//4312 
f 3678//4313 3700//4313 800//4313 
f 3698//4314 3678//4314 800//4314 
f 803//4315 3679//4315 823//4315 
f 800//4316 3623//4316 3698//4316 
f 3693//4317 826//4317 3699//4317 
f 3682//4318 3675//4318 3674//4318 
f 3698//4319 3623//4319 3705//4319 
f 847//4320 3693//4320 3686//4320 
f 810//4321 829//4321 823//4321 
f 3431//4322 845//4322 788//4322 
f 3583//4323 3597//4323 3602//4323 
f 101//4324 3697//4324 3588//4324 
f 3569//4325 778//4325 779//4325 
f 3705//4326 3623//4326 3684//4326 
f 847//4327 3686//4327 3583//4327 
f 3696//4328 101//4328 3608//4328 
f 3608//4329 101//4329 3589//4329 
f 3431//4330 3428//4330 3587//4330 
f 809//4331 828//4331 3608//4331 
f 3672//4332 3670//4332 3669//4332 
f 3627//4333 193//4333 814//4333 
f 1149//4334 3653//4334 829//4334 
f 810//4335 1149//4335 3619//4335 
f 3619//4336 829//4336 810//4336 
f 810//4337 3584//4337 100//4337 
f 1149//4338 810//4338 100//4338 
f 821//4339 3618//4339 1149//4339 
f 3618//4340 3653//4340 1149//4340 
f 3706//4341 3708//4341 3707//4341 
f 100//4342 99//4342 1149//4342 
f 3709//4343 3711//4343 3710//4343 
f 787//4344 843//4344 802//4344 
f 843//4345 3577//4345 802//4345 
f 802//4346 3582//4346 3691//4346 
f 3594//4347 845//4347 3431//4347 
f 3713//4348 101//4348 3588//4348 
f 824//4349 3577//4349 843//4349 
f 824//4350 3582//4350 3577//4350 
f 763//4351 3593//4351 787//4351 
f 763//4352 787//4352 802//4352 
f 3720//4353 3675//4353 3682//4353 
f 3677//4354 3676//4354 3622//4354 
f 800//4355 3684//4355 3623//4355 
f 3723//4356 825//4356 3682//4356 
f 3628//4357 3632//4357 3673//4357 
f 3672//4358 3628//4358 3724//4358 
f 3628//4359 3673//4359 3724//4359 
f 3682//4360 826//4360 3604//4360 
f 3682//4361 825//4361 826//4361 
f 3685//4362 800//4362 3725//4362 
f 800//4363 3700//4363 3725//4363 
f 800//4364 3689//4364 3688//4364 
f 3726//4365 3722//4365 839//4365 
f 3701//4366 3726//4366 839//4366 
f 3694//4367 3689//4367 800//4367 
f 835//4368 3727//4368 3719//4368 
f 3577//4369 3582//4369 802//4369 
f 3727//4370 835//4370 3703//4370 
f 3715//4371 763//4371 802//4371 
f 3715//4372 3717//4372 763//4372 
f 3703//4373 833//4373 3727//4373 
f 3728//4374 845//4374 3594//4374 
f 857//4375 763//4375 3717//4375 
f 3728//4376 3594//4376 3714//4376 
f 845//4377 3728//4377 862//4377 
f 3594//4378 763//4378 3714//4378 
f 3714//4379 763//4379 857//4379 
f 3738//4380 3729//4380 3579//4380 
f 863//4381 831//4381 3712//4381 
f 3729//4382 3730//4382 3579//4382 
f 3714//4383 857//4383 3717//4383 
f 3579//4384 3730//4384 3738//4384 
f 3727//4385 833//4385 3592//4385 
f 3738//4386 3592//4386 833//4386 
f 864//4387 863//4387 3578//4387 
f 3735//4388 3683//4388 3732//4388 
f 800//4389 3685//4389 801//4389 
f 3694//4390 800//4390 3695//4390 
f 3681//4391 3576//4391 811//4391 
f 837//4392 3581//4392 3687//4392 
f 839//4393 3683//4393 813//4393 
f 837//4394 3687//4394 3740//4394 
f 863//4395 864//4395 3574//4395 
f 833//4396 3703//4396 835//4396 
f 3740//4397 833//4397 837//4397 
f 3576//4398 3680//4398 811//4398 
f 3740//4399 3738//4399 833//4399 
f 3737//4400 3578//4400 863//4400 
f 3712//4401 3737//4401 863//4401 
f 3746//4402 3743//4402 804//4402 
f 813//4403 3735//4403 840//4403 
f 3739//4404 837//4404 835//4404 
f 3581//4405 3718//4405 3687//4405 
f 3739//4406 3718//4406 3581//4406 
f 3739//4407 3581//4407 837//4407 
f 813//4408 3683//4408 3735//4408 
f 813//4409 840//4409 3733//4409 
f 826//4410 825//4410 3744//4410 
f 3631//4411 826//4411 3744//4411 
f 804//4412 800//4412 801//4412 
f 3676//4413 3630//4413 3721//4413 
f 3745//4414 3622//4414 3676//4414 
f 3744//4415 825//4415 3723//4415 
f 3674//4416 3675//4416 3720//4416 
f 3735//4417 3732//4417 840//4417 
f 3745//4418 3676//4418 3721//4418 
f 801//4419 3685//4419 3734//4419 
f 813//4420 3701//4420 839//4420 
f 3733//4421 3701//4421 813//4421 
f 801//4422 3746//4422 804//4422 
f 3734//4423 3746//4423 801//4423 
f 3695//4424 3743//4424 3694//4424 
f 3739//4425 835//4425 3719//4425 
f 3743//4426 3695//4426 804//4426 
f 837//4427 833//4427 835//4427 
f 3695//4428 800//4428 804//4428 
f 3736//4429 3747//4429 3741//4429 
f 2930//4430 103//4430 3552//4430 
f 845//4431 862//4431 3750//4431 
f 854//4432 3552//4432 846//4432 
f 3552//4433 3772//4433 3761//4433 
f 2940//4434 3553//4434 883//4434 
f 3772//4435 3552//4435 854//4435 
f 846//4436 3552//4436 3580//4436 
f 3704//4437 3580//4437 3552//4437 
f 788//4438 3760//4438 3434//4438 
f 3580//4439 3704//4439 3759//4439 
f 3781//4440 3434//4440 3760//4440 
f 103//4441 3704//4441 3552//4441 
f 3434//4442 3781//4442 3544//4442 
f 3595//4443 3553//4443 2940//4443 
f 2914//4444 3552//4444 3761//4444 
f 2914//4445 2930//4445 3552//4445 
f 866//4446 106//4446 1038//4446 
f 3766//4447 3768//4447 3767//4447 
f 845//4448 3760//4448 788//4448 
f 3760//4449 845//4449 3754//4449 
f 3783//4450 3595//4450 3778//4450 
f 3756//4451 3780//4451 3772//4451 
f 3781//4452 3760//4452 3754//4452 
f 855//4453 3750//4453 858//4453 
f 3580//4454 3759//4454 3782//4454 
f 3783//4455 883//4455 3553//4455 
f 3595//4456 3783//4456 3553//4456 
f 1041//4457 3783//4457 3778//4457 
f 1030//4458 3774//4458 3752//4458 
f 3772//4459 854//4459 3756//4459 
f 3773//4460 3780//4460 3756//4460 
f 854//4461 846//4461 842//4461 
f 3580//4462 842//4462 846//4462 
f 3750//4463 3754//4463 845//4463 
f 3786//4464 3788//4464 3787//4464 
f 3787//4465 3788//4465 3786//4465 
f 859//4466 3784//4466 860//4466 
f 3784//4467 3752//4467 3790//4467 
f 3790//4468 3752//4468 3789//4468 
f 3752//4469 3774//4469 3789//4469 
f 859//4470 3752//4470 3784//4470 
f 3791//4471 3788//4471 3786//4471 
f 3786//4472 3788//4472 3791//4472 
f 854//4473 3773//4473 3756//4473 
f 3779//4474 3785//4474 855//4474 
f 3792//4475 860//4475 3753//4475 
f 3781//4476 3754//4476 3750//4476 
f 3773//4477 854//4477 842//4477 
f 860//4478 3784//4478 3753//4478 
f 3580//4479 3793//4479 842//4479 
f 855//4480 3785//4480 3794//4480 
f 3752//4481 859//4481 1030//4481 
f 3773//4482 842//4482 3806//4482 
f 3777//4483 858//4483 3750//4483 
f 3804//4484 862//4484 784//4484 
f 1035//4485 1044//4485 618//4485 
f 3771//4486 3811//4486 3799//4486 
f 1030//4487 859//4487 3808//4487 
f 3796//4488 3779//4488 858//4488 
f 3797//4489 3762//4489 618//4489 
f 3808//4490 859//4490 3755//4490 
f 3794//4491 3750//4491 855//4491 
f 859//4492 860//4492 3792//4492 
f 3795//4493 862//4493 3803//4493 
f 3750//4494 3804//4494 3777//4494 
f 784//4495 862//4495 3795//4495 
f 3804//4496 142//4496 3796//4496 
f 3804//4497 838//4497 142//4497 
f 3712//4498 831//4498 3742//4498 
f 3750//4499 862//4499 3804//4499 
f 3771//4500 105//4500 3807//4500 
f 3785//4501 3779//4501 3809//4501 
f 3771//4502 3799//4502 3816//4502 
f 3757//4503 3779//4503 3796//4503 
f 3757//4504 3809//4504 3779//4504 
f 3750//4505 3794//4505 3810//4505 
f 3757//4506 3796//4506 142//4506 
f 3779//4507 855//4507 858//4507 
f 3574//4508 3742//4508 863//4508 
f 3807//4509 105//4509 3758//4509 
f 3802//4510 142//4510 838//4510 
f 3802//4511 3763//4511 3812//4511 
f 142//4512 3802//4512 3812//4512 
f 858//4513 3777//4513 3804//4513 
f 3742//4514 831//4514 863//4514 
f 3812//4515 3757//4515 142//4515 
f 3807//4516 3813//4516 3771//4516 
f 3813//4517 3811//4517 3771//4517 
f 859//4518 3792//4518 3755//4518 
f 3755//4519 3792//4519 3798//4519 
f 3762//4520 3797//4520 105//4520 
f 3811//4521 3816//4521 3799//4521 
f 3758//4522 105//4522 1054//4522 
f 3819//4523 3821//4523 3820//4523 
f 3814//4524 3801//4524 3832//4524 
f 618//4525 1044//4525 3797//4525 
f 3822//4526 3815//4526 849//4526 
f 851//4527 3824//4527 853//4527 
f 849//4528 106//4528 3800//4528 
f 3815//4529 1038//4529 849//4529 
f 3806//4530 842//4530 3793//4530 
f 3822//4531 849//4531 3800//4531 
f 3814//4532 1040//4532 105//4532 
f 3832//4533 1040//4533 3814//4533 
f 871//4534 3762//4534 856//4534 
f 856//4535 105//4535 1040//4535 
f 107//4536 861//4536 3795//4536 
f 3801//4537 3765//4537 3832//4537 
f 3762//4538 900//4538 856//4538 
f 3825//4539 3827//4539 3826//4539 
f 849//4540 1038//4540 106//4540 
f 850//4541 3817//4541 3818//4541 
f 105//4542 856//4542 900//4542 
f 105//4543 3823//4543 1054//4543 
f 3755//4544 3702//4544 3808//4544 
f 105//4545 3797//4545 3823//4545 
f 1005//4546 900//4546 3762//4546 
f 105//4547 1005//4547 3762//4547 
f 851//4548 852//4548 3824//4548 
f 900//4549 1005//4549 105//4549 
f 3757//4550 3812//4550 3809//4550 
f 3771//4551 3816//4551 3814//4551 
f 3716//4552 3803//4552 862//4552 
f 861//4553 3805//4553 3804//4553 
f 3810//4554 3781//4554 3750//4554 
f 3580//4555 3782//4555 3793//4555 
f 3702//4556 3755//4556 3798//4556 
f 3771//4557 3814//4557 105//4557 
f 1038//4558 3815//4558 866//4558 
f 3776//4559 3775//4559 838//4559 
f 838//4560 3748//4560 3776//4560 
f 844//4561 838//4561 3731//4561 
f 850//4562 3818//4562 3828//4562 
f 3748//4563 838//4563 844//4563 
f 3731//4564 838//4564 861//4564 
f 3817//4565 850//4565 3828//4565 
f 3802//4566 838//4566 3763//4566 
f 3763//4567 3775//4567 3776//4567 
f 838//4568 3775//4568 3763//4568 
f 3804//4569 3805//4569 838//4569 
f 3805//4570 861//4570 838//4570 
f 861//4571 3749//4571 3731//4571 
f 3830//4572 861//4572 107//4572 
f 861//4573 3830//4573 3749//4573 
f 3796//4574 858//4574 111//4574 
f 858//4575 3804//4575 111//4575 
f 3804//4576 3796//4576 111//4576 
f 784//4577 861//4577 3804//4577 
f 861//4578 784//4578 3795//4578 
f 3574//4579 3829//4579 3742//4579 
f 862//4580 3728//4580 3716//4580 
f 3803//4581 107//4581 3795//4581 
f 107//4582 3803//4582 3830//4582 
f 3574//4583 864//4583 836//4583 
f 3574//4584 836//4584 865//4584 
f 865//4585 3751//4585 3574//4585 
f 3831//4586 3829//4586 3574//4586 
f 3574//4587 3751//4587 3831//4587 
f 865//4588 836//4588 864//4588 
f 3764//4589 3765//4589 3801//4589 
f 869//4590 899//4590 3769//4590 
f 871//4591 856//4591 3833//4591 
f 3833//4592 856//4592 1040//4592 
f 3834//4593 3836//4593 3835//4593 
f 1037//4594 1040//4594 3764//4594 
f 3832//4595 3765//4595 3764//4595 
f 1040//4596 3832//4596 3764//4596 
f 3833//4597 1040//4597 1037//4597 
f 3770//4598 869//4598 3769//4598 
f 3835//4599 3836//4599 3837//4599 
